# File exported by Houdini 20.5.550 (www.sidefx.com)
# 3081 points
# 14998 vertices
# 4530 primitives
# Bounds: [-0.0799999982, -0.125450924, -1.90898568e-08] to [0.023, -5.72869737e-07, 0.0460000001]
g 
v -0.0444301143 -0.0277094115 0.0126525657
v -0.0444299132 -0.0277097635 0.0126527604
v -0.0444299951 -0.0277096145 0.012652602
v -0.044430133 -0.0277093612 0.012652549
v -0.0245807208 -0.0223057196 0.021426687
v -0.0245807208 -0.0223057214 0.0214266907
v -0.0245809332 -0.0223054364 0.0214263275
v -0.0245807264 -0.0223057028 0.0214266758
v -0.0246670861 -0.0498558506 0.0178989433
v -0.0246670879 -0.0498558991 0.0178990643
v -0.0246670842 -0.0498559214 0.0178994816
v -0.0246670861 -0.0498558618 0.0178990997
v -0.0239611827 -0.0281621292 0.013734322
v -0.0239611436 -0.0281620678 0.0137334587
v -0.0239610523 -0.0281612854 0.0137337772
v -0.0239609908 -0.0281609241 0.0137333935
v -0.0244925339 -0.0462813303 0.00463085109
v -0.0244925115 -0.046281375 0.00463081338
v -0.0244925879 -0.0462812297 0.00463093678
v -0.0244924389 -0.0462815128 0.00463069649
v -0.0244702026 -0.0221421737 0.00475321803
v -0.0244701933 -0.0221421625 0.00475322688
v -0.0244701896 -0.0221421551 0.00475321617
v -0.0244702119 -0.0221421849 0.00475320593
v -0.0277872495 -0.0194667093 0.0140332887
v -0.0277872495 -0.0194667093 0.0140332906
v -0.0277873967 -0.0194666944 0.0140347844
v -0.0277872868 -0.0194667056 0.0140335849
v -0.0269150846 -0.0532819927 0.0208372064
v -0.0269153342 -0.0532816388 0.0208377726
v -0.0269152503 -0.0532817543 0.0208375845
v -0.0269152503 -0.0532817617 0.0208375808
v -0.027001759 -0.0529917702 0.00550842937
v -0.0270017218 -0.0529917367 0.00550844241
v -0.0270018782 -0.0529919378 0.0055085225
v -0.0270017385 -0.0529917665 0.00550846756
v -0.0393858589 -0.0519039072 0.00456210691
v -0.0393862948 -0.0519039445 0.00456212321
v -0.0393867083 -0.0519039743 0.00456214836
v -0.0393876992 -0.0519040599 0.00456218794
v -0.0388952456 -0.0519080721 0.0214149002
v -0.038895227 -0.0519082025 0.0214149654
v -0.0388959795 -0.0519081056 0.0214149263
v -0.0388942361 -0.0519081131 0.0214149076
v 0.000661420345 -0.0167249683 0.0301313847
v 0.000661642349 -0.0167251583 0.0301313512
v 0.000661674945 -0.0167249776 0.0301317498
v 0.00185419538 -0.0246629491 0.0280137584
v 0.00185420108 -0.0246629436 0.0280138068
v 0.00185421319 -0.0246629249 0.0280138534
v 0.00185418327 -0.0246629491 0.0280137789
v 0.000695281371 -0.0225562844 0.0368555672
v 0.000695266703 -0.0225562882 0.0368555412
v 0.000695141731 -0.0225563068 0.0368553624
v 0.000695018331 -0.0225563236 0.0368551798
v -0.0793973207 -0.0939566717 0.0399636663
v -0.0770252347 -0.0964380875 0.00227911328
v -0.0781148821 -0.0987637341 0.0408476032
v -0.07620693 -0.0998697802 0.0441599004
v -0.0319552906 -0.000273565238 0.0393280238
v -0.0326496512 -0.00245394581 0.00209336169
v -0.0747083053 -0.101079144 0.00237511564
v -0.0770874023 -0.0182274394 0.0119989384
v -0.0758709759 -0.103018142 0.0413501747
v -0.0634174421 -0.117710404 0.00834249891
v -0.0731546208 -0.102927141 0.0446621552
v -0.00514925597 -0.00242495886 0.013925788
v -0.0243865531 -0.00324564404 0.0443941802
v -0.0267867129 -0.000520025264 0.0402218886
v -0.0380800478 -0.00390906306 0.0016680907
v -0.0629859418 -0.113243259 0.00118264544
v -0.0612101778 -0.117194295 0.00362804974
v -0.0576550923 -0.119550608 0.0081905853
v -0.0191557929 -0.125074267 0.0255919509
v -0.0153019736 -0.125426069 0.0278483666
v -0.0683004186 -0.105591953 0.0446700752
v -0.00173822499 -0.00608836394 0.0160089284
v 0.00159910484 -0.00688548386 0.0344528258
v -0.00550929457 -0.122832604 0.01394678
v -0.00654139416 -0.124520272 0.0397592187
v -0.013509742 -0.120347075 0.00392371416
v -0.0583068058 -0.114186071 0.000752473774
v -0.0185392108 -0.125094697 0.0314646289
v -0.0241166577 -0.123813018 0.0339697935
v -0.00932944939 -0.123684987 0.043482855
v -0.00461757742 -0.122176491 0.0432686955
v -0.00217682403 -0.121510744 0.0393568985
v -0.00219004112 -0.00546065811 0.0431695133
v -0.00222130306 -0.120456636 0.016076291
v -0.000656797434 -0.00987574458 0.0430057198
v 0.00175331859 -0.0115944454 0.0382028222
v 0.00129029807 -0.031789057 0.040180251
v 0.000436342205 -0.0117447954 0.036674127
v 0.000436248956 -0.0117448503 0.0366740674
v 0.000436246919 -0.0117448214 0.0366741009
v 0.000436320493 -0.0117448913 0.0366740189
v -0.00472688116 -0.0626391172 0.0113049196
v -0.0327521861 -0.0533947684 0.0460000001
v -0.0280705951 -0.0625723973 4.83801296e-06
v -0.0327741019 -0.0588542037 0.0460000001
v -0.00245681102 -0.0646165013 0.0138648842
v -0.00585453445 -0.0669738129 0.0457600281
v -0.00265652197 -0.0598142445 0.0135024944
v -0.00044832367 -0.0613020211 0.016879091
v -0.0454412997 -0.057137277 7.46821702e-11
v -0.00247122627 -0.0624162443 0.044577986
v -0.0527697131 -0.0565074421 4.79121187e-09
v 0.00131972705 -0.0634521246 0.0263969116
v -0.0537533201 -0.0640165135 7.77315268e-10
v -0.0572312064 -0.0548939258 7.5010341e-08
v -0.0605239123 -0.045830138 5.12460838e-06
v -0.0770390183 -0.0464622565 0.0444342569
v 0.000564500806 -0.0759429932 0.0412791669
v 0.00105855823 -0.0777696297 0.0377222262
v -0.0799998865 -0.0559151322 0.0290180072
v -0.0425517857 -0.00461474387 0.0454177745
v -0.0240661874 -0.0925003141 0.0459999964
v -0.0550799593 -0.00060244574 0.0234749522
v -0.0601847284 -0.0286493581 0.000836532621
v -0.0563349314 -0.0778680593 0.0459999964
v -0.00774704386 -0.0318930596 0.0082735857
v -0.00762028713 -0.093574591 0.00840696879
v -0.0164359454 -0.0310459118 0.045995459
v -0.0181807466 -0.0260922909 0.0459996425
v -0.0222921129 -0.0258391164 0.0459999889
v -0.0210611634 -0.0316745527 0.000161449832
v -0.0040582628 -0.029187724 0.0121101877
v -0.0528936796 -0.0817241445 0.0460000001
v -0.0284469593 -0.029016152 1.57919999e-06
v -0.0218621064 -0.0922923982 0.000113079848
v -0.0423584394 -0.0859130025 2.91252161e-10
v -0.0368668176 -0.0346407592 -1.70401222e-08
v -0.0235502422 -0.0975959748 5.86356182e-05
v -0.0171412807 -0.0921273306 0.000832918682
v -0.0160433426 -0.0311617311 0.00127060991
v -0.0592847466 -0.0743425339 0.0459999852
v -0.0135216434 -0.0922974497 0.00286626397
v -0.0799999908 -0.0728357509 0.0220376235
v -0.0516940318 -0.0874221697 5.72055875e-11
v 0.000517734268 -0.0368123613 0.020220574
v 0.000350683578 -0.0884172022 0.0207732692
v 0.00202618283 -0.0342190377 0.0302985348
v -0.00254812674 -0.0896805748 0.0451192968
v -0.000856713508 -0.091440089 0.0165805463
v -0.0598064922 -0.0849160179 1.58699862e-08
v -0.0550532565 -0.083381474 2.69434558e-10
v -0.061307773 -0.0897973627 2.57169461e-07
v -0.00496112742 -0.0936097279 0.0456644483
v -0.0504089519 -0.0291517563 4.06819127e-05
v -0.0370170325 -0.122756995 0.0194649436
v -0.0634528697 -0.0818651915 3.26698313e-07
v -0.0326873809 -0.122474201 0.00632208772
v -0.037620645 -0.122108676 0.0251087826
v -0.0418524817 -0.121581562 0.0222660881
v -0.0441320986 -0.0995346755 0.0459970087
v -0.0506787002 -0.0236195941 0.000203698408
v -0.0700154677 -0.0704584271 1.06804109e-05
v 0.000584869413 -0.0969697908 0.0356297083
v -0.078243278 -0.0688077807 0.043947354
v -0.0669270083 -0.073716484 1.45432102e-06
v 0.000397501542 -0.0532465093 0.0419589989
v 3.5231089e-05 -0.0980882645 0.0409325361
v -0.0688574016 -0.111694016 0.0261882078
v -0.0382981598 -0.120850176 0.00392542407
v -0.0799991339 -0.0328785926 0.0271657724
v -0.0320455059 -0.104904711 1.33694141e-06
v -0.0718280524 -0.109215878 0.0228892136
v -0.0798580796 -0.0921954066 0.0215864535
v -0.0772504359 -0.101665802 0.0220420826
v -0.0791390613 -0.0970883593 0.0217215214
v -0.0342236012 -2.97019069e-05 0.0219341479
v -0.0234390963 -5.72869737e-07 0.0201644544
v -0.0799937248 -0.034804184 0.0190914758
v -0.0799764022 -0.0740192905 0.0345910192
v -0.0799528956 -0.0373288915 0.0149136791
v -0.0513211563 -0.115548134 0.0369889401
v -0.0638146773 -0.114323519 0.0262449794
v -0.0782210231 -0.0724195689 0.00170027488
v -0.0740963966 -0.0628762245 0.0248535518
v -0.0779832155 -0.0361097492 0.00641840231
v -0.0612800308 -0.0467441641 0.0459996983
v -0.0143005038 -1.89926068e-05 0.0274545439
v -0.0198677611 -0.109698012 0.045984704
v -0.028006617 -0.074826248 0.0460000001
v -0.0121720079 -0.0490479656 0.0459807031
v 0.00183709885 -0.0488380156 0.0336089581
v -0.07817927 -0.0115719242 0.0260758139
v -0.0285729002 -0.0164049324 2.16698186e-06
v -0.010713784 -0.0168135297 0.00540042715
v -0.0712616816 -0.0401686728 0.00119298277
v -0.0799549446 -0.0207507387 0.0278909262
v -0.00148367463 -0.0475825891 0.0440708138
v -0.00647013681 -0.124742553 0.026170956
v -0.00512842601 -0.000862932997 0.0278635994
v -0.0108147701 -0.108627245 0.00525857834
v -0.0499120839 -0.11975693 0.0209064372
v -0.0670722947 -0.0403966978 0.000383004372
v -0.0666251257 -0.0915643275 0.0459934175
v -0.0285933912 -0.0437841937 0.0460000001
v 0.00210990314 -0.0198013335 0.0300825499
v -0.0108760698 -0.0462574027 0.00520666037
v -0.00690760184 -0.0150483437 0.00912113301
v -0.00773293898 -0.10813053 0.00829386152
v -0.00777062215 -0.0472268537 0.00823768228
v -0.0156729911 -0.0159166418 0.00161192473
v -0.0120243607 -0.0165728442 0.0459832922
v -0.0686023831 -0.0886211321 0.0459844805
v -0.0294032879 -0.0336176604 0.0460000001
v -0.0181253701 -0.0761985853 0.000770788814
v -0.004120884 -0.0134944338 0.0120322136
v -0.00498572225 -0.0458061285 0.0110635404
v -0.00525431708 -0.0797929093 0.0108345533
v -0.0231855046 -0.0748784021 8.35074607e-05
v -0.0184191037 -0.0469066538 0.000640184386
v -0.0489617549 -0.101602592 2.48480944e-07
v -0.0434711315 -0.0745284483 -3.96368771e-10
v -0.0336806811 -0.0157047845 5.09438269e-06
v -0.0258408599 -0.0789742768 2.10054714e-05
v -0.0235294439 -0.0473118648 0.0459999926
v -0.0444630273 -0.111714773 8.40690409e-05
v -0.0463514104 -0.0617744364 0.0460000001
v -0.031719353 -0.0385878384 0.0460000001
v -0.0621591993 -0.0929150581 0.0459999964
v -0.014330755 -0.0451107398 0.00234429701
v -0.0184328705 -0.0166522898 0.0459981672
v -0.0518702194 -0.0608277433 0.0460000001
v -0.0362765715 -0.0872487053 0.0460000001
v -0.0462556407 -0.0679020211 0.0460000001
v -0.00398698077 -0.0179998688 0.0121855214
v -0.00614073174 -0.111882038 0.00990557857
v -0.0135361953 -0.1066925 0.00285662222
v -0.0499548316 -0.00281448476 0.0101441955
v -0.0442524962 -0.00128596812 0.00891458523
v -0.00700912345 -0.081779927 0.045814082
v -0.0692551509 -0.0607534125 0.0459850468
v -0.0151700797 -0.0127474582 0.0459850803
v -0.033444427 -0.014760429 0.0459942594
v -0.050800629 -0.013852247 0.045997262
v -0.0508163795 -0.0374403708 0.0460000001
v -0.0556887798 -0.117789626 0.0223197937
v -0.0799810067 -0.0637504086 0.00968031585
v -0.0681506321 -0.0841432214 0.0459858552
v -8.47028568e-05 -0.0774716586 0.0186673906
v 0.000416247203 -0.018344922 0.0201033987
v -0.0799878985 -0.0823544115 0.0115291672
v -0.0540198907 -0.101011269 6.70706186e-07
v -0.0394158065 -0.0148443198 7.31226755e-05
v -0.0473488383 -0.0710297599 -1.01895454e-11
v -0.00192919129 -0.0813711062 0.0147848418
v -2.5042682e-05 -0.0477179624 0.0182648115
v 0.00163616356 -0.0487542152 0.0276916213
v -0.00150260085 -0.0193044897 0.0441090837
v -0.00116646802 -0.103922755 0.043185126
v 0.000837611617 -0.0793355182 0.0233642552
v -0.0452008098 -0.0165859107 0.000231962869
v 0.000858943968 -0.0737360269 0.0231922865
v -0.0594236888 -0.0994734615 4.77257072e-06
v 0.00208398257 -0.0268992465 0.0369817838
v -0.057916671 -0.073439613 2.76509327e-09
v -0.00101197325 -0.111075543 0.0167814326
v -0.00208165077 -0.0788992792 0.0444862805
v -0.0475750417 -0.0435611978 5.34284883e-09
v -0.000564325193 -0.119004287 0.0290063471
v -0.0714477375 -0.0883823782 7.41232216e-05
v -0.0528315492 -0.0444911867 3.48855338e-07
v -0.0630325302 -0.0655280277 2.07378875e-07
v -0.074106358 -0.106239572 0.0122150462
v -0.0702762604 -0.0211346969 0.00670305919
v -0.00488448236 -0.108344316 0.0455079712
v -0.0139452247 -0.125122026 0.0188819896
v -0.0134480251 -0.124886267 0.0146315917
v -0.0288989525 -0.123831481 0.0244795904
v -0.0594197698 -0.0684909448 1.06779847e-08
v -0.0707227588 -0.0928305537 6.06982358e-05
v -0.0272858161 -0.123977289 0.0196649358
v -0.0482245609 -0.120799772 0.00693944888
v -0.0503944196 -0.118853204 0.00280936924
v -0.0680804178 -0.0959901959 5.31058649e-05
v -0.0476501659 -0.121140823 0.0157451089
v -0.0288341697 -0.123262793 0.0306268949
v -0.0466759168 -0.121406972 0.0109898672
v -0.023373194 -0.0537025779 0.0459999926
v -0.0580198169 -0.104437411 0.045836892
v -0.0357124098 -0.0957948342 0.045999974
v -0.0290257037 -0.113201626 0.0458235405
v -0.0186033715 -0.073089391 0.0459998772
v -0.0393602736 -0.0759922341 0.0460000001
v -0.0558771454 -0.0362336002 2.58587315e-05
v -0.0726968721 -0.0821750537 0.000145120197
v -0.0468453392 -0.00399630656 0.00549307652
v 7.67533493e-05 -0.107614219 0.0394510031
v 0.0013968636 -0.064175263 0.0366126895
v -0.0678642318 -0.0024125604 0.043846339
v -0.0446836613 -0.00168805581 0.043602664
v -0.0444256514 -0.000145408514 0.0229956545
v -0.0782514066 -0.0117408521 0.043328654
v -0.0773747191 -0.0570010096 0.0445958003
v -0.0792423189 -0.0800711885 0.0418223217
v -0.0799998343 -0.0449052379 0.0281187836
v -0.0400897451 -0.0351505838 0.0460000001
v -0.0427446142 -0.0147087397 0.0459958166
v -0.0595388561 -0.0110103181 0.0459653959
v -0.0593287833 -0.0578433387 0.0459999964
v -0.0627223328 -0.0356015861 0.045999378
v -0.023647489 -0.0141389128 0.0459910519
v -0.0101106772 -0.125206009 0.0224502254
v 0.00187865726 -0.0436816812 0.0364113413
v -0.0485311225 -0.00817468017 0.00276577589
v -0.0696194321 -0.0299363919 0.00353268976
v -0.0510350689 -0.0389566645 9.64092578e-07
v -0.00108024944 -0.108904786 0.0433425866
v 0.000628877897 -0.0655049309 0.0412064977
v 0.00084735069 -0.0434610359 0.0414653495
v -0.0698341429 -0.11039263 0.00432455353
v -7.30666216e-06 -0.0882048011 0.0420992598
v 0.000654008356 -0.0707414895 0.0413674489
v -0.0280549694 -0.120456912 0.00127563067
v -0.0799735114 -0.0623655319 0.0363835245
v -0.0799396634 -0.0398480557 0.036349535
v -0.0798733905 -0.0244753715 0.0191430375
v -0.0799021646 -0.0163094029 0.0356520936
v -0.0258334912 -0.117297955 0.000264487287
v -0.0474528074 -0.11570061 0.000662753009
v -0.0408503786 -0.0661663264 -8.0208401e-10
v -0.0364917666 -0.096941866 2.10009414e-08
v -0.0233582873 -0.113065138 0.000103531078
v -0.032644026 -0.0935041904 3.5400501e-07
v -0.0745072514 -0.105564833 0.0330305137
v -0.0683630705 -0.11359904 0.0127890324
v -0.0793442279 -0.0961269587 0.031455338
v -0.0798425823 -0.0918163285 0.0111077139
v -0.0789625347 -0.097311005 0.0114008645
v -0.0776670203 -0.100815438 0.0320931524
v -0.00159952778 -0.00291559822 0.0246509518
v -0.079987973 -0.0728712603 0.0105238035
v -0.0799002126 -0.0914787799 0.0309122037
v -0.0769346207 -0.102011278 0.0117352828
v -0.0550756194 -0.000278929976 0.0345333219
v -0.0353758 -0.000148101128 0.0101641808
v -0.0330021903 -2.5985215e-05 0.030961208
v -0.0172184948 -3.79982594e-05 0.0116245626
v -0.0237886533 -8.06711068e-06 0.032336574
v -0.0799983963 -0.0642310381 0.0319685377
v -0.0795806944 -0.0267171413 0.0141755342
v -0.0799999833 -0.0467854217 0.0243626088
v 0.000781993847 -0.00611113571 0.0266042929
v -0.0664498284 -0.114711285 0.0175992232
v -0.0799999237 -0.0658504888 0.0281387102
v -0.0799995586 -0.0455650166 0.0196096525
v -0.0797222257 -0.0850316286 0.0388680696
v -0.0601966754 -0.111531295 0.0412650593
v -0.0304385982 -0.120431438 0.0406756923
v -0.0420968384 -0.119329847 0.0325687379
v -0.0302135218 -3.53985015e-05 0.0120306183
v -0.0745357126 -0.0623355359 0.000233824452
v -0.0706337318 -0.0507618599 0.000120976983
v -0.0282934941 -6.26631936e-06 0.0291884113
v -0.0669918954 -0.110925861 0.0360884294
v -0.0374896191 -0.119970769 0.0354108289
v -0.0597788766 -0.0379022732 5.98483275e-05
v -0.0778438076 -0.0823998675 0.00165722147
v -0.0784937143 -0.0630150512 0.00204166654
v -0.0714782998 -0.108265862 0.0369563475
v -0.0740769133 -0.0628810301 0.0250364207
v -0.023576593 -0.12448734 0.0224190578
v -0.0098753646 -0.000162730212 0.0349229723
v -0.0219623782 -0.00905309152 0.000176220521
v 0.000567271083 -0.0128976209 0.020983411
v -0.0101391757 -0.118416451 0.00634425459
v -0.0799999982 -0.0648812577 0.0239195209
v -0.0595709048 -0.01813557 0.0033943411
v -0.0778297409 -0.0269506741 0.00921966694
v -0.0780377313 -0.0454189554 0.00330323097
v -0.0166146085 -0.000808740559 0.0414545611
v -0.0345636085 -0.00105298916 0.0424837731
v -0.0499355868 -0.00176966575 0.0434978418
v -0.0154337874 -0.00381410145 0.0449012741
v -0.0095670009 -0.125284746 0.0356056802
v -0.0692384914 -0.0722451285 0.0459768362
v -0.072633408 -0.0235097595 0.0457241498
v -0.0509768389 -0.023853505 0.0460000001
v -0.035572052 -0.0252221301 0.0459999964
v -0.0504507609 -0.0462403744 0.0460000001
v -0.0340990052 -0.00418444956 0.0451258533
v -0.00998631865 -0.000119561097 0.0196911655
v -0.010002695 -0.00762710767 0.00622435287
v -0.00534878252 -0.0284155868 0.0455750823
v -0.0433982015 -0.107962005 0.0458235517
v -0.0472312197 -0.0899105072 0.0459999852
v -0.0203546807 -0.0996919125 0.0459998213
v -0.0109211197 -0.0581563599 0.0459723584
v -0.0327030309 -0.064203091 0.0460000001
v -0.0133615863 -0.0406013355 0.0459892079
v -0.069465436 -0.11218074 0.00838022679
v -0.0799503997 -0.0263016727 0.0358375013
v -0.0776714832 -0.00567090046 0.0355208144
v -0.079956837 -0.0512624756 0.036609672
v -0.0596101694 -0.00669246307 0.0118071586
v -0.0768720359 -0.0128645096 0.0200486053
v -0.00848550163 -0.0546728112 0.00753435493
v -0.00885335449 -0.0684849992 0.00717819668
v -0.0663076565 -0.109144516 0.00105732633
v -0.0715210512 -0.0571117736 8.29818819e-05
v -0.0487493537 -0.000198312468 0.0355545767
v -0.0634457842 -0.0154595627 0.00598958507
v -0.0647548735 -0.0317130573 0.00135702977
v -0.0741179213 -0.0282341409 0.00608198158
v -0.0746325105 -0.0475589298 0.000851836114
v -0.0795658007 -0.0109823961 0.0354620852
v -0.0799704269 -0.0568332002 0.0366092846
v -0.0799410492 -0.0215840936 0.0358059295
v -0.0799551979 -0.0348689705 0.0360497832
v -0.0799349099 -0.0455534421 0.0365570672
v -0.079324618 -0.0187908914 0.0195152145
v -0.00250447122 -0.0847141519 0.0447111949
v -0.0001579542 -0.0395882241 0.0433211029
v -0.00350684463 -0.052931983 0.0452558324
v -0.00315559097 -0.123148248 0.0300881732
v -0.00496317586 -0.000945693988 0.0340777673
v -0.00454995688 -0.124001622 0.0351545364
v -0.0115406942 -0.0549853593 0.00460768491
v -0.00862858351 -0.098809354 0.0073941499
v -0.0120195393 -0.0833687484 0.00435664691
v -0.0464497395 -0.115929194 0.0401031859
v -0.0603228025 -0.114584744 0.0301937405
v -0.0553605817 -0.026065778 0.000445637037
v 0.00205107406 -0.0148417559 0.0296374112
v 0.00119672157 -0.0405929275 0.0238114297
v 0.00110481528 -0.0265791155 0.0233221762
v -0.0637132898 -0.0874785408 0.0459991023
v -0.0117307818 -0.0993450955 0.00439698342
v -0.00627307687 -0.00980569609 0.00982049759
v -0.00665103318 -0.116228618 0.00950159132
v -0.00798792951 -0.0842488781 0.00805594958
v -0.0248703808 -0.0331418328 0.0459999926
v -0.00568726193 -0.00888889469 0.0453235023
v -0.0650582612 -0.101398289 0.0458714217
v -0.0411935039 -0.0593285635 0.0460000001
v -0.0107373111 -0.0059789489 0.0453108922
v -0.0121286521 -0.122661941 0.00725326827
v -0.0199542511 -0.0702264011 0.000396558666
v -0.0172534138 -0.0408114456 0.000988403684
v -0.0170942601 -0.0101424931 0.00102795614
v -0.0241334569 -0.0546380468 6.73022223e-05
v -0.0221308898 -0.0371625163 0.00011764295
v -0.00401675375 -0.0234736707 0.0121261058
v -0.0608988665 -0.101688251 0.0459572002
v -0.0117392018 -0.00255256682 0.00649367599
v -0.0176404417 -0.113621503 0.000878430088
v -0.04164261 -0.00210843468 0.00483958656
v -0.0662265494 -0.00199763197 0.0278619956
v -0.0467164665 -0.072575815 0.0460000001
v -0.0673234239 -0.104183018 0.000368415291
v -0.0383662023 -0.0833432972 1.10794627e-08
v -0.0460572019 -0.0967687666 3.41861273e-09
v -0.0355961435 -0.0390323251 -1.90898568e-08
v -0.0297209062 -0.067496784 2.09420773e-06
v -0.0338486731 -0.113116369 7.85499942e-05
v -0.0499135591 -0.0820331797 6.55106004e-12
v -0.0458847433 -0.0660377219 -2.67200186e-11
v -0.0184642766 -0.100142747 0.000562729198
v -0.0347169675 -0.0249889102 9.96680072e-08
v -0.0251894854 -0.0705323592 2.89360032e-05
v -0.0440428369 -0.0808489919 8.19522505e-11
v -0.0228090212 -0.0832368061 0.000138164498
v -0.0338595286 -0.0838216841 0.0460000001
v -0.0173038449 -0.0851372182 0.0459993668
v -0.0141823171 -0.0540088415 0.0459956042
v -0.0205834489 -0.114733726 0.045828145
v -0.033853326 -0.111732624 0.0457856357
v -0.0241288524 -0.0636847839 0.0459999964
v -0.0544690154 -0.0859298408 0.0460000001
v -0.0120681953 -0.0691649616 0.00415736018
v -0.0141906999 -0.10200718 0.00240173191
v -0.0148135526 -0.0878826827 0.00213547796
v -0.0360291786 -0.108345658 7.95773849e-06
v -0.035587091 -0.0666109994 2.79496568e-08
v -0.0287048239 -0.0969820246 3.07665277e-06
v -0.0353331342 -0.088122718 7.02078466e-08
v -0.0444584079 -0.056860704 0.0460000001
v -0.0271961465 -0.039315246 9.69958e-06
v -0.0284842029 -0.0506765544 6.08402752e-06
v -0.0376809575 -0.000309229072 0.038735453
v -0.0172783248 -0.0822346956 0.00115170632
v -0.0137630654 -0.0259225182 0.00271005975
v -0.0265140031 -0.0284257345 0.0460000001
v -0.0486215577 -0.0565777794 0.0460000001
v -0.0757919326 -0.0895856172 0.0453412868
v -0.0530891605 -0.0981511101 0.0459962003
v -0.0130076744 -0.062957406 0.0459918566
v -0.044474408 -0.0851976722 0.0460000001
v -0.0318528339 -0.0881215334 0.0460000001
v -0.0168530997 -0.121701695 0.0446334891
v -0.0134119205 -0.0947750136 0.0459944606
v -0.0242819507 -0.106913112 0.0459958799
v -0.0369741693 -0.0674232095 0.0460000001
v -0.0163148269 -0.124285847 0.0103858951
v -0.0423491634 -0.121643931 0.00845550373
v -0.0297845174 -0.0256120898 9.24808376e-07
v -0.00631289044 -0.000646173721 0.0179129951
v -0.00592918927 -0.124565899 0.0217972323
v -0.00623122184 -0.103047304 0.00982619543
v -0.0393143632 -0.043315161 0.0460000001
v -0.0122488784 -0.0412906148 0.00399919366
v -0.0495372564 -0.0132810334 0.00139957038
v -0.0206650365 -0.0357467309 0.045999635
v -0.0542435274 -0.0686535761 0.0460000001
v -0.0210969876 -4.19206954e-05 0.00972148031
v -0.00327726291 -0.0140058808 0.0451102257
v -0.0291182809 -0.00561432121 0.0003819103
v -0.0111725722 -0.116024993 0.0459214859
v -0.00679716701 -0.0880553201 0.0458498634
v -0.00568654295 -0.0576950461 0.0456707701
v -0.00128406473 -0.116273135 0.0164571907
v -0.0655354261 -0.018363487 0.0459920913
v -0.0661768839 -0.0275807455 0.0459945053
v -0.0752464905 -0.028147364 0.045247566
v -0.0738527626 -0.0420333706 0.0456535146
v -0.0666799992 -0.0378916785 0.0459946394
v -0.0282944441 -0.0180642158 0.0459988788
v -0.0665004104 -0.00644462742 0.0456854962
v -0.0196442325 -0.00610884326 0.04564403
v -0.0290846284 -0.0063215741 0.045605652
v -0.057698153 -0.00633624941 0.0456178449
v -0.0379246138 -0.0300907604 0.0460000001
v -0.0384875648 -0.00671950309 0.0456853509
v -0.0470595211 -0.00501065142 0.0455302373
v -0.0470271818 -0.0168563034 0.0459996536
v -0.0447874926 -0.0434484221 0.0460000001
v -0.0497779958 -0.0516656414 0.0460000001
v -0.038232848 -0.0173075665 0.045998808
v -0.0584442168 -0.118160449 0.017153576
v -0.0613698065 -0.112900235 0.0359090455
v -0.0418464281 -0.118052058 0.0378763452
v -0.0147817582 -0.124274276 0.0416690037
v -0.0044555054 -0.0854640603 0.0116777541
v -0.0799997747 -0.0794085935 0.0250925645
v -0.0799999014 -0.0675460324 0.0166813117
v -0.0799450353 -0.0776075944 0.00819182675
v -0.0551506616 -0.0207861606 0.00121070037
v -0.00272258255 -0.0100283176 0.0136973262
v -0.00257019396 -0.101748496 0.0140127689
v -0.00263914 -0.00263450458 0.0192356557
v 0.00151226891 -0.0109093226 0.026531186
v -0.0799491033 -0.0682132021 0.00794334523
v -0.0369198397 -0.0389736556 0.0460000001
v 0.000656422053 -0.092370823 0.024991788
v 0.00137379416 -0.0686313286 0.0339947492
v 0.00100143172 -0.0814877003 0.0354527608
v -0.00278601283 -0.0548513755 0.0133931283
v -0.0388906598 -0.0239264462 9.30785063e-07
v 0.00025891827 -0.0281658527 0.0193042066
v 0.000103172817 -0.0828770027 0.019283969
v 0.000317579834 -0.0236705467 0.0196252167
v 0.00023479604 -0.0422431007 0.0191063359
v 0.00236248551 -0.0160825923 0.0343688987
v -0.0506997406 -0.0670495331 3.95156269e-11
v -0.0581740551 -0.0936571136 1.92262831e-07
v -0.0441618375 -0.0520997979 1.88961721e-10
v -0.000321641593 -0.0663794875 0.0176385604
v 0.000461985357 -0.0571551546 0.0197916329
v 0.000830031 -0.0679011047 0.0224597957
v -0.073493354 -0.0124101732 0.0151979076
v -0.0745127127 -0.00458972761 0.0310734771
v -0.0633990392 -0.00450885994 0.0193884876
v -0.0627828687 -0.104608886 9.06729547e-05
v -0.00351088168 -0.1137584 0.0128081301
v -0.00020213789 -0.0999730155 0.0188951828
v 0.00112277479 -0.0762807429 0.0285110995
v 0.00228415569 -0.0210833121 0.035916999
v -0.000750818057 -0.0572371744 0.0159755461
v -0.0422480553 -0.0341657959 8.9167429e-09
v -0.0494943336 -0.0489442758 8.08721801e-09
v 0.00182830705 -0.0394358374 0.0286177434
v -0.0469400696 -0.0258048978 2.06255881e-05
v -0.0553305745 -0.0682425126 7.55544849e-10
v -0.0528486334 -0.0526369959 1.27371775e-08
v 0.00149293139 -0.0530243479 0.0264543612
v -0.0300653912 -0.00190013146 0.0434973687
v -0.00357324025 -0.123104393 0.0188046768
v -0.00152477366 -0.0252033249 0.0442846902
v -0.00165809167 -0.0425241366 0.0445965081
v -0.0795600563 -0.0345490873 0.0108093554
v -0.0799999759 -0.0640310571 0.0191078316
v -0.0799175352 -0.0543988198 0.00887224637
v -0.0799991116 -0.073456645 0.029540712
v -0.00106703606 -0.12027777 0.0342141949
v -0.013022854 -0.000292764715 0.0109143099
v -0.0665896535 -0.0904394016 6.30141358e-06
v 0.000349404494 -0.106428742 0.0343133546
v 0.000228961784 -0.0143870292 0.0425226167
v -0.00460828887 -0.0711218491 0.0456899628
v -0.0476263091 -0.0340854302 1.37021084e-06
v -0.045199655 -0.0388174541 -1.95601579e-09
v -0.00612413976 -0.114109077 0.04567305
v -0.0727113113 -0.0967196897 0.000416841765
v -0.056932196 -0.0414073244 7.15558099e-06
v -0.0676371828 -0.0847338364 8.21239701e-06
v -0.0578734204 -0.0643139035 1.26824986e-08
v -0.0140081747 -0.00628920319 0.00290720956
v -0.0725065023 -0.108463407 0.0177148879
v -0.0760556459 -0.103570096 0.0273459107
v -0.075045757 -0.104196437 0.00693307817
v -0.0649991557 -0.0265368875 0.00281122001
v -0.053580258 -0.010532028 0.00381244277
v -0.0733990297 -0.0185512546 0.00922842603
v -0.0745138153 -0.0378919654 0.00312890043
v -0.00521996897 -0.102936268 0.0456463657
v -0.00235830387 -0.112325676 0.0445403308
v -0.0392060354 -0.00888136961 0.000373580697
v -0.0147451432 -0.125309408 0.023658229
v -0.00882342737 -0.124780923 0.0173425619
v -0.0799991041 -0.050474681 0.0171214119
v -0.0794861689 -0.0303395614 0.0112772658
v -0.0796265006 -0.0489851385 0.00655243173
v -0.079999961 -0.070056431 0.0259165205
v -0.0799820572 -0.042453777 0.0149778072
v 0.00155927381 -0.0596678294 0.0296113752
v -0.0652797297 -0.0442110263 6.60930818e-05
v -0.0104044285 -0.124142028 0.0118581615
v -0.0557770915 -0.04900847 2.29152789e-07
v -0.0528611094 -0.12018168 0.0061820941
v -0.0260172728 -0.123671472 0.0118859559
v -0.0178554431 -0.124684073 0.0154375061
v -0.0434664227 -0.121872529 0.0130975805
v -0.0281973034 -0.123194538 0.00823860057
v -0.017184604 -0.122851327 0.00488990638
v -0.0277892053 -0.122522458 0.00444202544
v -0.0700706318 -0.100772865 0.000467294303
v -0.0238801315 -0.124460153 0.028093474
v -0.0456187874 -0.121061385 0.0201080721
v -0.0222383775 -0.0820732489 0.0459999815
v -0.0181861743 -0.0497873239 0.0459994599
v -0.0237345025 -0.102591768 0.0459997058
v -0.0162610821 -0.117756695 0.0457537808
v -0.0160333086 -0.0587542132 0.0459988452
v -0.0278453715 -0.0842406154 0.0460000001
v -0.0526756682 -0.103036031 0.0459356382
v -0.040203914 -0.0977320746 0.045999568
v -0.0101147955 -0.0664233938 0.0459754281
v -0.0419839099 -0.0805414692 0.0460000001
v -0.0104011325 -0.0313223153 0.0459194072
v -0.0285358112 -0.0560121015 0.0460000001
v -0.0347799547 -0.103336453 0.0459974781
v -0.0409907177 -0.0895032212 0.0459999926
v -0.0627695173 -0.105315007 0.0455656014
v -0.0247589555 -0.111677952 0.0459496751
v -0.0231695659 -0.0724730939 0.0459999964
v -0.0341015309 -0.0754337162 0.0460000001
v -0.0500090383 -0.108689904 0.0453613028
v -0.0504822619 -0.094359763 0.0459997393
v -0.0301835779 -0.0933111161 0.0459999964
v -0.0382165834 -0.122486271 0.0133103942
v -0.0760630295 -0.0874540508 0.000751221261
v -0.0622679852 -0.0559698604 6.13075429e-07
v -0.0765666142 -0.0673094839 0.000679087068
v -0.0443114303 -0.0111519815 0.000687139342
v -0.0713714659 -0.0757234395 3.73469993e-05
v -0.068151325 -0.065689072 3.39119947e-06
v -0.0111615025 -0.125364915 0.0270989854
v -0.0422606468 -0.122014381 0.0173125807
v -0.0718461871 -0.00900399499 0.0193591006
v -0.0746633112 -0.0153686041 0.0122151868
v -0.0729102045 -0.0019851767 0.0355722718
v -0.0754161999 -0.00715825055 0.0272749849
v -0.0640433729 -0.00672918698 0.0158184264
v -0.0520268455 -0.00615968136 0.0062587047
v -0.0655855834 -0.00360138388 0.023499025
v -0.0618521087 -0.0107923448 0.00817589741
v 0.000303069741 -0.104006186 0.0233528558
v 0.00135114742 -0.0485088713 0.0391475223
v 0.00157956767 -0.0592138842 0.0342283621
v 0.00106480613 -0.0803771839 0.0313697979
v -0.000348456961 -0.112426214 0.0410926528
v 0.0012727679 -0.068388164 0.0381120779
v 0.000560060609 -0.092550464 0.0389846936
v 0.000425242266 -0.00612500496 0.0394052416
v -0.0788715854 -0.00838783011 0.0400840268
v -0.0313032083 -0.000404012215 0.00655922992
v -0.0725836828 -0.00276971026 0.043501284
v -0.0391638167 -0.0020942688 0.0436231308
v -0.0391641296 -7.36830698e-05 0.0237024091
v -0.0500347242 -0.000222811999 0.0256503373
v -0.0386122614 -8.51087316e-05 0.0326016396
v -0.0614426248 -0.000394526112 0.0356298946
v -0.0618661828 -0.00308228494 0.0442182533
v 0.00156759063 -0.0174875259 0.0396669544
v 0.00126478332 -0.0694909543 0.0283800047
v -0.0783502087 -0.0517163686 0.043800544
v -0.0786937624 -0.0279951748 0.0427768119
v -0.0780027211 -0.0165598579 0.0436074734
v -0.0785526708 -0.038455233 0.0433387384
v -0.0799730048 -0.0679376721 0.0358216539
v -0.0778884515 -0.0749682784 0.0439919718
v -0.0799655542 -0.0298294201 0.0189210363
v -0.0799933001 -0.0264137313 0.0278277751
v -0.078199558 -0.0632606819 0.0441160984
v -0.0789464489 -0.089435637 0.0425594673
v -0.0778221935 -0.0332937464 0.0437177978
v -0.0799998417 -0.0393127203 0.0278778616
v -0.0797900409 -0.0161851235 0.0281343535
v -0.0754281208 -0.00724385399 0.0444072969
v -0.070399031 -0.0281337127 0.0459211245
v -0.0701188594 -0.0196800157 0.0459493622
v -0.0695834756 -0.0514338352 0.0459780805
v -0.0513868555 -0.0187672507 0.0459998958
v -0.0496970601 -0.0290092304 0.0460000001
v -0.0323740356 -0.0293261725 0.0460000001
v -0.0540833287 -0.0557043925 0.0460000001
v -0.0339643992 -0.0202263705 0.0459998138
v -0.07075499 -0.0662966445 0.0459588021
v -0.0441048592 -0.0307922252 0.0460000001
v -0.0429397076 -0.0203269105 0.0459998585
v -0.0602623746 -0.0197257157 0.0459995233
v -0.0588815771 -0.0520811453 0.0460000001
v -0.063411884 -0.0413581505 0.0459983423
v -0.0617370382 -0.029434165 0.0459995046
v -0.0151921427 -0.00841972604 0.0458551012
v -0.0523456261 -0.00547203654 0.0455706567
v -0.0706283152 -0.00976195373 0.045849327
v -0.03361395 -0.00922471751 0.0459049828
v -0.0435431674 -0.0092003867 0.0459298678
v -0.0622092411 -0.00755935535 0.0457983352
v -0.0241105556 -0.00869822036 0.0458408818
v 0.000763469201 -0.0913818851 0.0337702036
v 0.00158866122 -0.0380001776 0.0391762815
v 0.000988648855 -0.0820492953 0.027405737
v -0.0652758554 -0.0209616441 0.00471052434
v -0.0740982294 -0.0236574095 0.00762647856
v -0.0433478244 -0.00594685972 0.00199135765
v -0.074668318 -0.0426376127 0.0018449378
v -0.0741488338 -0.0330543406 0.00453059981
v -0.00231229607 -0.117260262 0.0433289036
v -0.0675890371 -0.0791308284 6.01636839e-06
v -0.0662665665 -0.0692930892 5.63196522e-07
v -0.0461847037 -0.0216446798 7.78140529e-05
v -0.0520934165 -0.0339038894 9.03901491e-06
v -0.0602936186 -0.0600257851 1.376184e-07
v -0.0784088224 -0.0916931331 0.00258666766
v 0.000408683845 -0.0819491223 0.0407230407
v 0.000839971704 -0.0593577214 0.0401413962
v -0.00727937836 -0.119335115 0.0454311706
v -0.0744906068 -0.105828337 0.0224223174
v -0.0712285787 -0.11012926 0.0124756824
v 0.00120456622 -0.0729516596 0.0370005071
v -0.0695447773 -0.111851767 0.0205883663
v -0.0724409297 -0.106398053 0.0414426513
v -0.0668925494 -0.115222014 0.00927518867
v -0.0227226764 -0.121291615 0.00217883615
v -0.0789265782 -0.0975540727 0.0362742022
v -0.0776782185 -0.0996838436 0.00655396795
v -0.0792414173 -0.0948542655 0.00642224913
v -0.0797191858 -0.0306631047 0.0388068408
v -0.0796506256 -0.054331217 0.0406893343
v -0.0797243565 -0.0657238141 0.0403379686
v -0.0799963772 -0.0366061181 0.0321091972
v -0.0796727911 -0.0135919368 0.0312217288
v -0.0791838616 -0.0209416877 0.0150655732
v -0.0799922273 -0.0239963736 0.0319979042
v -0.0797607079 -0.076138109 0.0393617749
v -0.079999961 -0.0422099791 0.0238710195
v -0.0799983442 -0.058988709 0.0323997326
v -0.0793821439 -0.0425574481 0.0410038121
v -0.0799888298 -0.0281073246 0.0232551359
v -0.0795408264 -0.0193328261 0.0398861691
v -0.0799962655 -0.0480819009 0.0323254429
v -0.0794912055 -0.0169475675 0.024121644
v -0.0558273457 -0.118227087 0.0030491841
v -0.0448010154 -0.119715013 0.00335005065
v -0.0486763231 -0.0918194503 4.29655062e-10
v -0.0466289222 -0.0864799619 3.35683946e-11
v -0.0380588919 -0.0924169943 9.62714264e-09
v -0.0308786407 -0.0791664943 1.12042699e-06
v -0.0365095362 -0.0485205352 1.09192744e-08
v -0.0294873286 -0.0570051782 5.20006188e-06
v -0.0389662683 -0.0289871749 1.1957539e-07
v -0.0248833336 -0.0879004672 3.85503372e-05
v -0.0325644426 -0.0994004458 3.16797042e-07
v -0.0265607834 -0.10785266 2.01268012e-05
v -0.0325701535 -0.0468876138 3.28252725e-07
v -0.0385587625 -0.0523499213 8.7883727e-09
v -0.0409074053 -0.0569039807 3.2530143e-09
v -0.0287226941 -0.113111898 4.1137544e-05
v -0.0385918729 -0.0715649873 -6.46477005e-09
v -0.0327332616 -0.0620084926 2.97379643e-07
v -0.0437020846 -0.10202352 9.33059283e-08
v -0.0417762883 -0.116678499 0.000807442062
v -0.032977134 -0.0836170837 4.43784131e-07
v -0.0498701744 -0.110919334 7.91697894e-05
v -0.0390769765 -0.112513363 9.88819447e-05
v -0.0269619487 -0.0927098244 8.91611126e-06
v -0.0529132821 -0.114905208 0.000656202203
v -0.0722364411 -0.108351365 0.00765510416
v -0.0757348686 -0.104028128 0.0171138514
v -0.0728714839 -0.107767783 0.0273421668
v -0.0797613859 -0.0906723216 0.00624508085
v -0.0799611136 -0.0897675231 0.0166856982
v -0.0795827881 -0.0947661996 0.0164911225
v -0.0796563402 -0.0943411291 0.0265484061
v -0.0782327056 -0.099631831 0.0167100411
v -0.0784716755 -0.099081479 0.0269154217
v -0.000630743511 -0.00352145522 0.0305029545
v -0.0797890276 -0.0928950757 0.0354279019
v -0.0799964368 -0.0840099379 0.0268886667
v -0.0798015967 -0.0728024244 0.00573309883
v -0.0798133984 -0.0644318089 0.00566759799
v -0.079770416 -0.0824575424 0.00597230252
v -0.0799996331 -0.0730096623 0.0165932514
v -0.0431771018 -0.000165635327 0.0365734659
v -0.0703965127 -0.0010825278 0.0401050635
v -0.058522068 -0.000707777217 0.0398001634
v -0.0450991951 -0.000278888881 0.0171811637
v -0.0460770093 -0.000147579121 0.0277338251
v -0.0549966618 -0.00032663325 0.0287669096
v -0.0363718234 -4.73148721e-05 0.0271942336
v -0.00140278216 -0.0570818111 0.044147592
v -0.0143139781 -1.71676184e-05 0.0220209099
v -0.0188590642 -1.68667327e-06 0.0243044719
v -0.0239904504 -7.70055631e-05 0.0369662046
v -0.0201076698 -2.12197256e-06 0.0150800198
v -0.00979865715 -0.000144522375 0.025001673
v -0.0115350382 -0.00175270787 0.0426287688
v -0.0649614632 -0.116488814 0.0128798112
v -0.0745860115 -0.105357043 0.0380695276
v 0.000249617151 -0.110390708 0.0309080724
v 0.000502842478 -0.100911878 0.0276929904
v -0.0003110611 -0.117775932 0.0245932955
v -0.000342439365 -0.116523847 0.0380220674
v -0.0799759477 -0.0502045974 0.0120150913
v -0.0799985006 -0.0692925453 0.0310756993
v -0.0799999759 -0.0506486967 0.0222159829
v -0.0798643753 -0.0897494629 0.038516365
v -0.0776279569 -0.022364147 0.0107944915
v -0.0799185485 -0.0322772786 0.0149278138
v -0.0796864852 -0.0400242433 0.0099089006
v -0.0799977705 -0.0398742482 0.0193894804
v -0.0640923306 -0.109201379 0.0432525538
v -0.0377103239 -0.121092811 0.0302597154
v -0.0559657402 -0.113577515 0.0390931331
v -0.0195570737 -0.122982129 0.0418970287
v -0.0293963477 -7.6164697e-06 0.0179479159
v -0.0768695325 -0.0579774231 0.0010760359
v -0.0724630877 -0.0666242912 5.71244855e-05
v -0.0662976503 -0.053894747 9.78904063e-06
v -0.0759789497 -0.077050522 0.00057132286
v -0.0216879025 -0.000578936539 0.040838249
v -0.0742818639 -0.0716265962 0.000181654803
v -0.0752987787 -0.0527106225 0.000615592347
v -0.0556325093 -0.0312186629 0.000120508274
v -0.0623366348 -0.0411888883 6.09969538e-05
v -0.0706139803 -0.0623310506 1.8240813e-05
v -0.0658029392 -0.0485111997 2.95653626e-05
v -0.034874782 -4.685147e-05 0.015695354
v -0.0799998716 -0.0507564433 0.0276665334
v -0.0799166784 -0.0797153488 0.0364379622
v -0.050988622 -0.113569409 0.0421808846
v -0.0420419201 -0.120538808 0.027339438
v -0.0653925538 -0.112591594 0.0311627761
v -0.0512295105 -0.116938129 0.0315356739
v -0.0362739451 -0.118624657 0.0407746434
v -0.059499491 -0.11588949 0.0256889313
v -0.0291417632 -0.122161247 0.0360495485
v -0.060670808 -0.118370123 0.0127216103
v -0.0466718972 -0.117466375 0.0347894318
v -0.0792969316 -0.0870930925 0.00378614548
v -0.0799974352 -0.0682142749 0.0126487473
v -0.0600255653 -0.0336677134 0.000259194174
v -0.0792620778 -0.0775443241 0.00353746046
v -0.0793723017 -0.0678848103 0.00358815398
v -0.0799999684 -0.0770345554 0.0212389361
v -0.0799870044 -0.0872768164 0.0128131546
v -0.0799970701 -0.0771283358 0.0126099577
v -0.0699709207 -0.0448559485 0.00033505325
v -0.0799878538 -0.0874349102 0.0304271616
v -0.0284860265 -4.8594311e-06 0.0237155762
v -0.0799999386 -0.0607475638 0.0275013223
v -0.0682389587 -0.109176673 0.0406023562
v -0.0769535154 -0.102037191 0.0370540582
v 0.00167444954 -0.00750199193 0.0300557967
v -0.0740993321 -0.0628740266 0.0248285923
v -0.0740950704 -0.0628746375 0.0248606596
v -0.0320442021 -1.58423645e-05 0.0265671201
v -0.0233791675 -0.124229886 0.016714016
v -0.0320811495 -0.123028882 0.0112905949
v -0.0663357899 -0.114055358 0.0224907398
v -0.0702905431 -0.109810777 0.0318805873
v -0.00791867077 -0.000731856679 0.0390400812
v -0.0188879538 -8.31059442e-05 0.0361274295
v -0.0197606534 -0.0639845133 0.000396848074
v -0.0252355207 -0.0125683052 2.34433792e-05
v -0.0188856497 -0.00526308827 0.000968657783
v -0.0218031444 -0.0219208933 0.000101461766
v 0.00142852671 -0.0354448594 0.0253778044
v 0.00071598083 -0.0622644946 0.0213667974
v 0.00166002335 -0.0300513003 0.0269337837
v 0.00140783563 -0.0164826531 0.0251742378
v -0.000492054678 -0.0100916 0.0174272861
v 0.00127489737 -0.0573550388 0.0252162032
v -0.0110818744 -0.0950855836 0.00501854718
v -0.0105005251 -0.0894039795 0.00560256047
v -0.00762791932 -0.120962359 0.0097210547
v -0.00961414911 -0.113019675 0.00647294708
v -0.012701421 -0.0590340234 0.00356524019
v -0.0103332009 -0.103857063 0.00572924549
v -0.0268256608 -0.0329785906 1.02196927e-05
v -0.0261454005 -0.00848391 6.29006245e-05
v -0.0214175023 -0.00113048195 0.00366697996
v -0.0197165944 -0.0582729019 0.000439004565
v -0.0237614885 -0.0172968805 2.97752285e-05
v -0.0461591296 -0.120059885 0.0243590791
v 0.00213089306 -0.0329938158 0.0354108922
v -0.0779067501 -0.049567882 0.00224805367
v -0.0799885765 -0.0593700856 0.0116076097
v -0.069794111 -0.0250304528 0.00519345701
v -0.0585053898 -0.0129781263 0.00496115442
v -0.0601298772 -0.0234273598 0.00202903757
v -0.0778359696 -0.0313953012 0.00765245873
v -0.0683406368 -0.0170480441 0.0074408045
v -0.0780796707 -0.0407975465 0.00479799276
v -0.0694384575 -0.0355726108 0.00182567793
v -0.0182820372 -2.29673651e-06 0.0195281915
v -0.00952552911 -0.000336318917 0.0147655327
v -0.0189591087 -5.10728432e-06 0.0299842376
v -0.0195164941 -0.00227332208 0.0441602767
v -0.0128253447 -0.125450924 0.0315116458
v -0.0655976534 -0.0683517456 0.0459980257
v -0.0742878616 -0.0707868189 0.0456743762
v -0.0774167478 -0.0227406006 0.0438585952
v -0.0680511966 -0.023459008 0.0459774584
v -0.0719116628 -0.0467333831 0.0458409861
v -0.0666573271 -0.0466288887 0.0459902473
v -0.0593043007 -0.0244921166 0.0459999479
v -0.0560009554 -0.0466180518 0.0459999964
v -0.072141178 -0.0563809387 0.0459080227
v -0.0747479647 -0.0131070977 0.0454295985
v -0.0755420327 -0.0376220569 0.0454124026
v -0.072461307 -0.0815437287 0.0458488166
v -0.0543242991 -0.0101663303 0.0459582806
v -0.0651815534 -0.0117447209 0.0459721014
v -0.0640811473 -0.0603055656 0.0459995866
v -0.0286494922 -0.0118236886 0.04596892
v -0.019357942 -0.0111044273 0.0459676757
v -0.0460228361 -0.0250668917 0.0459999964
v -0.0382587872 -0.0217736866 0.0459999591
v -0.0463532433 -0.0484517068 0.0460000001
v -0.0382844806 -0.011952688 0.0459751822
v -0.0455449112 -0.03726146 0.0460000001
v -0.0466444679 -0.0127267269 0.0459944829
v -0.0714507699 -0.105860777 0.00255776336
v -0.0130965989 -0.000257924519 0.03796551
v -0.0141273541 -3.2476637e-05 0.032860592
v -0.00927984901 -0.0120391594 0.00676191691
v -0.00728324708 -0.00469179731 0.00945241377
v -0.00963150803 -0.0589228645 0.00640615728
v -0.0101537285 -0.0276210904 0.00587886339
v -0.0570634753 -0.0999482572 0.0459856875
v -0.0257767215 -0.116176367 0.0455269814
v -0.032000877 -0.0990019962 0.0459998921
v -0.0391315818 -0.0843742341 0.0460000001
v -0.0444947556 -0.0948061943 0.0459997468
v -0.0122588165 -0.0827320591 0.0459886044
v -0.00916786958 -0.0927530155 0.0459645241
v -0.00561012374 -0.0232151933 0.0456486158
v -0.00490697753 -0.0336644202 0.0454177037
v -0.0465939678 -0.103492573 0.0459523313
v -0.0398531966 -0.112121455 0.0454529077
v -0.0499019958 -0.0856512859 0.0460000001
v -0.021155009 -0.0956167504 0.0459999852
v -0.0195825603 -0.104530931 0.045998726
v -0.0154199451 -0.112776734 0.0459734872
v -0.0125037637 -0.120846517 0.0453246459
v -0.00883109961 -0.0533786379 0.0459169
v -0.00792076346 -0.0623895675 0.0458639599
v -0.0263866 -0.0795095637 0.0460000001
v -0.0227338299 -0.0874037817 0.0459999964
v -0.0319345482 -0.0698875785 0.0460000001
v -0.0103581892 -0.0440062769 0.0459710546
v -0.0182959531 -0.063538 0.0459996723
v -0.0148552833 -0.107297167 0.0459959507
v -0.00675795833 -0.0483532362 0.0457513779
v -0.0286924411 -0.0612143464 0.0460000001
v -0.014648308 -0.0362689123 0.0459886715
v -0.0356690325 -0.0911937356 0.0460000001
v -0.010750724 -0.0772814825 0.0459764972
v -0.0417598486 -0.0711216331 0.0460000001
v -0.0551207066 -0.107384108 0.0455565117
v -0.0139610665 -0.0737419128 0.0459975004
v -0.0289699081 -0.109095626 0.0459776968
v -0.0746131539 -0.0923718587 0.000460838986
v -0.0697977394 -0.111833759 0.016262196
v -0.0796892568 -0.0715567768 0.039951507
v -0.0795991346 -0.0248106457 0.0396347083
v -0.0757859126 -0.00333801284 0.0401890501
v -0.0795286074 -0.0487280115 0.0406725593
v -0.0799957588 -0.0423826054 0.0322553031
v -0.0799645036 -0.0186919719 0.031747885
v -0.0594435818 -0.00396896573 0.0166425221
v -0.0773715153 -0.0159044713 0.0154167553
v -0.0672390312 -0.0065223393 0.0193051696
v -0.0702331662 -0.0132708019 0.0109788245
v -0.0568947606 -0.00841652043 0.00721209543
v -0.0707245767 -0.00456226943 0.0266478471
v -0.0799978226 -0.0325206295 0.0224530138
v -0.0799853802 -0.0302652884 0.0328413881
v -0.0782599226 -0.00854011532 0.0308545176
v -0.0799976811 -0.0536574349 0.0324906707
v -0.0795861483 -0.0138708325 0.0398007929
v -0.0796151087 -0.0366907902 0.0400091894
v -0.0799153373 -0.0225464888 0.0236468632
v -0.0796627626 -0.0599994697 0.0406608135
v -0.0663999096 -0.114242546 0.0045727673
v -0.0272751879 -0.00158437388 0.00271450053
v -0.0242130235 -0.0604301654 6.239301e-05
v -0.0153759597 -0.0560707301 0.00174517732
v -0.0179692693 -0.0353648178 0.000573481608
v -0.0213896576 -0.0791534856 0.000192784835
v -0.0247746743 -0.0270187594 2.95414156e-05
v -0.0267213117 -0.0214856863 5.56389114e-06
v -0.0303552151 -0.010937118 2.75674865e-05
v -0.0205349009 -0.0137374485 0.000240840265
v -0.0189720262 -0.0265001655 0.000450964959
v -0.0316732042 -0.020715544 2.90388016e-07
v -0.024059426 -0.00484158937 0.000564180664
v -0.0227242373 -0.0429757908 0.000114014001
v -0.0235108119 -0.0487857312 7.37842856e-05
v -0.0192063656 -0.0525527783 0.000508729368
v -0.0197136886 -0.0876281559 0.000400068151
v -0.0191009417 -0.0957964808 0.000385565654
v -0.0552490465 -0.0600145161 8.1839362e-09
v -0.00968951546 -0.0507123657 0.00635480508
v -0.00590924267 -0.0579836331 0.0101075163
v -0.00621794863 -0.0733228773 0.00985014066
v -0.00534358202 -0.0671430677 0.0107081626
v -0.0103553766 -0.0228419434 0.00569041586
v -0.00812264439 -0.042118255 0.00789621193
v -0.00497552473 -0.0975030661 0.0111347651
v -0.0133603401 -0.0205357242 0.00298714731
v -0.00722369971 -0.0259155184 0.00879398547
v -0.00410814397 -0.0349549688 0.0120515916
v -0.0660669878 -0.0600187108 3.28307055e-06
v -0.0525189005 -0.000498016947 0.0396055132
v -0.040680103 -0.000242636976 0.0130778328
v -0.034003485 -6.27708796e-05 0.0353383161
v -0.0396969616 -0.000507726334 0.00831740256
v -0.0446692854 -0.000134516376 0.0317937993
v -0.0423320271 -0.00050811813 0.040636301
v -0.0645074546 -0.00077876373 0.0401388779
v -0.0146858692 -0.0724044591 0.00231545954
v -0.0148588605 -0.0967307016 0.00200894685
v -0.0140478918 -0.0361311249 0.00250893552
v -0.0799997672 -0.0369341746 0.0233954396
v -0.000606860616 -0.0352748409 0.0433254726
v -0.00424358854 -0.00639195088 0.0122761698
v -0.0109293414 -0.125166699 0.0395245515
v -0.0637601241 -0.0863405243 4.44030718e-07
v -0.0694868192 -0.100951277 0.0458097942
v -0.0671434626 -0.0964892283 0.0459830575
v -0.00779780233 -0.125056967 0.0310039707
v -0.00566318259 -0.000704317936 0.0223952178
v -0.00964503363 -0.000147444807 0.0303980112
v 0.000661845203 -0.0167252123 0.0301315486
v -0.046068795 -0.000754057255 0.012787519
v -0.0139784664 -0.0503998436 0.00261533889
v -0.017229395 -0.119088307 0.00158098107
v -0.0133165065 -0.111260988 0.00311301253
v -0.0105910534 -0.0733470246 0.00554888602
v -0.0214822013 -0.0300396718 0.0459998958
v -0.0333703235 -0.122657634 0.0278452765
v -0.0269215405 -0.119683623 0.0436459482
v -0.03339516 -0.120683864 0.0373282991
v -0.064286612 -0.111073188 0.0395337269
v -0.0465724431 -0.118775442 0.0294418409
v -0.0193257313 -0.124311142 0.0375606865
v -0.0413666219 -0.116057172 0.0427667834
v -0.0625654981 -0.116974384 0.0163881276
v -0.0554159172 -0.111168295 0.0436766595
v -0.0509084798 -0.118303403 0.0261045583
v -0.0560203083 -0.115037881 0.0336800478
v -0.0564443059 -0.119497336 0.0132151898
v -0.050252486 -0.0185171273 0.000611162104
v -0.0369405523 -0.0564101115 0.0460000001
v -0.0330026746 -0.0479990728 0.0460000001
v -0.0153855355 -0.0215868186 0.0459980927
v -0.0587143153 -0.0832484215 0.0459999666
v -0.00644327188 -0.00336059136 0.0434675105
v -0.000222648305 -0.0718788356 0.018183127
v 0.00184970349 -0.0250395834 0.0281515885
v 0.00224116747 -0.0113208704 0.0322768837
v 0.000144978636 -0.00712800166 0.021512758
v 0.00104858889 -0.0457834043 0.0229839068
v 0.000821289781 -0.0316179954 0.0218690112
v 0.00127736363 -0.0215257443 0.0243367739
v 0.000936017197 -0.0518011339 0.022464212
v -0.00588838384 -0.051518172 0.0101339249
v -0.0126419161 -0.0113641266 0.00370100257
v -0.0101099061 -0.0366999917 0.00594031205
v -0.00688601052 -0.0372326933 0.00913027022
v -0.00686481129 -0.0888777822 0.00916301552
v -0.0505596101 -0.070767343 0.0460000001
v -0.0102717681 -0.0220301319 0.0459653921
v -0.0132436669 -0.0264819022 0.04599135
v -0.0410293415 -0.0540910661 0.0460000001
v -0.0110028107 -0.0110402983 0.0459097773
v -0.0370146371 -0.0511001945 0.0460000001
v -0.055068925 -0.0728777796 0.0460000001
v -0.0507440306 -0.0658078194 0.0460000001
v -0.037024498 -0.0467149317 0.0460000001
v -0.0132766124 -0.1160855 0.00333732436
v -0.015577564 -0.0615063161 0.00167059968
v -0.0153631195 -0.0669984147 0.00187148398
v -0.0170466807 -0.0214239825 0.000872289413
v -0.0606242418 -0.109490305 0.000183413009
v -0.0614445582 -0.0977268144 0.0459963977
v -0.0505088009 -0.0762635022 0.0460000001
v -0.00660165679 -0.0181509182 0.0457780659
v -0.0263499636 -0.0377607904 0.0459999964
v -0.0118660042 -0.03155981 0.00427855412
v -0.0161028616 -0.00230219401 0.00319649721
v -0.0089075258 -0.00126363779 0.0106603662
v -0.0146332588 -3.3222881e-05 0.0161648449
v -0.00762986159 -0.0632618889 0.00838597864
v -0.0212334283 -0.117143497 0.000372056325
v -0.01971329 -0.0179967321 0.00026541049
v -0.0173839815 -0.105068915 0.000779025955
v -0.0651610345 -0.100028008 5.08567355e-05
v -0.0631111264 -0.0949123353 3.98063094e-06
v -0.0432568714 -0.0698529631 -3.79300591e-10
v -0.0413570441 -0.107346177 5.40811288e-06
v -0.0552996136 -0.110153832 9.04177286e-05
v -0.0315032974 -0.109513961 7.72020121e-06
v -0.0335195512 -0.0520245396 3.16062255e-07
v -0.0351464003 -0.0797781721 3.99228526e-08
v -0.0432196632 -0.0911588669 4.06641304e-10
v -0.0276278742 -0.101733759 6.94696109e-06
v -0.039984908 -0.0389320888 -7.02476211e-09
v -0.0279186405 -0.0834791213 1.00454008e-05
v -0.0355561338 -0.0569480658 1.60454761e-07
v -0.0366224609 -0.0201010648 3.82268036e-06
v -0.0371654108 -0.0437123664 -2.60918664e-09
v -0.040682707 -0.0478232317 -4.16007118e-10
v -0.051077798 -0.0967563316 1.84350863e-08
v -0.0381842256 -0.0616429672 7.60547181e-09
v -0.0484554991 -0.0764218047 -3.12552501e-12
v -0.0205030721 -0.108770393 0.000235613639
v -0.0376526974 -0.10233333 2.37286457e-07
v -0.0301385038 -0.088168703 2.10829467e-06
v -0.0535159186 -0.0924791172 3.6368506e-09
v -0.0244061053 -0.0659137294 4.5843648e-05
v -0.0414944477 -0.0203727856 1.94646982e-05
v -0.0341791771 -0.0069827945 0.000293700519
v -0.0520936884 -0.105989911 6.73484965e-06
v -0.0318350941 -0.0363318361 3.37763083e-07
v -0.0314811319 -0.116922416 0.0445289239
v -0.036674127 -0.0997319296 0.0459995642
v -0.031290818 -0.0797369257 0.0460000001
v -0.04463467 -0.07634525 0.0460000001
v -0.0152393039 -0.0447408222 0.0459975637
v -0.0214955173 -0.119776703 0.0445051827
v -0.0209715031 -0.0589044988 0.0459999703
v -0.00853067916 -0.098448813 0.0459074676
v -0.00931235403 -0.0713616237 0.0459630974
v -0.00957655068 -0.0852523148 0.0459742062
v -0.0175596476 -0.0964845419 0.045999717
v -0.0289072394 -0.103744723 0.0459986702
v -0.0228050016 -0.0416601002 0.0459999852
v -0.0367509536 -0.115524374 0.0445706882
v -0.0251755286 -0.0587093048 0.0460000001
v -0.00894737709 -0.0263868663 0.0459320806
v -0.00530989049 -0.0431925952 0.0456682928
v -0.0455450676 -0.112818748 0.0444155112
v -0.040516641 -0.102770701 0.0459905006
v -0.0328496546 -0.107119635 0.0459846742
v -0.0368492268 -0.0720540285 0.0460000001
v -0.0593734272 -0.108632132 0.0447734594
v -0.0261305403 -0.0691920593 0.0460000001
v -0.0162502229 -0.109131642 0.0011503537
v -0.02893316 -0.0739174262 3.71408464e-06
v -0.0390258804 -0.0775489286 -2.17981677e-09
v -0.0395021848 -0.0881195962 1.97535344e-09
v -0.0334446989 -0.0709798709 6.27917132e-08
v -0.0434885845 -0.0614207052 7.36931696e-11
v -0.0467737541 -0.106684096 4.82810447e-06
v -0.00760813802 -0.0137199583 0.0458718203
v -0.0223134123 -0.103547342 0.000103328952
v -0.00397613831 -0.118646368 0.0127040213
v -0.049920693 -0.00040314396 0.0204262286
v -0.0640958026 -0.000730691245 0.0315009579
v -0.0396710038 -9.27763322e-05 0.0190331284
v -0.0592507534 -0.000387891021 0.0314585865
v -0.0671753585 -0.00071822782 0.0358297899
v -0.0469442606 -0.00040007272 0.0400035381
v -0.04150277 -9.85374427e-05 0.0276333708
v -0.0145029239 -0.125267819 0.0362810716
v -0.0595447943 -0.0688334703 0.0459999666
v -0.0486236773 -0.0988953784 0.0459952354
v -0.0257330388 -0.098067522 0.0459999554
v -0.0178104378 -0.0405802391 0.0459993035
v -0.02083157 -0.0684177205 0.0459999405
v -0.0394503511 -0.0937975869 0.045999974
v -0.0527771488 -0.0898988098 0.0459999852
v -0.0370111093 -0.061888434 0.0460000001
v -0.0186103359 -0.0550170578 0.0459998809
v -0.0167197604 -0.0786762089 0.0459989905
v -0.0287337806 -0.0656823739 0.0460000001
v -0.0367514193 -0.0799652934 0.0460000001
v -0.0147938756 -0.100916207 0.045995798
v -0.0224768072 -0.0768826455 0.045999974
v -0.0195880849 -0.0448031761 0.0459999368
v -0.0271731559 -0.089005962 0.0460000001
v -0.0148210209 -0.0684911758 0.0459978171
v -0.0375863761 -0.107538007 0.0459523946
v -0.0335633792 -0.123121507 0.015735412
v -0.0367539637 -0.122322954 0.00855459552
v -0.0290042255 -0.123599768 0.0156881157
v -0.0211789981 -0.12417312 0.0123243546
v -0.0579906031 -0.0889828503 0.0459999815
v -0.0324798077 -0.0303713903 1.59756269e-07
v -0.032024812 -0.041680377 3.36905856e-07
v -0.0283146389 -0.0503178798 0.0460000001
v -0.0474096648 -0.0810268223 0.0460000001
v -0.0563738756 -0.094545193 0.0459994748
v -0.0727307647 -0.0980351716 0.0456969514
v -0.027744228 -0.0450130329 7.70574025e-06
v -0.0353912897 -0.011395975 4.36833288e-05
v -0.0016456889 -0.0961080715 0.0152636347
v -0.0115672145 -0.0640019104 0.00461925007
v -0.0545307696 -0.0155917853 0.00232316647
v -0.0715993643 -0.0923996642 0.0458778366
v -0.0344115235 -0.0431570113 0.0460000001
v -0.0689065829 -0.0095939422 0.0153120542
v -0.0363872796 -0.000874356832 0.00530050462
v -0.0236603096 -9.18547698e-07 0.0266215708
v -0.0260287877 -0.000107158528 0.00792732835
v -0.0251524672 -2.71025829e-06 0.0137531934
v -0.00242528087 -0.0756962672 0.0141430059
v -0.067507118 -0.0783094391 0.0459872112
v -0.0415211245 -0.0484649986 0.0460000001
v -0.00122454832 -0.0302800033 0.0439282209
v -0.009670523 -0.104856111 0.0459614247
v -0.00350677315 -0.0386744551 0.0452680252
v -0.00571833411 -0.0756187588 0.0457454063
v -0.00258351071 -0.0699453428 0.0138955433
v -0.0631721467 -0.0649561584 0.045999907
v -0.0754020661 -0.0661604777 0.0455995351
v -0.063499406 -0.0237651467 0.0459985994
v -0.0613807291 -0.0151314838 0.0459968299
v -0.0673410594 -0.0327672288 0.0459843092
v -0.074659206 -0.0515971445 0.0456286222
v -0.0628432259 -0.0555370115 0.0459999964
v -0.0730334297 -0.0762157142 0.045815479
v -0.0581426211 -0.0421270356 0.0459999554
v -0.0538648479 -0.0504702553 0.0460000001
v -0.0413300432 -0.0395783931 0.0460000001
v -0.0554483682 -0.0278815161 0.0459999926
v -0.0594916455 -0.0381448492 0.0459999442
v -0.0554212444 -0.0377489515 0.0460000001
v -0.0562116876 -0.0156946294 0.0459976606
v -0.0533072315 -0.0418955125 0.0460000001
v -0.0529857241 -0.0331817232 0.0460000001
v -0.0251138713 -0.0228124801 0.0459999777
v -0.0556034818 -0.0216942094 0.0459999442
v -0.0231409501 -0.0186837614 0.0459996946
v -0.0407889485 -0.0255703237 0.0459999964
v -0.0740969479 -0.0615844056 0.0457642227
v -0.0763114393 -0.0794907883 0.045251485
v -0.0486331359 -0.0334946476 0.0460000001
v -0.0689512119 -0.0420362353 0.0459650755
v -0.0489865504 -0.0412247628 0.0460000001
v -0.0347246453 -0.0343043171 0.0460000001
v -0.070113562 -0.015064667 0.0459391475
v -0.0709186941 -0.00537009165 0.0454153121
v -0.0740497559 -0.0184689034 0.0455710888
v -0.0709336102 -0.0376121141 0.0459343195
v -0.0729796216 -0.0329893194 0.0457309745
v -0.0644389912 -0.0514113456 0.045999486
v -0.0476662926 -0.0209477097 0.0459999889
v -0.0671463236 -0.0559391677 0.0459973961
v -0.0491388589 -0.00929298531 0.0459544808
v -0.0560867749 -0.0604004934 0.0460000001
v -0.0666646436 -0.0641289428 0.0459978767
v -0.0618990473 -0.116122186 0.021209728
v -0.0244673695 -0.122283988 0.0399181768
v -0.0556351915 -0.116431534 0.0282570086
v -0.0333408006 -0.121697105 0.0330197066
v -0.0769674182 -0.0844582766 0.0444811545
v -0.0638272017 -0.0734448582 0.0459991284
v -0.0415673405 -0.0649566203 0.0460000001
v -0.050187353 -0.00110621459 0.0152770532
v -0.0799977705 -0.0785292238 0.030076636
v -0.0799999908 -0.0599200241 0.0219688658
v -0.0799999312 -0.0752451494 0.0256914683
v -0.0799999908 -0.0687321052 0.0207087677
v -0.0799808279 -0.0836955458 0.0328528695
v -0.07999973 -0.0594863072 0.0168916062
v -0.0799319968 -0.0870769843 0.00843598135
v -0.0789802521 -0.05387716 0.00346609368
v -0.0797620714 -0.059454415 0.00576816732
v -0.0799994096 -0.0637462586 0.0145173054
v -0.0549494214 -0.00149873935 0.0183321722
v -0.0203945432 -0.0219290555 0.0459999181
v -0.0452719033 -0.0526461788 0.0460000001
v 0.00219744653 -0.0286394637 0.0319313146
v -0.0799562484 -0.0894993916 0.026388295
v -0.0799979344 -0.0847614706 0.0167353991
v -0.0799994171 -0.0820270181 0.0213752855
v -0.0799995735 -0.0794557184 0.0166343693
v -0.0799597874 -0.088255614 0.03465854
v 0.00160282082 -0.0539207906 0.0366511531
v 0.000330003095 -0.102426864 0.0377263166
v 0.000494442473 -0.09792649 0.0240815636
v 0.000921700033 -0.0856163651 0.0315640047
v 0.000788580801 -0.0904741511 0.0292826612
v 0.000499083253 -0.101342283 0.0323591903
v -0.000866767543 -0.119190902 0.0202504322
v -2.29159195e-06 -0.115359195 0.0327290967
v 0.000251369522 -0.109440751 0.0255573932
v 0.00038679273 -0.105404884 0.0290211402
v -9.76319279e-05 -0.113854833 0.0216803234
v 0.00126505352 -0.0728150234 0.0323173255
v 0.000166141981 -0.11144802 0.036167305
v -0.00382392597 -0.0914368033 0.0123976609
v -0.00122734916 -0.0208041351 0.0157288462
v -0.00123420847 -0.0263339132 0.0156871285
v -0.0426170267 -0.0432980619 -2.77181678e-09
v -0.0574219413 -0.10515929 1.44975174e-05
v -0.000384123821 -0.0530225225 0.0171788353
v -0.000677419943 -0.105605088 0.0175560471
v 0.00162239315 -0.0436819419 0.0268303044
v -0.000859080232 -0.0935661197 0.0435530841
v -0.0015522613 -0.0734397471 0.0444938242
v -0.00162160175 -0.0683120936 0.0444905609
v -0.00128401711 -0.0147954393 0.0158421304
v -0.00089349522 -0.032281626 0.0164302271
v -0.0588145927 -0.0796424225 6.68231603e-09
v -0.0565569215 -0.0885861218 5.72425307e-09
v -0.044810839 -0.0295495782 2.08455958e-06
v -0.0552163608 -0.0966951177 1.34232977e-07
v -0.00185618922 -0.0440305993 0.0147210006
v -0.00236463523 -0.0494763628 0.0139672505
v -0.00140770513 -0.0868435353 0.0156610925
v 0.00014310707 -0.0943899974 0.0199948028
v 0.0023148919 -0.0239858069 0.0326553099
v -0.054773543 -0.00527933799 0.00972214341
v -0.0695380643 -0.001986827 0.0314571783
v -0.05484749 -0.00332014193 0.0135725522
v -0.052245982 -0.0723260492 4.71846867e-11
v -0.0490438826 -0.0546297282 7.5566059e-10
v -0.0029436599 -0.0986063853 0.0448789485
v -0.00446190173 -0.0404438265 0.0116331326
v -0.000684897183 -0.00334778405 0.0357087962
v -0.0495544001 -0.0607992597 3.87059523e-10
v 0.00193376513 -0.0438924208 0.0311370529
v -0.00296609499 -0.00235028309 0.0395637639
v -0.044923678 -0.0471172705 -4.51008869e-10
v -0.0537180156 -0.0778596327 9.38748662e-11
v -0.0428337604 -0.0250672139 5.08610219e-06
v -0.0639518499 -0.0822877586 0.0459990688
v -0.0769058242 -0.0947174057 0.0443214215
v 0.0016827269 -0.0543638952 0.0304968599
v 0.00208161795 -0.038703613 0.0336453095
v 0.000790968363 -0.0839087218 0.0233638715
v -0.00140958023 -0.038489759 0.0154643729
v -0.0799999908 -0.0554809198 0.0246996153
v -0.079996638 -0.0467604809 0.0149342706
v -0.0799953416 -0.0549146235 0.0143188424
v -0.0795748159 -0.0440168194 0.00691841263
v -0.0799998641 -0.0550992675 0.0195518453
v 7.08034495e-05 -0.108790487 0.0209098011
v -0.00226558093 -0.122157618 0.0244123824
v -0.0167221092 -0.000389681227 0.00716260402
v -0.0629660562 -0.0764861405 1.54906957e-07
v -0.0724047795 -0.0867748484 0.0458540879
v 0.000829354278 -0.0871201903 0.0262192506
v 8.18773769e-05 -0.114294954 0.0274570752
v 0.00115883676 -0.0768541396 0.0337710306
v -0.0288274363 -4.66946003e-05 0.0349397995
v 0.000907235721 -0.0273518618 0.0414594263
v 0.00113104924 -0.0228039939 0.0407671668
v -0.0599110313 -0.00217354996 0.0212688185
v -0.0315536559 -0.123497427 0.0196223389
v -0.0325009413 -0.120817289 0.00235486333
v -0.0362779051 -0.117271341 0.000688524102
v -0.06598977 -0.0130460691 0.00848611537
v 0.00148236961 -0.0641050041 0.0315417834
v -0.0102585573 -0.110655561 0.0459617153
v -0.0337486155 -0.123129338 0.0232285298
v -0.0187839027 -0.12487933 0.0203699507
v -0.0799443722 -0.0453574248 0.0108630154
v -0.0628078654 -0.071144931 5.19863264e-08
v -0.0614225939 -0.0512658618 1.65367771e-06
v -0.0134215532 -0.0777346715 0.00328269997
v -0.0596418418 -0.0628641993 0.0459999889
v -0.0302627459 -0.0240447335 0.0459999777
v 0.000642633531 -0.095910497 0.0296931341
v -0.0639336407 -0.0366791338 0.000389664463
v -0.0343563557 -0.0754566193 5.10958635e-08
v -0.00372289354 -0.107943997 0.0125900079
v -0.057934843 -0.0336829945 0.0459999852
v -0.0071799024 -0.0203436278 0.00884402357
v -0.0533524379 -0.119634762 0.0167631116
v -0.0652212277 -0.00981831923 0.0116600273
v -0.0555711761 -0.00226190686 0.0435813256
v -0.0182928052 -0.0914884731 0.0459996574
v -0.0309707988 -0.117263943 0.000373214309
v 0.000801293412 -0.0868341997 0.037195988
v -0.0518951863 -0.120619714 0.0111035947
v -0.0799880251 -0.0871277526 0.0216197986
v -0.0616103821 -0.0782895386 0.0459996536
v -0.0607719794 -0.00106327154 0.0268121473
v -0.0409153476 -0.0969595239 3.48082851e-09
v -0.0553665757 -0.0646140873 0.0460000001
v -0.0774483606 -0.0416111983 0.0444613174
v -0.0700945854 -0.00648265891 0.022247998
v -0.0499171168 -0.000193682805 0.0306680873
v -0.00888201781 -0.0381818824 0.045880761
v -0.0739809126 -0.00836961716 0.0234664325
v -0.0124375243 -0.0885981694 0.0459909551
v -0.0227934308 -0.123425804 0.00759130158
v -0.00921462104 -0.0787362084 0.00691309758
v -0.0564693734 -0.0451879278 1.80528355e-06
v 0.0154999997 -0.1149 0.00850000046
v 0.0154999997 -0.1149 0.00839396007
v 0.0104999999 -0.1149 0.00850000046
v 0.0154999997 -0.115501381 0.00850000046
v 0.0104999999 -0.1149 0.00839396007
v 0.0104999999 -0.115501381 0.00850000046
v 0.00459999964 -0.118699998 0.0108000003
v 0.00441883318 -0.118699998 0.0108239818
v 0.00459999964 -0.118050002 0.0108000003
v 0.00478116656 -0.118699998 0.0108239818
v 0.00441883318 -0.118050002 0.0108239818
v 0.00425013714 -0.118699998 0.0108938729
v 0.00478116656 -0.118050002 0.0108239818
v 0.00494999997 -0.118699998 0.0108938729
v 0.00425013714 -0.118050002 0.0108938729
v 0.00410514884 -0.118699998 0.0110051492
v 0.00494999997 -0.118050002 0.0108938729
v 0.0050948509 -0.118699998 0.0110051492
v 0.00410514884 -0.118050002 0.0110051492
v 0.00399387209 -0.118699998 0.0111500006
v 0.0050948509 -0.118050002 0.0110051492
v 0.00520612765 -0.118699998 0.0111500006
v 0.00399387209 -0.118050002 0.0111500006
v 0.00392398192 -0.118699998 0.0113188336
v 0.00520612765 -0.118050002 0.0111500006
v 0.00527601782 -0.118699998 0.0113188336
v 0.00392398192 -0.118050002 0.0113188336
v 0.00389999989 -0.118699998 0.0115
v 0.00527601782 -0.118050002 0.0113188336
v 0.00529999984 -0.118699998 0.0115
v 0.00389999989 -0.118050002 0.0115
v 0.00392398192 -0.118699998 0.0116811665
v 0.00529999984 -0.118050002 0.0115
v 0.00527601782 -0.118699998 0.0116811665
v 0.00392398192 -0.118050002 0.0116811665
v 0.00399387209 -0.118699998 0.0118499994
v 0.00527601782 -0.118050002 0.0116811665
v 0.00520612765 -0.118699998 0.0118499994
v 0.00399387209 -0.118050002 0.0118499994
v 0.00410514884 -0.118699998 0.0119948508
v 0.00520612765 -0.118050002 0.0118499994
v 0.0050948509 -0.118699998 0.0119948508
v 0.00410514884 -0.118050002 0.0119948508
v 0.00425013714 -0.118699998 0.0121061271
v 0.0050948509 -0.118050002 0.0119948508
v 0.00494999997 -0.118699998 0.0121061271
v 0.00425013714 -0.118050002 0.0121061271
v 0.00441883318 -0.118699998 0.0121760182
v 0.00494999997 -0.118050002 0.0121061271
v 0.00478116656 -0.118699998 0.0121760182
v 0.00441883318 -0.118050002 0.0121760182
v 0.00459999964 -0.118699998 0.0121999998
v 0.00478116656 -0.118050002 0.0121760182
v 0.00459999964 -0.118050002 0.0121999998
v 0.00529999984 -0.118050002 0.0353999995
v 0.00527601782 -0.118050002 0.0355811678
v 0.00529999984 -0.118699998 0.0353999995
v 0.00527601782 -0.118050002 0.0352188312
v 0.00527601782 -0.118699998 0.0355811678
v 0.00520612765 -0.118050002 0.0357500017
v 0.00527601782 -0.118699998 0.0352188312
v 0.00520612765 -0.118050002 0.0350501351
v 0.00520612765 -0.118699998 0.0357500017
v 0.0050948509 -0.118050002 0.0358948521
v 0.00520612765 -0.118699998 0.0350501351
v 0.0050948509 -0.118050002 0.0349051468
v 0.0050948509 -0.118699998 0.0358948521
v 0.00494999997 -0.118050002 0.0360061266
v 0.0050948509 -0.118699998 0.0349051468
v 0.00494999997 -0.118050002 0.0347938724
v 0.00494999997 -0.118699998 0.0360061266
v 0.00478116656 -0.118050002 0.0360760167
v 0.00494999997 -0.118699998 0.0347938724
v 0.00478116656 -0.118050002 0.0347239822
v 0.00478116656 -0.118699998 0.0360760167
v 0.00459999964 -0.118050002 0.0361000001
v 0.00478116656 -0.118699998 0.0347239822
v 0.00459999964 -0.118050002 0.0346999988
v 0.00459999964 -0.118699998 0.0361000001
v 0.00441883318 -0.118050002 0.0360760167
v 0.00459999964 -0.118699998 0.0346999988
v 0.00441883318 -0.118050002 0.0347239822
v 0.00441883318 -0.118699998 0.0360760167
v 0.00425013714 -0.118050002 0.0360061266
v 0.00441883318 -0.118699998 0.0347239822
v 0.00425013714 -0.118050002 0.0347938724
v 0.00425013714 -0.118699998 0.0360061266
v 0.00410514884 -0.118050002 0.0358948521
v 0.00425013714 -0.118699998 0.0347938724
v 0.00410514884 -0.118050002 0.0349051468
v 0.00410514884 -0.118699998 0.0358948521
v 0.00399387209 -0.118050002 0.0357500017
v 0.00410514884 -0.118699998 0.0349051468
v 0.00399387209 -0.118050002 0.0350501351
v 0.00399387209 -0.118699998 0.0357500017
v 0.00392398192 -0.118050002 0.0355811678
v 0.00399387209 -0.118699998 0.0350501351
v 0.00392398192 -0.118050002 0.0352188312
v 0.00392398192 -0.118699998 0.0355811678
v 0.00389999989 -0.118050002 0.0353999995
v 0.00392398192 -0.118699998 0.0352188312
v 0.00389999989 -0.118699998 0.0353999995
v 0.0132302176 -0.119400002 0.0124574918
v 0.0138668492 -0.118199997 0.0127647221
v 0.0141389966 -0.119400002 0.0126385009
v 0.012306164 -0.119400002 0.0125192152
v 0.0129997246 -0.118199997 0.0126502905
v 0.0146749616 -0.118199997 0.0130989989
v 0.0149707142 -0.119400002 0.0130476784
v 0.0114286263 -0.119400002 0.0128174294
v 0.0121332947 -0.118199997 0.0127647221
v 0.0153685221 -0.118199997 0.0136316242
v 0.0156677458 -0.119400002 0.0136586707
v 0.0106586972 -0.119400002 0.0133327162
v 0.0113251824 -0.118199997 0.0130989989
v 0.0159010161 -0.118199997 0.0143251456
v 0.0161828827 -0.119400002 0.0144284796
v 0.0100477533 -0.119400002 0.014029705
v 0.0106316218 -0.118199997 0.0136316242
v 0.0162356459 -0.118199997 0.0151330978
v 0.0164814126 -0.119400002 0.0153064784
v 0.00963814277 -0.119400002 0.0148605444
v 0.0100991279 -0.118199997 0.0143251456
v 0.0163495038 -0.118199997 0.0159999989
v 0.0165418126 -0.119400002 0.0162302498
v 0.00945763662 -0.119400002 0.0157697499
v 0.00976449717 -0.118199997 0.0151330978
v 0.0162356459 -0.118199997 0.0168669019
v 0.0163620003 -0.119400002 0.0171394553
v 0.00945069361 -0.119400002 0.0159999989
v 0.00965063926 -0.118199997 0.0159999989
v 0.0159010161 -0.118199997 0.017674854
v 0.0159523915 -0.119400002 0.0179702938
v 0.00951873139 -0.119400002 0.0166935213
v 0.00976449717 -0.118199997 0.0168669019
v 0.0153685221 -0.118199997 0.0183683764
v 0.0153414467 -0.119400002 0.0186672844
v 0.00981726032 -0.119400002 0.0175715201
v 0.0100991279 -0.118199997 0.017674854
v 0.0146749616 -0.118199997 0.0189009998
v 0.0145715177 -0.119400002 0.0191825703
v 0.0103323981 -0.119400002 0.0183413289
v 0.0106316218 -0.118199997 0.0183683764
v 0.0138668492 -0.118199997 0.0192352775
v 0.0136939799 -0.119400002 0.0194807835
v 0.0110294297 -0.119400002 0.0189523213
v 0.0113251824 -0.118199997 0.0189009998
v 0.0129997246 -0.118199997 0.0193497092
v 0.0127699263 -0.119400002 0.0195425078
v 0.0118611464 -0.119400002 0.0193614978
v 0.0121332947 -0.118199997 0.0192352775
v 0.00120017619 -0.0585428029 0.0216570012
v 1.12757026e-17 -0.0578178614 0.0216570012
v 0.00120017619 -0.0584831908 0.0212039892
v 0.00300000003 -0.0585428029 0.0216570012
v 0.00120017619 -0.0585428029 0.025342999
v 1.12757026e-17 -0.0577829182 0.0213918053
v 1.12757026e-17 -0.0578178614 0.025342999
v 1.12757026e-17 -0.0576808229 0.0211449005
v 0.00120017619 -0.0583084635 0.0207819268
v 0.00300000003 -0.0584831908 0.0212039892
v 0.00300000003 -0.0585428029 0.025342999
v 0.00120017619 -0.0584831908 0.0257960111
v 1.12757026e-17 -0.0577829182 0.025608195
v 1.12757026e-17 -0.0575177446 0.0209324621
v 0.00300000003 -0.0583084635 0.0207819268
v 0.00120017619 -0.0580302738 0.0204196591
v 0.00300000003 -0.0584831908 0.0257960111
v 0.00120017619 -0.0583084635 0.0262180734
v 1.12757026e-17 -0.0576808229 0.0258550998
v 1.12757026e-17 -0.0573053323 0.0207692664
v 0.00300000003 -0.0580302738 0.0204196591
v 0.00120017619 -0.057667803 0.0201418009
v 0.00300000003 -0.0583084635 0.0262180734
v 0.00120017619 -0.0580302738 0.0265803412
v 1.12757026e-17 -0.0575177446 0.0260675382
v 1.12757026e-17 -0.0570583194 0.020667268
v 0.00120017619 -0.0572460629 0.019966647
v 0.00300000003 -0.057667803 0.0201418009
v 0.00300000003 -0.0580302738 0.0265803412
v 0.00120017619 -0.057667803 0.0268581994
v 1.12757026e-17 -0.0573053323 0.0262307338
v 1.12757026e-17 -0.0567931458 0.0206320956
v 0.00120017619 -0.0567931458 0.0199068543
v 0.00300000003 -0.0572460629 0.019966647
v 0.00300000003 -0.057667803 0.0268581994
v 0.00120017619 -0.0572460629 0.0270333532
v 1.12757026e-17 -0.0570583194 0.0263327323
v 1.12757026e-17 -0.0565279722 0.020667268
v 0.00120017619 -0.0563402288 0.019966647
v 0.00300000003 -0.0567931458 0.0199068543
v 0.00300000003 -0.0572460629 0.0270333532
v 0.00120017619 -0.0567931458 0.027093146
v 1.12757026e-17 -0.0567931458 0.0263679046
v 1.12757026e-17 -0.0562809594 0.0207692664
v 0.00120017619 -0.0559184887 0.0201418009
v 0.00300000003 -0.0563402288 0.019966647
v 0.00300000003 -0.0567931458 0.027093146
v 0.00120017619 -0.0563402288 0.0270333532
v 1.12757026e-17 -0.0565279722 0.0263327323
v 1.12757026e-17 -0.0560685471 0.0209324621
v 0.00120017619 -0.0555560179 0.0204196591
v 0.00300000003 -0.0559184887 0.0201418009
v 0.00300000003 -0.0563402288 0.0270333532
v 0.00120017619 -0.0559184887 0.0268581994
v 1.12757026e-17 -0.0562809594 0.0262307338
v 1.12757026e-17 -0.0559054688 0.0211449005
v 0.00120017619 -0.0552778281 0.0207819268
v 0.00300000003 -0.0555560179 0.0204196591
v 0.00300000003 -0.0559184887 0.0268581994
v 0.00120017619 -0.0555560179 0.0265803412
v 1.12757026e-17 -0.0560685471 0.0260675382
v 0.00120017619 -0.0551031008 0.0212039892
v 1.12757026e-17 -0.0558033735 0.0213918053
v 0.00300000003 -0.0552778281 0.0207819268
v 0.00300000003 -0.0555560179 0.0265803412
v 0.00120017619 -0.0552778281 0.0262180734
v 1.12757026e-17 -0.0559054688 0.0258550998
v 0.00300000003 -0.0551031008 0.0212039892
v 1.12757026e-17 -0.0557684302 0.0216570012
v 0.00120017619 -0.0550434887 0.0216570012
v 0.00300000003 -0.0552778281 0.0262180734
v 0.00120017619 -0.0551031008 0.0257960111
v 1.12757026e-17 -0.0558033735 0.025608195
v 0.00300000003 -0.0550434887 0.0216570012
v 1.12757026e-17 -0.0557684302 0.025342999
v 0.00120017619 -0.0550434887 0.025342999
v 0.00300000003 -0.0551031008 0.0257960111
v 0.00300000003 -0.0550434887 0.025342999
v 0.0174000002 -0.0510499999 0.0160000008
v 0.0172492564 -0.0510499999 0.0171387624
v 0.016766876 -0.0539497845 0.017008692
v 0.0168995298 -0.0539497845 0.0160000008
v 0.016766876 -0.0539497845 0.0149913076
v 0.0172492564 -0.0510499999 0.0148612373
v 0.0168099459 -0.0510499999 0.0182000007
v 0.0158977285 -0.0544500016 0.0167761166
v 0.0163766649 -0.0539497845 0.0179493353
v 0.0155979646 -0.0544500016 0.0174996872
v 0.015999373 -0.0544500016 0.0160000008
v 0.0158977285 -0.0544500016 0.015223884
v 0.0155979646 -0.0544500016 0.0145003134
v 0.0163766649 -0.0539497845 0.0140506653
v 0.0168099459 -0.0510499999 0.0137999998
v 0.0161104929 -0.0510499999 0.0191104934
v 0.0157573223 -0.0539497845 0.0187573228
v 0.0151207522 -0.0544500016 0.0181207526
v 0.0151207522 -0.0544500016 0.0138792479
v 0.0157573223 -0.0539497845 0.0132426778
v 0.0161104929 -0.0510499999 0.0128895063
v 0.0152000003 -0.0510499999 0.0198099464
v 0.0149493348 -0.0539497845 0.0193766654
v 0.0144996867 -0.0544500016 0.0185979642
v 0.0144996867 -0.0544500016 0.0134020364
v 0.0149493348 -0.0539497845 0.0126233362
v 0.0152000003 -0.0510499999 0.0121900551
v 0.0141387628 -0.0510499999 0.0202492569
v 0.0140086925 -0.0539497845 0.0197668765
v 0.0137761161 -0.0544500016 0.018897729
v 0.0137761161 -0.0544500016 0.0131022707
v 0.0140086925 -0.0539497845 0.0122331241
v 0.0141387628 -0.0510499999 0.0117507437
v 0.0130000003 -0.0510499999 0.0204000007
v 0.0130000003 -0.0539497845 0.0198995303
v 0.0130000003 -0.0544500016 0.0189993735
v 0.0130000003 -0.0544500016 0.0130006261
v 0.0130000003 -0.0539497845 0.0121004693
v 0.0130000003 -0.0510499999 0.0115999999
v 0.0118612377 -0.0510499999 0.0202492569
v 0.0119913081 -0.0539497845 0.0197668765
v 0.0122238845 -0.0544500016 0.018897729
v 0.0122238845 -0.0544500016 0.0131022707
v 0.0119913081 -0.0539497845 0.0122331241
v 0.0118612377 -0.0510499999 0.0117507437
v 0.0108000003 -0.0510499999 0.0198099464
v 0.0110506658 -0.0539497845 0.0193766654
v 0.0115003139 -0.0544500016 0.0185979642
v 0.0115003139 -0.0544500016 0.0134020364
v 0.0108000003 -0.0510499999 0.0121900551
v 0.0110506658 -0.0539497845 0.0126233362
v 0.00988950673 -0.0510499999 0.0191104934
v 0.0102426782 -0.0539497845 0.0187573228
v 0.0108792484 -0.0544500016 0.0181207526
v 0.0102426782 -0.0539497845 0.0132426778
v 0.0108792484 -0.0544500016 0.0138792479
v 0.00988950673 -0.0510499999 0.0128895063
v 0.00919005554 -0.0510499999 0.0182000007
v 0.00962333661 -0.0539497845 0.0179493353
v 0.0104020359 -0.0544500016 0.0174996872
v 0.0104020359 -0.0544500016 0.0145003134
v 0.00962333661 -0.0539497845 0.0140506653
v 0.00919005554 -0.0510499999 0.0137999998
v 0.00875074416 -0.0510499999 0.0171387624
v 0.00923312455 -0.0539497845 0.017008692
v 0.0101022711 -0.0544500016 0.0167761166
v 0.0101022711 -0.0544500016 0.015223884
v 0.00923312455 -0.0539497845 0.0149913076
v 0.00875074416 -0.0510499999 0.0148612373
v 0.00860000029 -0.0510499999 0.0160000008
v 0.00910046976 -0.0539497845 0.0160000008
v 0.0100006266 -0.0544500016 0.0160000008
v 0.0214000009 -0.0732500032 0.0108000003
v 0.0212188326 -0.0732500032 0.0108239818
v 0.0214000009 -0.0725999996 0.0108000003
v 0.0215811674 -0.0732500032 0.0108239818
v 0.0212188326 -0.0725999996 0.0108239818
v 0.0210501365 -0.0732500032 0.0108938729
v 0.0215811674 -0.0725999996 0.0108239818
v 0.0217498634 -0.0732500032 0.0108938729
v 0.0210501365 -0.0725999996 0.0108938729
v 0.0209051482 -0.0732500032 0.0110051492
v 0.0217498634 -0.0725999996 0.0108938729
v 0.0218948517 -0.0732500032 0.0110051492
v 0.0209051482 -0.0725999996 0.0110051492
v 0.020793872 -0.0732500032 0.0111500006
v 0.0218948517 -0.0725999996 0.0110051492
v 0.022006128 -0.0732500032 0.0111500006
v 0.020793872 -0.0725999996 0.0111500006
v 0.0207239818 -0.0732500032 0.0113188336
v 0.022006128 -0.0725999996 0.0111500006
v 0.0220760182 -0.0732500032 0.0113188336
v 0.0207239818 -0.0725999996 0.0113188336
v 0.0207000002 -0.0732500032 0.0115
v 0.0220760182 -0.0725999996 0.0113188336
v 0.0220999997 -0.0732500032 0.0115
v 0.0207000002 -0.0725999996 0.0115
v 0.0207239818 -0.0732500032 0.0116811665
v 0.0220999997 -0.0725999996 0.0115
v 0.0220760182 -0.0732500032 0.0116811665
v 0.0207239818 -0.0725999996 0.0116811665
v 0.020793872 -0.0732500032 0.0118499994
v 0.0220760182 -0.0725999996 0.0116811665
v 0.022006128 -0.0732500032 0.0118499994
v 0.020793872 -0.0725999996 0.0118499994
v 0.0209051482 -0.0732500032 0.0119948508
v 0.022006128 -0.0725999996 0.0118499994
v 0.0218948517 -0.0732500032 0.0119948508
v 0.0209051482 -0.0725999996 0.0119948508
v 0.0210501365 -0.0732500032 0.0121061271
v 0.0218948517 -0.0725999996 0.0119948508
v 0.0217498634 -0.0732500032 0.0121061271
v 0.0210501365 -0.0725999996 0.0121061271
v 0.0212188326 -0.0732500032 0.0121760182
v 0.0217498634 -0.0725999996 0.0121061271
v 0.0215811674 -0.0732500032 0.0121760182
v 0.0212188326 -0.0725999996 0.0121760182
v 0.0214000009 -0.0732500032 0.0121999998
v 0.0215811674 -0.0725999996 0.0121760182
v 0.0214000009 -0.0725999996 0.0121999998
v 0.0186000001 -0.0725999996 0.0388999991
v 0.0185760185 -0.0725999996 0.0390811674
v 0.0186000001 -0.0732500032 0.0388999991
v 0.0185760185 -0.0725999996 0.0387188308
v 0.0185760185 -0.0732500032 0.0390811674
v 0.0185061283 -0.0725999996 0.0392500013
v 0.0185760185 -0.0732500032 0.0387188308
v 0.0185061283 -0.0725999996 0.0385501347
v 0.0185061283 -0.0732500032 0.0392500013
v 0.0183948521 -0.0725999996 0.0393948518
v 0.0185061283 -0.0732500032 0.0385501347
v 0.0183948521 -0.0725999996 0.0384051464
v 0.0183948521 -0.0732500032 0.0393948518
v 0.0182498638 -0.0725999996 0.0395061262
v 0.0183948521 -0.0732500032 0.0384051464
v 0.0182498638 -0.0725999996 0.038293872
v 0.0182498638 -0.0732500032 0.0395061262
v 0.0180811677 -0.0725999996 0.0395760164
v 0.0182498638 -0.0732500032 0.038293872
v 0.0180811677 -0.0725999996 0.0382239819
v 0.0180811677 -0.0732500032 0.0395760164
v 0.0179000013 -0.0725999996 0.0395999998
v 0.0180811677 -0.0732500032 0.0382239819
v 0.0179000013 -0.0725999996 0.0381999984
v 0.0179000013 -0.0732500032 0.0395999998
v 0.0177188329 -0.0725999996 0.0395760164
v 0.0179000013 -0.0732500032 0.0381999984
v 0.0177188329 -0.0725999996 0.0382239819
v 0.0177188329 -0.0732500032 0.0395760164
v 0.0175501369 -0.0725999996 0.0395061262
v 0.0177188329 -0.0732500032 0.0382239819
v 0.0175501369 -0.0725999996 0.038293872
v 0.0175501369 -0.0732500032 0.0395061262
v 0.0174051486 -0.0725999996 0.0393948518
v 0.0175501369 -0.0732500032 0.038293872
v 0.0174051486 -0.0725999996 0.0384051464
v 0.0174051486 -0.0732500032 0.0393948518
v 0.0172938723 -0.0725999996 0.0392500013
v 0.0174051486 -0.0732500032 0.0384051464
v 0.0172938723 -0.0725999996 0.0385501347
v 0.0172938723 -0.0732500032 0.0392500013
v 0.0172239821 -0.0725999996 0.0390811674
v 0.0172938723 -0.0732500032 0.0385501347
v 0.0172239821 -0.0725999996 0.0387188308
v 0.0172239821 -0.0732500032 0.0390811674
v 0.0172000006 -0.0725999996 0.0388999991
v 0.0172239821 -0.0732500032 0.0387188308
v 0.0172000006 -0.0732500032 0.0388999991
v 0.0154999997 -0.0240000002 0.00850000046
v 0.0154999997 -0.0240000002 0.00839396007
v 0.0104999999 -0.0240000002 0.00850000046
v 0.0154999997 -0.024601385 0.00850000046
v 0.0104999999 -0.0240000002 0.00839396007
v 0.0104999999 -0.024601385 0.00850000046
v 0.00459999964 -0.0277999993 0.0108000003
v 0.00441883318 -0.0277999993 0.0108239818
v 0.00459999964 -0.0271499995 0.0108000003
v 0.00478116656 -0.0277999993 0.0108239818
v 0.00441883318 -0.0271499995 0.0108239818
v 0.00425013714 -0.0277999993 0.0108938729
v 0.00478116656 -0.0271499995 0.0108239818
v 0.00494999997 -0.0277999993 0.0108938729
v 0.00425013714 -0.0271499995 0.0108938729
v 0.00410514884 -0.0277999993 0.0110051492
v 0.00494999997 -0.0271499995 0.0108938729
v 0.0050948509 -0.0277999993 0.0110051492
v 0.00410514884 -0.0271499995 0.0110051492
v 0.00399387209 -0.0277999993 0.0111500006
v 0.0050948509 -0.0271499995 0.0110051492
v 0.00520612765 -0.0277999993 0.0111500006
v 0.00399387209 -0.0271499995 0.0111500006
v 0.00392398192 -0.0277999993 0.0113188336
v 0.00520612765 -0.0271499995 0.0111500006
v 0.00527601782 -0.0277999993 0.0113188336
v 0.00392398192 -0.0271499995 0.0113188336
v 0.00389999989 -0.0277999993 0.0115
v 0.00527601782 -0.0271499995 0.0113188336
v 0.00529999984 -0.0277999993 0.0115
v 0.00389999989 -0.0271499995 0.0115
v 0.00392398192 -0.0277999993 0.0116811665
v 0.00529999984 -0.0271499995 0.0115
v 0.00527601782 -0.0277999993 0.0116811665
v 0.00392398192 -0.0271499995 0.0116811665
v 0.00399387209 -0.0277999993 0.0118499994
v 0.00527601782 -0.0271499995 0.0116811665
v 0.00520612765 -0.0277999993 0.0118499994
v 0.00399387209 -0.0271499995 0.0118499994
v 0.00410514884 -0.0277999993 0.0119948508
v 0.00520612765 -0.0271499995 0.0118499994
v 0.0050948509 -0.0277999993 0.0119948508
v 0.00410514884 -0.0271499995 0.0119948508
v 0.00425013714 -0.0277999993 0.0121061271
v 0.0050948509 -0.0271499995 0.0119948508
v 0.00494999997 -0.0277999993 0.0121061271
v 0.00425013714 -0.0271499995 0.0121061271
v 0.00441883318 -0.0277999993 0.0121760182
v 0.00494999997 -0.0271499995 0.0121061271
v 0.00478116656 -0.0277999993 0.0121760182
v 0.00441883318 -0.0271499995 0.0121760182
v 0.00459999964 -0.0277999993 0.0121999998
v 0.00478116656 -0.0271499995 0.0121760182
v 0.00459999964 -0.0271499995 0.0121999998
v 0.00529999984 -0.0271499995 0.0353999995
v 0.00527601782 -0.0271499995 0.0355811678
v 0.00529999984 -0.0277999993 0.0353999995
v 0.00527601782 -0.0271499995 0.0352188312
v 0.00527601782 -0.0277999993 0.0355811678
v 0.00520612765 -0.0271499995 0.0357500017
v 0.00527601782 -0.0277999993 0.0352188312
v 0.00520612765 -0.0271499995 0.0350501351
v 0.00520612765 -0.0277999993 0.0357500017
v 0.0050948509 -0.0271499995 0.0358948521
v 0.00520612765 -0.0277999993 0.0350501351
v 0.0050948509 -0.0271499995 0.0349051468
v 0.0050948509 -0.0277999993 0.0358948521
v 0.00494999997 -0.0271499995 0.0360061266
v 0.0050948509 -0.0277999993 0.0349051468
v 0.00494999997 -0.0271499995 0.0347938724
v 0.00494999997 -0.0277999993 0.0360061266
v 0.00478116656 -0.0271499995 0.0360760167
v 0.00494999997 -0.0277999993 0.0347938724
v 0.00478116656 -0.0271499995 0.0347239822
v 0.00478116656 -0.0277999993 0.0360760167
v 0.00459999964 -0.0271499995 0.0361000001
v 0.00478116656 -0.0277999993 0.0347239822
v 0.00459999964 -0.0271499995 0.0346999988
v 0.00459999964 -0.0277999993 0.0361000001
v 0.00441883318 -0.0271499995 0.0360760167
v 0.00459999964 -0.0277999993 0.0346999988
v 0.00441883318 -0.0271499995 0.0347239822
v 0.00441883318 -0.0277999993 0.0360760167
v 0.00425013714 -0.0271499995 0.0360061266
v 0.00441883318 -0.0277999993 0.0347239822
v 0.00425013714 -0.0271499995 0.0347938724
v 0.00425013714 -0.0277999993 0.0360061266
v 0.00410514884 -0.0271499995 0.0358948521
v 0.00425013714 -0.0277999993 0.0347938724
v 0.00410514884 -0.0271499995 0.0349051468
v 0.00410514884 -0.0277999993 0.0358948521
v 0.00399387209 -0.0271499995 0.0357500017
v 0.00410514884 -0.0277999993 0.0349051468
v 0.00399387209 -0.0271499995 0.0350501351
v 0.00399387209 -0.0277999993 0.0357500017
v 0.00392398192 -0.0271499995 0.0355811678
v 0.00399387209 -0.0277999993 0.0350501351
v 0.00392398192 -0.0271499995 0.0352188312
v 0.00392398192 -0.0277999993 0.0355811678
v 0.00389999989 -0.0271499995 0.0353999995
v 0.00392398192 -0.0277999993 0.0352188312
v 0.00389999989 -0.0277999993 0.0353999995
v 0.0132302176 -0.0285 0.0124574918
v 0.0138668492 -0.0273000002 0.0127647221
v 0.0141389966 -0.0285 0.0126385009
v 0.012306164 -0.0285 0.0125192152
v 0.0129997246 -0.0273000002 0.0126502905
v 0.0146749616 -0.0273000002 0.0130989989
v 0.0149707142 -0.0285 0.0130476784
v 0.0114286263 -0.0285 0.0128174294
v 0.0121332947 -0.0273000002 0.0127647221
v 0.0153685221 -0.0273000002 0.0136316242
v 0.0156677458 -0.0285 0.0136586707
v 0.0106586972 -0.0285 0.0133327162
v 0.0113251824 -0.0273000002 0.0130989989
v 0.0159010161 -0.0273000002 0.0143251456
v 0.0161828827 -0.0285 0.0144284796
v 0.0100477533 -0.0285 0.014029705
v 0.0106316218 -0.0273000002 0.0136316242
v 0.0162356459 -0.0273000002 0.0151330978
v 0.0164814126 -0.0285 0.0153064784
v 0.00963814277 -0.0285 0.0148605444
v 0.0100991279 -0.0273000002 0.0143251456
v 0.0163495038 -0.0273000002 0.0159999989
v 0.0165418126 -0.0285 0.0162302498
v 0.00945763662 -0.0285 0.0157697499
v 0.00976449717 -0.0273000002 0.0151330978
v 0.0162356459 -0.0273000002 0.0168669019
v 0.0163620003 -0.0285 0.0171394553
v 0.00945069361 -0.0285 0.0159999989
v 0.00965063926 -0.0273000002 0.0159999989
v 0.0159010161 -0.0273000002 0.017674854
v 0.0159523915 -0.0285 0.0179702938
v 0.00951873139 -0.0285 0.0166935213
v 0.00976449717 -0.0273000002 0.0168669019
v 0.0153685221 -0.0273000002 0.0183683764
v 0.0153414467 -0.0285 0.0186672844
v 0.00981726032 -0.0285 0.0175715201
v 0.0100991279 -0.0273000002 0.017674854
v 0.0146749616 -0.0273000002 0.0189009998
v 0.0145715177 -0.0285 0.0191825703
v 0.0103323981 -0.0285 0.0183413289
v 0.0106316218 -0.0273000002 0.0183683764
v 0.0138668492 -0.0273000002 0.0192352775
v 0.0136939799 -0.0285 0.0194807835
v 0.0110294297 -0.0285 0.0189523213
v 0.0113251824 -0.0273000002 0.0189009998
v 0.0129997246 -0.0273000002 0.0193497092
v 0.0127699263 -0.0285 0.0195425078
v 0.0118611464 -0.0285 0.0193614978
v 0.0121332947 -0.0273000002 0.0192352775
v 0.0186000001 -0.0271499995 0.0388999991
v 0.0185760185 -0.0271499995 0.0390811674
v 0.0186000001 -0.0277999993 0.0388999991
v 0.0185760185 -0.0271499995 0.0387188308
v 0.0185760185 -0.0277999993 0.0390811674
v 0.0185061283 -0.0271499995 0.0392500013
v 0.0185760185 -0.0277999993 0.0387188308
v 0.0185061283 -0.0271499995 0.0385501347
v 0.0185061283 -0.0277999993 0.0392500013
v 0.0183948521 -0.0271499995 0.0393948518
v 0.0185061283 -0.0277999993 0.0385501347
v 0.0183948521 -0.0271499995 0.0384051464
v 0.0183948521 -0.0277999993 0.0393948518
v 0.0182498638 -0.0271499995 0.0395061262
v 0.0183948521 -0.0277999993 0.0384051464
v 0.0182498638 -0.0271499995 0.038293872
v 0.0182498638 -0.0277999993 0.0395061262
v 0.0180811677 -0.0271499995 0.0395760164
v 0.0182498638 -0.0277999993 0.038293872
v 0.0180811677 -0.0271499995 0.0382239819
v 0.0180811677 -0.0277999993 0.0395760164
v 0.0179000013 -0.0271499995 0.0395999998
v 0.0180811677 -0.0277999993 0.0382239819
v 0.0179000013 -0.0271499995 0.0381999984
v 0.0179000013 -0.0277999993 0.0395999998
v 0.0177188329 -0.0271499995 0.0395760164
v 0.0179000013 -0.0277999993 0.0381999984
v 0.0177188329 -0.0271499995 0.0382239819
v 0.0177188329 -0.0277999993 0.0395760164
v 0.0175501369 -0.0271499995 0.0395061262
v 0.0177188329 -0.0277999993 0.0382239819
v 0.0175501369 -0.0271499995 0.038293872
v 0.0175501369 -0.0277999993 0.0395061262
v 0.0174051486 -0.0271499995 0.0393948518
v 0.0175501369 -0.0277999993 0.038293872
v 0.0174051486 -0.0271499995 0.0384051464
v 0.0174051486 -0.0277999993 0.0393948518
v 0.0172938723 -0.0271499995 0.0392500013
v 0.0174051486 -0.0277999993 0.0384051464
v 0.0172938723 -0.0271499995 0.0385501347
v 0.0172938723 -0.0277999993 0.0392500013
v 0.0172239821 -0.0271499995 0.0390811674
v 0.0172938723 -0.0277999993 0.0385501347
v 0.0172239821 -0.0271499995 0.0387188308
v 0.0172239821 -0.0277999993 0.0390811674
v 0.0172000006 -0.0271499995 0.0388999991
v 0.0172239821 -0.0277999993 0.0387188308
v 0.0172000006 -0.0277999993 0.0388999991
v 0.0214000009 -0.0277999993 0.0108000003
v 0.0212188326 -0.0277999993 0.0108239818
v 0.0214000009 -0.0271499995 0.0108000003
v 0.0215811674 -0.0277999993 0.0108239818
v 0.0212188326 -0.0271499995 0.0108239818
v 0.0210501365 -0.0277999993 0.0108938729
v 0.0215811674 -0.0271499995 0.0108239818
v 0.0217498634 -0.0277999993 0.0108938729
v 0.0210501365 -0.0271499995 0.0108938729
v 0.0209051482 -0.0277999993 0.0110051492
v 0.0217498634 -0.0271499995 0.0108938729
v 0.0218948517 -0.0277999993 0.0110051492
v 0.0209051482 -0.0271499995 0.0110051492
v 0.020793872 -0.0277999993 0.0111500006
v 0.0218948517 -0.0271499995 0.0110051492
v 0.022006128 -0.0277999993 0.0111500006
v 0.020793872 -0.0271499995 0.0111500006
v 0.0207239818 -0.0277999993 0.0113188336
v 0.022006128 -0.0271499995 0.0111500006
v 0.0220760182 -0.0277999993 0.0113188336
v 0.0207239818 -0.0271499995 0.0113188336
v 0.0207000002 -0.0277999993 0.0115
v 0.0220760182 -0.0271499995 0.0113188336
v 0.0220999997 -0.0277999993 0.0115
v 0.0207000002 -0.0271499995 0.0115
v 0.0207239818 -0.0277999993 0.0116811665
v 0.0220999997 -0.0271499995 0.0115
v 0.0220760182 -0.0277999993 0.0116811665
v 0.0207239818 -0.0271499995 0.0116811665
v 0.020793872 -0.0277999993 0.0118499994
v 0.0220760182 -0.0271499995 0.0116811665
v 0.022006128 -0.0277999993 0.0118499994
v 0.020793872 -0.0271499995 0.0118499994
v 0.0209051482 -0.0277999993 0.0119948508
v 0.022006128 -0.0271499995 0.0118499994
v 0.0218948517 -0.0277999993 0.0119948508
v 0.0209051482 -0.0271499995 0.0119948508
v 0.0210501365 -0.0277999993 0.0121061271
v 0.0218948517 -0.0271499995 0.0119948508
v 0.0217498634 -0.0277999993 0.0121061271
v 0.0210501365 -0.0271499995 0.0121061271
v 0.0212188326 -0.0277999993 0.0121760182
v 0.0217498634 -0.0271499995 0.0121061271
v 0.0215811674 -0.0277999993 0.0121760182
v 0.0212188326 -0.0271499995 0.0121760182
v 0.0214000009 -0.0277999993 0.0121999998
v 0.0215811674 -0.0271499995 0.0121760182
v 0.0214000009 -0.0271499995 0.0121999998
v 0.0174000002 -0.00560033275 0.0160000008
v 0.0172492564 -0.00560033275 0.0171387624
v 0.016766876 -0.0084997844 0.017008692
v 0.0168995298 -0.0084997844 0.0160000008
v 0.016766876 -0.0084997844 0.0149913076
v 0.0172492564 -0.00560033275 0.0148612373
v 0.0168099459 -0.00560033275 0.0182000007
v 0.0158977285 -0.00899966713 0.0167761166
v 0.0163766649 -0.0084997844 0.0179493353
v 0.0155979646 -0.00899966713 0.0174996872
v 0.015999373 -0.00899966713 0.0160000008
v 0.0158977285 -0.00899966713 0.015223884
v 0.0155979646 -0.00899966713 0.0145003134
v 0.0163766649 -0.0084997844 0.0140506653
v 0.0168099459 -0.00560033275 0.0137999998
v 0.0161104929 -0.00560033275 0.0191104934
v 0.0157573223 -0.0084997844 0.0187573228
v 0.0151207522 -0.00899966713 0.0181207526
v 0.0151207522 -0.00899966713 0.0138792479
v 0.0157573223 -0.0084997844 0.0132426778
v 0.0161104929 -0.00560033275 0.0128895063
v 0.0152000003 -0.00560033275 0.0198099464
v 0.0149493348 -0.0084997844 0.0193766654
v 0.0144996867 -0.00899966713 0.0185979642
v 0.0144996867 -0.00899966713 0.0134020364
v 0.0149493348 -0.0084997844 0.0126233362
v 0.0152000003 -0.00560033275 0.0121900551
v 0.0141387628 -0.00560033275 0.0202492569
v 0.0140086925 -0.0084997844 0.0197668765
v 0.0137761161 -0.00899966713 0.018897729
v 0.0137761161 -0.00899966713 0.0131022707
v 0.0140086925 -0.0084997844 0.0122331241
v 0.0141387628 -0.00560033275 0.0117507437
v 0.0130000003 -0.00560033275 0.0204000007
v 0.0130000003 -0.0084997844 0.0198995303
v 0.0130000003 -0.00899966713 0.0189993735
v 0.0130000003 -0.00899966713 0.0130006261
v 0.0130000003 -0.0084997844 0.0121004693
v 0.0130000003 -0.00560033275 0.0115999999
v 0.0118612377 -0.00560033275 0.0202492569
v 0.0119913081 -0.0084997844 0.0197668765
v 0.0122238845 -0.00899966713 0.018897729
v 0.0122238845 -0.00899966713 0.0131022707
v 0.0119913081 -0.0084997844 0.0122331241
v 0.0118612377 -0.00560033275 0.0117507437
v 0.0108000003 -0.00560033275 0.0198099464
v 0.0110506658 -0.0084997844 0.0193766654
v 0.0115003139 -0.00899966713 0.0185979642
v 0.0115003139 -0.00899966713 0.0134020364
v 0.0108000003 -0.00560033275 0.0121900551
v 0.0110506658 -0.0084997844 0.0126233362
v 0.00988950673 -0.00560033275 0.0191104934
v 0.0102426782 -0.0084997844 0.0187573228
v 0.0108792484 -0.00899966713 0.0181207526
v 0.0102426782 -0.0084997844 0.0132426778
v 0.0108792484 -0.00899966713 0.0138792479
v 0.00988950673 -0.00560033275 0.0128895063
v 0.00919005554 -0.00560033275 0.0182000007
v 0.00962333661 -0.0084997844 0.0179493353
v 0.0104020359 -0.00899966713 0.0174996872
v 0.0104020359 -0.00899966713 0.0145003134
v 0.00962333661 -0.0084997844 0.0140506653
v 0.00919005554 -0.00560033275 0.0137999998
v 0.00875074416 -0.00560033275 0.0171387624
v 0.00923312455 -0.0084997844 0.017008692
v 0.0101022711 -0.00899966713 0.0167761166
v 0.0101022711 -0.00899966713 0.015223884
v 0.00923312455 -0.0084997844 0.0149913076
v 0.00875074416 -0.00560033275 0.0148612373
v 0.00860000029 -0.00560033275 0.0160000008
v 0.00910046976 -0.0084997844 0.0160000008
v 0.0100006266 -0.00899966713 0.0160000008
v 0.00120017619 -0.0130928028 0.0216570012
v 1.12757026e-17 -0.0123678613 0.0216570012
v 0.00120017619 -0.0130331907 0.0212039892
v 0.00300000003 -0.0130928028 0.0216570012
v 0.00120017619 -0.0130928028 0.025342999
v 1.12757026e-17 -0.0123329163 0.0213918053
v 1.12757026e-17 -0.0123678613 0.025342999
v 0.00300000003 -0.0130331907 0.0212039892
v 1.12757026e-17 -0.0122308219 0.0211449005
v 0.00120017619 -0.0128584644 0.0207819268
v 0.00300000003 -0.0130928028 0.025342999
v 0.00120017619 -0.0130331907 0.0257960111
v 1.12757026e-17 -0.0123329163 0.025608195
v 0.00300000003 -0.0128584644 0.0207819268
v 1.12757026e-17 -0.0120677445 0.0209324621
v 0.00120017619 -0.0125802737 0.0204196591
v 0.00300000003 -0.0130331907 0.0257960111
v 0.00120017619 -0.0128584644 0.0262180734
v 1.12757026e-17 -0.0122308219 0.0258550998
v 0.00300000003 -0.0125802737 0.0204196591
v 1.12757026e-17 -0.0118553322 0.0207692664
v 0.00120017619 -0.0122178029 0.0201418009
v 0.00300000003 -0.0128584644 0.0262180734
v 0.00120017619 -0.0125802737 0.0265803412
v 1.12757026e-17 -0.0120677445 0.0260675382
v 0.00300000003 -0.0122178029 0.0201418009
v 1.12757026e-17 -0.0116083184 0.020667268
v 0.00120017619 -0.0117960628 0.019966647
v 0.00300000003 -0.0125802737 0.0265803412
v 0.00120017619 -0.0122178029 0.0268581994
v 1.12757026e-17 -0.0118553322 0.0262307338
v 0.00300000003 -0.0117960628 0.019966647
v 1.12757026e-17 -0.0113431457 0.0206320956
v 0.00120017619 -0.0113431457 0.0199068543
v 0.00300000003 -0.0122178029 0.0268581994
v 0.00120017619 -0.0117960628 0.0270333532
v 1.12757026e-17 -0.0116083184 0.0263327323
v 0.00300000003 -0.0113431457 0.0199068543
v 1.12757026e-17 -0.0110779731 0.020667268
v 0.00120017619 -0.0108902287 0.019966647
v 0.00300000003 -0.0117960628 0.0270333532
v 0.00120017619 -0.0113431457 0.027093146
v 1.12757026e-17 -0.0113431457 0.0263679046
v 0.00300000003 -0.0108902287 0.019966647
v 1.12757026e-17 -0.0108309593 0.0207692664
v 0.00120017619 -0.0104684886 0.0201418009
v 0.00300000003 -0.0113431457 0.027093146
v 0.00120017619 -0.0108902287 0.0270333532
v 1.12757026e-17 -0.0110779731 0.0263327323
v 0.00300000003 -0.0104684886 0.0201418009
v 1.12757026e-17 -0.010618547 0.0209324621
v 0.00120017619 -0.0101060178 0.0204196591
v 0.00300000003 -0.0108902287 0.0270333532
v 0.00120017619 -0.0104684886 0.0268581994
v 1.12757026e-17 -0.0108309593 0.0262307338
v 0.00300000003 -0.0101060178 0.0204196591
v 0.00120017619 -0.0098278271 0.0207819268
v 1.12757026e-17 -0.0104554696 0.0211449005
v 0.00300000003 -0.0104684886 0.0268581994
v 0.00120017619 -0.0101060178 0.0265803412
v 1.12757026e-17 -0.010618547 0.0260675382
v 0.00300000003 -0.0098278271 0.0207819268
v 0.00120017619 -0.00965310074 0.0212039892
v 1.12757026e-17 -0.0103533752 0.0213918053
v 0.00300000003 -0.0101060178 0.0265803412
v 0.00120017619 -0.0098278271 0.0262180734
v 1.12757026e-17 -0.0104554696 0.0258550998
v 0.00300000003 -0.00965310074 0.0212039892
v 1.12757026e-17 -0.0103184301 0.0216570012
v 0.00120017619 -0.00959348865 0.0216570012
v 0.00300000003 -0.0098278271 0.0262180734
v 0.00120017619 -0.00965310074 0.0257960111
v 1.12757026e-17 -0.0103533752 0.025608195
v 0.00300000003 -0.00959348865 0.0216570012
v 1.12757026e-17 -0.0103184301 0.025342999
v 0.00120017619 -0.00959348865 0.025342999
v 0.00300000003 -0.00965310074 0.0257960111
v 0.00300000003 -0.00959348865 0.025342999
v 0.0132302176 -0.0739500001 0.0124574918
v 0.0138668492 -0.0727500021 0.0127647221
v 0.0141389966 -0.0739500001 0.0126385009
v 0.012306164 -0.0739500001 0.0125192152
v 0.0129997246 -0.0727500021 0.0126502905
v 0.0146749616 -0.0727500021 0.0130989989
v 0.0149707142 -0.0739500001 0.0130476784
v 0.0114286263 -0.0739500001 0.0128174294
v 0.0121332947 -0.0727500021 0.0127647221
v 0.0153685221 -0.0727500021 0.0136316242
v 0.0156677458 -0.0739500001 0.0136586707
v 0.0106586972 -0.0739500001 0.0133327162
v 0.0113251824 -0.0727500021 0.0130989989
v 0.0159010161 -0.0727500021 0.0143251456
v 0.0161828827 -0.0739500001 0.0144284796
v 0.0100477533 -0.0739500001 0.014029705
v 0.0106316218 -0.0727500021 0.0136316242
v 0.0162356459 -0.0727500021 0.0151330978
v 0.0164814126 -0.0739500001 0.0153064784
v 0.00963814277 -0.0739500001 0.0148605444
v 0.0100991279 -0.0727500021 0.0143251456
v 0.0163495038 -0.0727500021 0.0159999989
v 0.0165418126 -0.0739500001 0.0162302498
v 0.00945763662 -0.0739500001 0.0157697499
v 0.00976449717 -0.0727500021 0.0151330978
v 0.0162356459 -0.0727500021 0.0168669019
v 0.0163620003 -0.0739500001 0.0171394553
v 0.00945069361 -0.0739500001 0.0159999989
v 0.00965063926 -0.0727500021 0.0159999989
v 0.0159010161 -0.0727500021 0.017674854
v 0.0159523915 -0.0739500001 0.0179702938
v 0.00951873139 -0.0739500001 0.0166935213
v 0.00976449717 -0.0727500021 0.0168669019
v 0.0153685221 -0.0727500021 0.0183683764
v 0.0153414467 -0.0739500001 0.0186672844
v 0.00981726032 -0.0739500001 0.0175715201
v 0.0100991279 -0.0727500021 0.017674854
v 0.0146749616 -0.0727500021 0.0189009998
v 0.0145715177 -0.0739500001 0.0191825703
v 0.0103323981 -0.0739500001 0.0183413289
v 0.0106316218 -0.0727500021 0.0183683764
v 0.0138668492 -0.0727500021 0.0192352775
v 0.0136939799 -0.0739500001 0.0194807835
v 0.0110294297 -0.0739500001 0.0189523213
v 0.0113251824 -0.0727500021 0.0189009998
v 0.0129997246 -0.0727500021 0.0193497092
v 0.0127699263 -0.0739500001 0.0195425078
v 0.0118611464 -0.0739500001 0.0193614978
v 0.0121332947 -0.0727500021 0.0192352775
v 0.00529999984 -0.0725999996 0.0353999995
v 0.00527601782 -0.0725999996 0.0355811678
v 0.00529999984 -0.0732500032 0.0353999995
v 0.00527601782 -0.0725999996 0.0352188312
v 0.00527601782 -0.0732500032 0.0355811678
v 0.00520612765 -0.0725999996 0.0357500017
v 0.00527601782 -0.0732500032 0.0352188312
v 0.00520612765 -0.0725999996 0.0350501351
v 0.00520612765 -0.0732500032 0.0357500017
v 0.0050948509 -0.0725999996 0.0358948521
v 0.00520612765 -0.0732500032 0.0350501351
v 0.0050948509 -0.0725999996 0.0349051468
v 0.0050948509 -0.0732500032 0.0358948521
v 0.00494999997 -0.0725999996 0.0360061266
v 0.0050948509 -0.0732500032 0.0349051468
v 0.00494999997 -0.0725999996 0.0347938724
v 0.00494999997 -0.0732500032 0.0360061266
v 0.00478116656 -0.0725999996 0.0360760167
v 0.00494999997 -0.0732500032 0.0347938724
v 0.00478116656 -0.0725999996 0.0347239822
v 0.00478116656 -0.0732500032 0.0360760167
v 0.00459999964 -0.0725999996 0.0361000001
v 0.00478116656 -0.0732500032 0.0347239822
v 0.00459999964 -0.0725999996 0.0346999988
v 0.00459999964 -0.0732500032 0.0361000001
v 0.00441883318 -0.0725999996 0.0360760167
v 0.00459999964 -0.0732500032 0.0346999988
v 0.00441883318 -0.0725999996 0.0347239822
v 0.00441883318 -0.0732500032 0.0360760167
v 0.00425013714 -0.0725999996 0.0360061266
v 0.00441883318 -0.0732500032 0.0347239822
v 0.00425013714 -0.0725999996 0.0347938724
v 0.00425013714 -0.0732500032 0.0360061266
v 0.00410514884 -0.0725999996 0.0358948521
v 0.00425013714 -0.0732500032 0.0347938724
v 0.00410514884 -0.0725999996 0.0349051468
v 0.00410514884 -0.0732500032 0.0358948521
v 0.00399387209 -0.0725999996 0.0357500017
v 0.00410514884 -0.0732500032 0.0349051468
v 0.00399387209 -0.0725999996 0.0350501351
v 0.00399387209 -0.0732500032 0.0357500017
v 0.00392398192 -0.0725999996 0.0355811678
v 0.00399387209 -0.0732500032 0.0350501351
v 0.00392398192 -0.0725999996 0.0352188312
v 0.00392398192 -0.0732500032 0.0355811678
v 0.00389999989 -0.0725999996 0.0353999995
v 0.00392398192 -0.0732500032 0.0352188312
v 0.00389999989 -0.0732500032 0.0353999995
v 0.00459999964 -0.0732500032 0.0108000003
v 0.00441883318 -0.0732500032 0.0108239818
v 0.00459999964 -0.0725999996 0.0108000003
v 0.00478116656 -0.0732500032 0.0108239818
v 0.00441883318 -0.0725999996 0.0108239818
v 0.00425013714 -0.0732500032 0.0108938729
v 0.00478116656 -0.0725999996 0.0108239818
v 0.00494999997 -0.0732500032 0.0108938729
v 0.00425013714 -0.0725999996 0.0108938729
v 0.00410514884 -0.0732500032 0.0110051492
v 0.00494999997 -0.0725999996 0.0108938729
v 0.0050948509 -0.0732500032 0.0110051492
v 0.00410514884 -0.0725999996 0.0110051492
v 0.00399387209 -0.0732500032 0.0111500006
v 0.0050948509 -0.0725999996 0.0110051492
v 0.00520612765 -0.0732500032 0.0111500006
v 0.00399387209 -0.0725999996 0.0111500006
v 0.00392398192 -0.0732500032 0.0113188336
v 0.00520612765 -0.0725999996 0.0111500006
v 0.00527601782 -0.0732500032 0.0113188336
v 0.00392398192 -0.0725999996 0.0113188336
v 0.00389999989 -0.0732500032 0.0115
v 0.00527601782 -0.0725999996 0.0113188336
v 0.00529999984 -0.0732500032 0.0115
v 0.00389999989 -0.0725999996 0.0115
v 0.00392398192 -0.0732500032 0.0116811665
v 0.00529999984 -0.0725999996 0.0115
v 0.00527601782 -0.0732500032 0.0116811665
v 0.00392398192 -0.0725999996 0.0116811665
v 0.00399387209 -0.0732500032 0.0118499994
v 0.00527601782 -0.0725999996 0.0116811665
v 0.00520612765 -0.0732500032 0.0118499994
v 0.00399387209 -0.0725999996 0.0118499994
v 0.00410514884 -0.0732500032 0.0119948508
v 0.00520612765 -0.0725999996 0.0118499994
v 0.0050948509 -0.0732500032 0.0119948508
v 0.00410514884 -0.0725999996 0.0119948508
v 0.00425013714 -0.0732500032 0.0121061271
v 0.0050948509 -0.0725999996 0.0119948508
v 0.00494999997 -0.0732500032 0.0121061271
v 0.00425013714 -0.0725999996 0.0121061271
v 0.00441883318 -0.0732500032 0.0121760182
v 0.00494999997 -0.0725999996 0.0121061271
v 0.00478116656 -0.0732500032 0.0121760182
v 0.00441883318 -0.0725999996 0.0121760182
v 0.00459999964 -0.0732500032 0.0121999998
v 0.00478116656 -0.0725999996 0.0121760182
v 0.00459999964 -0.0725999996 0.0121999998
v 0.0154999997 -0.0694499984 0.00850000046
v 0.0154999997 -0.0694499984 0.00839396007
v 0.0104999999 -0.0694499984 0.00850000046
v 0.0154999997 -0.070051387 0.00850000046
v 0.0104999999 -0.0694499984 0.00839396007
v 0.0104999999 -0.070051387 0.00850000046
v 0.0186000001 -0.118050002 0.0388999991
v 0.0185760185 -0.118050002 0.0390811674
v 0.0186000001 -0.118699998 0.0388999991
v 0.0185760185 -0.118050002 0.0387188308
v 0.0185760185 -0.118699998 0.0390811674
v 0.0185061283 -0.118050002 0.0392500013
v 0.0185760185 -0.118699998 0.0387188308
v 0.0185061283 -0.118050002 0.0385501347
v 0.0185061283 -0.118699998 0.0392500013
v 0.0183948521 -0.118050002 0.0393948518
v 0.0185061283 -0.118699998 0.0385501347
v 0.0183948521 -0.118050002 0.0384051464
v 0.0183948521 -0.118699998 0.0393948518
v 0.0182498638 -0.118050002 0.0395061262
v 0.0183948521 -0.118699998 0.0384051464
v 0.0182498638 -0.118050002 0.038293872
v 0.0182498638 -0.118699998 0.0395061262
v 0.0180811677 -0.118050002 0.0395760164
v 0.0182498638 -0.118699998 0.038293872
v 0.0180811677 -0.118050002 0.0382239819
v 0.0180811677 -0.118699998 0.0395760164
v 0.0179000013 -0.118050002 0.0395999998
v 0.0180811677 -0.118699998 0.0382239819
v 0.0179000013 -0.118050002 0.0381999984
v 0.0179000013 -0.118699998 0.0395999998
v 0.0177188329 -0.118050002 0.0395760164
v 0.0179000013 -0.118699998 0.0381999984
v 0.0177188329 -0.118050002 0.0382239819
v 0.0177188329 -0.118699998 0.0395760164
v 0.0175501369 -0.118050002 0.0395061262
v 0.0177188329 -0.118699998 0.0382239819
v 0.0175501369 -0.118050002 0.038293872
v 0.0175501369 -0.118699998 0.0395061262
v 0.0174051486 -0.118050002 0.0393948518
v 0.0175501369 -0.118699998 0.038293872
v 0.0174051486 -0.118050002 0.0384051464
v 0.0174051486 -0.118699998 0.0393948518
v 0.0172938723 -0.118050002 0.0392500013
v 0.0174051486 -0.118699998 0.0384051464
v 0.0172938723 -0.118050002 0.0385501347
v 0.0172938723 -0.118699998 0.0392500013
v 0.0172239821 -0.118050002 0.0390811674
v 0.0172938723 -0.118699998 0.0385501347
v 0.0172239821 -0.118050002 0.0387188308
v 0.0172239821 -0.118699998 0.0390811674
v 0.0172000006 -0.118050002 0.0388999991
v 0.0172239821 -0.118699998 0.0387188308
v 0.0172000006 -0.118699998 0.0388999991
v 0.0214000009 -0.118699998 0.0108000003
v 0.0212188326 -0.118699998 0.0108239818
v 0.0214000009 -0.118050002 0.0108000003
v 0.0215811674 -0.118699998 0.0108239818
v 0.0212188326 -0.118050002 0.0108239818
v 0.0210501365 -0.118699998 0.0108938729
v 0.0215811674 -0.118050002 0.0108239818
v 0.0217498634 -0.118699998 0.0108938729
v 0.0210501365 -0.118050002 0.0108938729
v 0.0209051482 -0.118699998 0.0110051492
v 0.0217498634 -0.118050002 0.0108938729
v 0.0218948517 -0.118699998 0.0110051492
v 0.0209051482 -0.118050002 0.0110051492
v 0.020793872 -0.118699998 0.0111500006
v 0.0218948517 -0.118050002 0.0110051492
v 0.022006128 -0.118699998 0.0111500006
v 0.020793872 -0.118050002 0.0111500006
v 0.0207239818 -0.118699998 0.0113188336
v 0.022006128 -0.118050002 0.0111500006
v 0.0220760182 -0.118699998 0.0113188336
v 0.0207239818 -0.118050002 0.0113188336
v 0.0207000002 -0.118699998 0.0115
v 0.0220760182 -0.118050002 0.0113188336
v 0.0220999997 -0.118699998 0.0115
v 0.0207000002 -0.118050002 0.0115
v 0.0207239818 -0.118699998 0.0116811665
v 0.0220999997 -0.118050002 0.0115
v 0.0220760182 -0.118699998 0.0116811665
v 0.0207239818 -0.118050002 0.0116811665
v 0.020793872 -0.118699998 0.0118499994
v 0.0220760182 -0.118050002 0.0116811665
v 0.022006128 -0.118699998 0.0118499994
v 0.020793872 -0.118050002 0.0118499994
v 0.0209051482 -0.118699998 0.0119948508
v 0.022006128 -0.118050002 0.0118499994
v 0.0218948517 -0.118699998 0.0119948508
v 0.0209051482 -0.118050002 0.0119948508
v 0.0210501365 -0.118699998 0.0121061271
v 0.0218948517 -0.118050002 0.0119948508
v 0.0217498634 -0.118699998 0.0121061271
v 0.0210501365 -0.118050002 0.0121061271
v 0.0212188326 -0.118699998 0.0121760182
v 0.0217498634 -0.118050002 0.0121061271
v 0.0215811674 -0.118699998 0.0121760182
v 0.0212188326 -0.118050002 0.0121760182
v 0.0214000009 -0.118699998 0.0121999998
v 0.0215811674 -0.118050002 0.0121760182
v 0.0214000009 -0.118050002 0.0121999998
v 0.0174000002 -0.0965000018 0.0160000008
v 0.0172492564 -0.0965000018 0.0171387624
v 0.016766876 -0.0993997827 0.017008692
v 0.0168995298 -0.0993997827 0.0160000008
v 0.016766876 -0.0993997827 0.0149913076
v 0.0172492564 -0.0965000018 0.0148612373
v 0.0168099459 -0.0965000018 0.0182000007
v 0.0158977285 -0.0998999998 0.0167761166
v 0.0163766649 -0.0993997827 0.0179493353
v 0.0155979646 -0.0998999998 0.0174996872
v 0.015999373 -0.0998999998 0.0160000008
v 0.0158977285 -0.0998999998 0.015223884
v 0.0155979646 -0.0998999998 0.0145003134
v 0.0163766649 -0.0993997827 0.0140506653
v 0.0168099459 -0.0965000018 0.0137999998
v 0.0161104929 -0.0965000018 0.0191104934
v 0.0157573223 -0.0993997827 0.0187573228
v 0.0151207522 -0.0998999998 0.0181207526
v 0.0151207522 -0.0998999998 0.0138792479
v 0.0157573223 -0.0993997827 0.0132426778
v 0.0161104929 -0.0965000018 0.0128895063
v 0.0152000003 -0.0965000018 0.0198099464
v 0.0149493348 -0.0993997827 0.0193766654
v 0.0144996867 -0.0998999998 0.0185979642
v 0.0144996867 -0.0998999998 0.0134020364
v 0.0149493348 -0.0993997827 0.0126233362
v 0.0152000003 -0.0965000018 0.0121900551
v 0.0141387628 -0.0965000018 0.0202492569
v 0.0140086925 -0.0993997827 0.0197668765
v 0.0137761161 -0.0998999998 0.018897729
v 0.0137761161 -0.0998999998 0.0131022707
v 0.0140086925 -0.0993997827 0.0122331241
v 0.0141387628 -0.0965000018 0.0117507437
v 0.0130000003 -0.0965000018 0.0204000007
v 0.0130000003 -0.0993997827 0.0198995303
v 0.0130000003 -0.0998999998 0.0189993735
v 0.0130000003 -0.0998999998 0.0130006261
v 0.0130000003 -0.0993997827 0.0121004693
v 0.0130000003 -0.0965000018 0.0115999999
v 0.0118612377 -0.0965000018 0.0202492569
v 0.0119913081 -0.0993997827 0.0197668765
v 0.0122238845 -0.0998999998 0.018897729
v 0.0122238845 -0.0998999998 0.0131022707
v 0.0119913081 -0.0993997827 0.0122331241
v 0.0118612377 -0.0965000018 0.0117507437
v 0.0108000003 -0.0965000018 0.0198099464
v 0.0110506658 -0.0993997827 0.0193766654
v 0.0115003139 -0.0998999998 0.0185979642
v 0.0115003139 -0.0998999998 0.0134020364
v 0.0108000003 -0.0965000018 0.0121900551
v 0.0110506658 -0.0993997827 0.0126233362
v 0.00988950673 -0.0965000018 0.0191104934
v 0.0102426782 -0.0993997827 0.0187573228
v 0.0108792484 -0.0998999998 0.0181207526
v 0.0102426782 -0.0993997827 0.0132426778
v 0.0108792484 -0.0998999998 0.0138792479
v 0.00988950673 -0.0965000018 0.0128895063
v 0.00919005554 -0.0965000018 0.0182000007
v 0.00962333661 -0.0993997827 0.0179493353
v 0.0104020359 -0.0998999998 0.0174996872
v 0.0104020359 -0.0998999998 0.0145003134
v 0.00962333661 -0.0993997827 0.0140506653
v 0.00919005554 -0.0965000018 0.0137999998
v 0.00875074416 -0.0965000018 0.0171387624
v 0.00923312455 -0.0993997827 0.017008692
v 0.0101022711 -0.0998999998 0.0167761166
v 0.0101022711 -0.0998999998 0.015223884
v 0.00923312455 -0.0993997827 0.0149913076
v 0.00875074416 -0.0965000018 0.0148612373
v 0.00860000029 -0.0965000018 0.0160000008
v 0.00910046976 -0.0993997827 0.0160000008
v 0.0100006266 -0.0998999998 0.0160000008
v 0.00120017619 -0.103992805 0.0216570012
v 1.12757026e-17 -0.103267863 0.0216570012
v 0.00120017619 -0.103933193 0.0212039892
v 0.00300000003 -0.103992805 0.0216570012
v 0.00120017619 -0.103992805 0.025342999
v 1.12757026e-17 -0.10323292 0.0213918053
v 1.12757026e-17 -0.103267863 0.025342999
v 1.12757026e-17 -0.103130825 0.0211449005
v 0.00120017619 -0.103758469 0.0207819268
v 0.00300000003 -0.103933193 0.0212039892
v 0.00300000003 -0.103992805 0.025342999
v 0.00120017619 -0.103933193 0.0257960111
v 1.12757026e-17 -0.10323292 0.025608195
v 1.12757026e-17 -0.102967747 0.0209324621
v 0.00300000003 -0.103758469 0.0207819268
v 0.00120017619 -0.103480272 0.0204196591
v 0.00300000003 -0.103933193 0.0257960111
v 0.00120017619 -0.103758469 0.0262180734
v 1.12757026e-17 -0.103130825 0.0258550998
v 1.12757026e-17 -0.102755338 0.0207692664
v 0.00300000003 -0.103480272 0.0204196591
v 0.00120017619 -0.103117809 0.0201418009
v 0.00300000003 -0.103758469 0.0262180734
v 1.12757026e-17 -0.102967747 0.0260675382
v 0.00120017619 -0.103480272 0.0265803412
v 1.12757026e-17 -0.102508321 0.020667268
v 0.00120017619 -0.102696061 0.019966647
v 0.00300000003 -0.103117809 0.0201418009
v 0.00300000003 -0.103480272 0.0265803412
v 1.12757026e-17 -0.102755338 0.0262307338
v 0.00120017619 -0.103117809 0.0268581994
v 1.12757026e-17 -0.102243148 0.0206320956
v 0.00120017619 -0.102243148 0.0199068543
v 0.00300000003 -0.102696061 0.019966647
v 0.00300000003 -0.103117809 0.0268581994
v 0.00120017619 -0.102696061 0.0270333532
v 1.12757026e-17 -0.102508321 0.0263327323
v 1.12757026e-17 -0.101977974 0.020667268
v 0.00120017619 -0.101790234 0.019966647
v 0.00300000003 -0.102243148 0.0199068543
v 0.00300000003 -0.102696061 0.0270333532
v 0.00120017619 -0.102243148 0.027093146
v 1.12757026e-17 -0.102243148 0.0263679046
v 1.12757026e-17 -0.101730958 0.0207692664
v 0.00120017619 -0.101368144 0.0201418009
v 0.00300000003 -0.101790234 0.019966647
v 0.00300000003 -0.102243148 0.027093146
v 0.00120017619 -0.101790234 0.0270333532
v 1.12757026e-17 -0.101977974 0.0263327323
v 1.12757026e-17 -0.101518549 0.0209324621
v 0.00120017619 -0.101006024 0.0204196591
v 0.00300000003 -0.101368144 0.0201418009
v 0.00300000003 -0.101790234 0.0270333532
v 0.00120017619 -0.101368144 0.0268581994
v 1.12757026e-17 -0.101730958 0.0262307338
v 0.00120017619 -0.100727826 0.0207819268
v 1.12757026e-17 -0.101355471 0.0211449005
v 0.00300000003 -0.101006024 0.0204196591
v 0.00300000003 -0.101368144 0.0268581994
v 0.00120017619 -0.101006024 0.0265803412
v 1.12757026e-17 -0.101518549 0.0260675382
v 0.00120017619 -0.100553103 0.0212039892
v 0.00300000003 -0.100727826 0.0207819268
v 1.12757026e-17 -0.101253375 0.0213918053
v 0.00300000003 -0.101006024 0.0265803412
v 0.00120017619 -0.100727826 0.0262180734
v 1.12757026e-17 -0.101355471 0.0258550998
v 0.00300000003 -0.100553103 0.0212039892
v 1.12757026e-17 -0.101218432 0.0216570012
v 0.00120017619 -0.100493491 0.0216570012
v 0.00300000003 -0.100727826 0.0262180734
v 0.00120017619 -0.100553103 0.0257960111
v 1.12757026e-17 -0.101253375 0.025608195
v 0.00300000003 -0.100493491 0.0216570012
v 1.12757026e-17 -0.101218432 0.025342999
v 0.00120017619 -0.100493491 0.025342999
v 0.00300000003 -0.100553103 0.0257960111
v 0.00300000003 -0.100493491 0.025342999
v 0.00300000003 -0.0655411705 0.00935376342
v 0.00300000003 -0.0658736303 0.00873844326
v 0.00299486099 -0.0644713342 0.00750508066
v 0.00150000001 -0.0655411705 0.00935376342
v 0.00300000003 -0.0676068515 0.007638996
v 0.00300000003 -0.0663503706 0.00822727941
v 0.00249990216 -0.0644707233 0.00749999983
v 0.00150000001 -0.0650481582 0.00849982724
v 0.00300000003 -0.0669407025 0.00785257015
v 0.00299486099 -0.0676068515 0.00750508066
v 0.00150000001 -0.0660658032 0.00849982724
v 0.00236100238 -0.0676068515 0.007638996
v 0.00249990216 -0.0676068515 0.00749999983
v 0.00249990216 -0.0572931468 0.0395000018
v 0.00299486099 -0.0572931468 0.0394949205
v 0.00236100238 -0.0572931468 0.0393610075
v 0.00150000001 -0.0588341951 0.0385001749
v 0.00249990216 -0.060429275 0.0395000018
v 0.00300000003 -0.0572931468 0.0393610075
v 0.00299486099 -0.0604286604 0.0394949205
v 0.00150000001 -0.0593588278 0.0376462378
v 0.00150000001 -0.0598518401 0.0385001749
v 0.00300000003 -0.0579592995 0.0391474292
v 0.00300000003 -0.0593588278 0.0376462378
v 0.00300000003 -0.059026368 0.0382615589
v 0.00300000003 -0.0585496239 0.0387727208
v 0.00300000003 -0.0593588278 0.00935376342
v 0.00150000001 -0.0593588278 0.00935376342
v 0.00299486099 -0.0604286604 0.00750508066
v 0.00300000003 -0.059026368 0.00873844326
v 0.00300000003 -0.0572931468 0.007638996
v 0.00236100238 -0.0572931468 0.007638996
v 0.00150000001 -0.0588341951 0.00849982724
v 0.00150000001 -0.0598518401 0.00849982724
v 0.00249990216 -0.060429275 0.00749999983
v 0.00299486099 -0.0572931468 0.00750508066
v 0.00300000003 -0.0579592995 0.00785257015
v 0.00300000003 -0.0585496239 0.00822727941
v 0.00249990216 -0.0572931468 0.00749999983
v 0.00249990216 -0.0644707233 0.0395000018
v 0.00299486099 -0.0644713342 0.0394949205
v 0.00150000001 -0.0650481582 0.0385001749
v 0.00249990216 -0.0676068515 0.0395000018
v 0.00299486099 -0.0676068515 0.0394949205
v 0.00300000003 -0.0676068515 0.0393610075
v 0.00300000003 -0.0669407025 0.0391474292
v 0.00300000003 -0.0663503706 0.0387727208
v 0.00300000003 -0.0658736303 0.0382615589
v 0.00300000003 -0.0655411705 0.0376462378
v 0.00150000001 -0.0655411705 0.0376462378
v 0.00150000001 -0.0660658032 0.0385001749
v 0.00236100238 -0.0676068515 0.0393610075
v 0.00300000003 -0.0200911723 0.00935376342
v 0.00300000003 -0.020423634 0.00873844326
v 0.00299588894 -0.019020725 0.00750217726
v 0.00150000001 -0.0200911723 0.00935376342
v 0.00300000003 -0.0221568551 0.007638996
v 0.00300000003 -0.0209003761 0.00822727941
v 0.00249990216 -0.019020725 0.00749999983
v 0.00150000001 -0.0195981581 0.00849982724
v 0.00300000003 -0.0214907043 0.00785257015
v 0.00299588894 -0.0221568551 0.00750217726
v 0.00150000001 -0.0206158049 0.00849982724
v 0.00236100238 -0.0221568551 0.007638996
v 0.00249990216 -0.0221568551 0.00749999983
v 0.00249990216 -0.0118431458 0.0395000018
v 0.00299588894 -0.0118431458 0.0394978225
v 0.00236100238 -0.0118431458 0.0393610075
v 0.00150000001 -0.013384195 0.0385001749
v 0.00249990216 -0.014979274 0.0395000018
v 0.00300000003 -0.0118431458 0.0393610075
v 0.00299588894 -0.014979274 0.0394978225
v 0.00150000001 -0.0139088277 0.0376462378
v 0.00150000001 -0.014401841 0.0385001749
v 0.00300000003 -0.0125092966 0.0391474292
v 0.00300000003 -0.0139088277 0.0376462378
v 0.00300000003 -0.013576366 0.0382615589
v 0.00300000003 -0.0130996229 0.0387727208
v 0.00249990216 -0.102743149 0.0395000018
v 0.00299588894 -0.102743149 0.0394978225
v 0.00236100238 -0.102743149 0.0393610075
v 0.00150000001 -0.104284197 0.0385001749
v 0.00249990216 -0.105879277 0.0395000018
v 0.00300000003 -0.102743149 0.0393610075
v 0.00299588894 -0.105879277 0.0394978225
v 0.00150000001 -0.10480883 0.0376462378
v 0.00150000001 -0.105301842 0.0385001749
v 0.00300000003 -0.103409298 0.0391474292
v 0.00300000003 -0.10480883 0.0376462378
v 0.00300000003 -0.10447637 0.0382615589
v 0.00300000003 -0.10399963 0.0387727208
v 0.00300000003 -0.110991172 0.00935376342
v 0.00300000003 -0.111323632 0.00873844326
v 0.00299588894 -0.109920725 0.00750217726
v 0.00150000001 -0.110991172 0.00935376342
v 0.00300000003 -0.113056853 0.007638996
v 0.00300000003 -0.111800373 0.00822727941
v 0.00249990216 -0.109920725 0.00749999983
v 0.00150000001 -0.11049816 0.00849982724
v 0.00300000003 -0.112390704 0.00785257015
v 0.00299588894 -0.113056853 0.00750217726
v 0.00150000001 -0.111515805 0.00849982724
v 0.00236100238 -0.113056853 0.007638996
v 0.00249990216 -0.113056853 0.00749999983
v 0.00300000003 -0.10480883 0.00935376342
v 0.00150000001 -0.10480883 0.00935376342
v 0.00299588894 -0.105879277 0.00750217726
v 0.00300000003 -0.10447637 0.00873844326
v 0.00300000003 -0.102743149 0.007638996
v 0.00236100238 -0.102743149 0.007638996
v 0.00150000001 -0.104284197 0.00849982724
v 0.00150000001 -0.105301842 0.00849982724
v 0.00249990216 -0.105879277 0.00749999983
v 0.00299588894 -0.102743149 0.00750217726
v 0.00300000003 -0.103409298 0.00785257015
v 0.00300000003 -0.10399963 0.00822727941
v 0.00249990216 -0.102743149 0.00749999983
v 0.00249990216 -0.109920725 0.0395000018
v 0.00299588894 -0.109920725 0.0394978225
v 0.00150000001 -0.11049816 0.0385001749
v 0.00249990216 -0.113056853 0.0395000018
v 0.00299588894 -0.113056853 0.0394978225
v 0.00300000003 -0.113056853 0.0393610075
v 0.00300000003 -0.112390704 0.0391474292
v 0.00300000003 -0.111800373 0.0387727208
v 0.00300000003 -0.111323632 0.0382615589
v 0.00300000003 -0.110991172 0.0376462378
v 0.00150000001 -0.110991172 0.0376462378
v 0.00150000001 -0.111515805 0.0385001749
v 0.00236100238 -0.113056853 0.0393610075
v 0.0129988575 -0.122365445 0.01535278
v 0.0136484588 -0.122365445 0.0160017628
v 0.0123492572 -0.122365445 0.0160017628
v 0.00779303117 -0.122298963 0.0101975333
v 0.00947116595 -0.122298963 0.00904600602
v 0.0113929007 -0.122298963 0.00837039948
v 0.013420647 -0.122298963 0.00821397826
v 0.0154213272 -0.122298963 0.00858672708
v 0.0169979613 -0.122298963 0.00930559915
v 0.0172573514 -0.122298963 0.00946867652
v 0.0188046638 -0.122298963 0.0107932659
v 0.019954998 -0.122298963 0.0124739623
v 0.0206316654 -0.122298963 0.0143942833
v 0.0207872987 -0.122298963 0.0164244324
v 0.0204128753 -0.122298963 0.0184246283
v 0.0195332076 -0.122298963 0.0202617459
v 0.018206941 -0.122298963 0.0218059905
v 0.0129988575 -0.122365445 0.0166507438
v 0.00521267345 -0.122298963 0.0155790914
v 0.00558709586 -0.122298963 0.0135788964
v 0.00646676356 -0.122298963 0.0117417779
v 0.00241578207 -0.122197784 0.0394982398
v 0.00100154744 -0.122197784 0.0380837917
v 0.00536830677 -0.122298963 0.0176092405
v 0.00100154744 -0.122197784 0.00891621038
v 0.00241578207 -0.122197784 0.00750176189
v 0.0134319253 -0.122099504 0.00801429152
v 0.0219985321 -0.119197294 0.00650000013
v 0.00305184931 -0.122197784 0.00750176189
v 0.0219150763 -0.119399637 0.00670301495
v 0.0227992553 -0.119399637 0.00758496486
v 0.023 -0.119197294 0.00750176189
v 0.0208278988 -0.122099504 0.0143510178
v 0.0209880434 -0.122099504 0.0164344162
v 0.0227992553 -0.119399637 0.0394150354
v 0.00635849638 -0.122197784 0.0365062654
v 0.0165288057 -0.122298963 0.0229575168
v 0.00634270767 -0.122197784 0.0365229063
v 0.00305184931 -0.122197784 0.0394982398
v 0.0162513722 -0.122298963 0.0230906419
v 0.00200075936 -0.121197619 0.0405000001
v 7.9899948e-08 -0.121197619 0.0384998061
v 7.9899948e-08 -0.121197619 0.00850019604
v 0.00200075936 -0.121197619 0.00650000013
v 0.00305184931 -0.121197619 0.00650000013
v 0.0219985321 -0.0966010764 0.00650000013
v 0.023 -0.0966010764 0.00750176189
v 0.023 -0.119197294 0.0394982398
v 0.0219985321 -0.119197294 0.0405000001
v 0.0219150763 -0.119399637 0.0402969867
v 0.00305184931 -0.121197619 0.0405000001
v 0.00200075936 -0.0946007445 0.0405000001
v 7.9899948e-08 -0.0946007445 0.0384998061
v -4.27756931e-05 -0.12065129 0.0159584973
v 7.9899948e-08 -0.0946007445 0.00850019604
v 0.00200075936 -0.0946007445 0.00650000013
v 0.0219150763 -0.0964016169 0.00670301495
v 0.0227992553 -0.0964016169 0.00758496486
v 0.00305184931 -0.0946007445 0.00650000013
v 0.012755258 -0.0938000306 0.00800430682
v 0.0147491703 -0.0938000306 0.00819400977
v 0.0147063145 -0.0936005786 0.00839036796
v 0.0207286533 -0.0936005786 0.0149534065
v 0.0209271424 -0.0938000306 0.0149267819
v 0.0209451877 -0.0938000306 0.0169303063
v 0.023 -0.0966010764 0.0394982398
v 0.0219985321 -0.0966010764 0.0405000001
v 0.00305184931 -0.0946007445 0.0405000001
v 0.00241578207 -0.0936005786 0.0394982398
v 0.00100154744 -0.0936005786 0.0380837917
v 0.00100154744 -0.0936005786 0.00891621038
v 0.00241578207 -0.0936005786 0.00750176189
v 0.0165423397 -0.0936005786 0.00905266218
v 0.0181528069 -0.0936034694 0.0101476116
v 0.0183738507 -0.0936034694 0.0103506269
v 0.0190911181 -0.0936034694 0.0111294053
v 0.0192738194 -0.0936034694 0.0113690291
v 0.0198647752 -0.0936005786 0.0123009011
v 0.0202256646 -0.0936005786 0.0130696949
v 0.00305184931 -0.0936005786 0.00750176189
v 0.0127620241 -0.0936005786 0.00820399355
v 0.0130259246 -0.0928345546 0.01535278
v 0.0131950919 -0.0928403363 0.0153361391
v 0.0136777805 -0.0928403363 0.0158619806
v 0.0136484588 -0.0928345546 0.0160283875
v 0.0207466986 -0.0936005786 0.0169070084
v 0.0227992553 -0.0964016169 0.0394150354
v 0.0219150763 -0.0964016169 0.0402969867
v 0.00305184931 -0.0936005786 0.0394982398
v 0.0129717914 -0.0928345546 0.0166507438
v 0.0123492572 -0.0928345546 0.0159751363
v 0.0123334685 -0.0928403363 0.0158054028
v 0.0128590129 -0.0928403363 0.0153228268
v 0.0132785467 -0.0928461179 0.015312843
v 0.0137995807 -0.0928634629 0.0156389978
v 0.0137093589 -0.0928461179 0.0157821067
v 0.0136642475 -0.0928403363 0.016198121
v 0.0202797968 -0.0936005786 0.0188007057
v 0.00635849638 -0.0936005786 0.0365062654
v 0.00634270767 -0.0936005786 0.0365229063
v 0.0193572752 -0.0936005786 0.020521339
v 0.0131387021 -0.0928403363 0.016680697
v 0.0136868032 -0.0928461179 0.0162813235
v 0.00300000003 -0.0139088277 0.00935376342
v 0.00150000001 -0.0139088277 0.00935376342
v 0.00299588894 -0.014979274 0.00750217726
v 0.00300000003 -0.013576366 0.00873844326
v 0.00300000003 -0.0118431458 0.007638996
v 0.00236100238 -0.0118431458 0.007638996
v 0.00150000001 -0.013384195 0.00849982724
v 0.00150000001 -0.014401841 0.00849982724
v 0.00249990216 -0.014979274 0.00749999983
v 0.00299588894 -0.0118431458 0.00750217726
v 0.00300000003 -0.0125092966 0.00785257015
v 0.00300000003 -0.0130996229 0.00822727941
v 0.00249990216 -0.0118431458 0.00749999983
v 0.00249990216 -0.019020725 0.0395000018
v 0.00299588894 -0.019020725 0.0394978225
v 0.00150000001 -0.0195981581 0.0385001749
v 0.00249990216 -0.0221568551 0.0395000018
v 0.00299588894 -0.0221568551 0.0394978225
v 0.00300000003 -0.0221568551 0.0393610075
v 0.00300000003 -0.0214907043 0.0391474292
v 0.00300000003 -0.0209003761 0.0387727208
v 0.00300000003 -0.020423634 0.0382615589
v 0.00300000003 -0.0200911723 0.0376462378
v 0.00150000001 -0.0200911723 0.0376462378
v 0.00150000001 -0.0206158049 0.0385001749
v 0.00236100238 -0.0221568551 0.0393610075
v 0.0129994126 -0.0314654447 0.01535278
v 0.0136478078 -0.0314654447 0.0160017628
v 0.0123487664 -0.0314654447 0.0160017628
v 0.00779199274 -0.0313989595 0.0101975333
v 0.00947151519 -0.0313989595 0.00904600602
v 0.011391934 -0.0313989595 0.00837039948
v 0.0134204188 -0.0313989595 0.00821397826
v 0.0154218869 -0.0313989595 0.00858672708
v 0.0169978458 -0.0313989595 0.00930559915
v 0.0172590055 -0.0313989595 0.00946867652
v 0.0188034456 -0.0313989595 0.0107932659
v 0.0199538954 -0.0313989595 0.0124739623
v 0.0206315592 -0.0313989595 0.0143942833
v 0.0207869038 -0.0313989595 0.0164244324
v 0.0204131752 -0.0313989595 0.0184246283
v 0.0195328891 -0.0313989595 0.0202617459
v 0.018209083 -0.0313989595 0.0218059905
v 0.0129994126 -0.0314654447 0.0166507438
v 0.00521192234 -0.0313989595 0.0155790914
v 0.00558790145 -0.0313989595 0.0135788964
v 0.00646593561 -0.0313989595 0.0117417779
v 0.00241572037 -0.031297788 0.0394982398
v 0.00100185978 -0.031297788 0.0380837917
v 0.00536951842 -0.0313989595 0.0176092405
v 0.00100185978 -0.031297788 0.00891621038
v 0.00241572037 -0.031297788 0.00750176189
v 0.0134316757 -0.0311995056 0.00801429152
v 0.021998141 -0.0282972921 0.00650000013
v 0.00305060693 -0.031297788 0.00750176189
v 0.0219170917 -0.0284996368 0.00670301495
v 0.0227996279 -0.0284996368 0.00758496486
v 0.0208274275 -0.0311995056 0.0143510178
v 0.0209872741 -0.0311995056 0.0164344162
v 0.023 -0.0282972921 0.00750176189
v 0.0227996279 -0.0284996368 0.0394150354
v 0.00635787006 -0.031297788 0.0365062654
v 0.01652731 -0.0313989595 0.0229575168
v 0.00634211022 -0.031297788 0.0365229063
v 0.00305060693 -0.031297788 0.0394982398
v 0.0162526425 -0.0313989595 0.0230906419
v 0.00200146833 -0.0302976221 0.0405000001
v 2.25137046e-06 -0.0302976221 0.0384998061
v 3.46944695e-18 -0.0302976221 0.0160017628
v 2.25137046e-06 -0.0302976221 0.00850019604
v 0.00200146833 -0.0302976221 0.00650000013
v 0.00305060693 -0.0302976221 0.00650000013
v 0.021998141 -0.00570107205 0.00650000013
v 0.023 -0.0282972921 0.0394982398
v 0.023 -0.00570107205 0.00750176189
v 0.021998141 -0.0282972921 0.0405000001
v 0.0219170917 -0.0284996368 0.0402969867
v 0.00305060693 -0.0302976221 0.0405000001
v 0.00200146833 -0.00370074133 0.0405000001
v 3.46944695e-18 -0.00500153424 0.0384998061
v 2.25137046e-06 -0.00370074133 0.00850019604
v 0.00200146833 -0.00370074133 0.00650000013
v 0.0219170917 -0.00550161675 0.00670301495
v 0.0227996279 -0.00550161675 0.00758496486
v 0.00305060693 -0.00370074133 0.00650000013
v 0.0127562648 -0.00290003093 0.00800430682
v 0.0147487279 -0.00290003093 0.00819400977
v 0.0147059513 -0.00270057609 0.00839036796
v 0.023 -0.00570107205 0.0394982398
v 0.0207283664 -0.00270057609 0.0149534065
v 0.0209264886 -0.00290003093 0.0149267819
v 0.0209444985 -0.00290003093 0.0169303063
v 0.021998141 -0.00570107205 0.0405000001
v 0.00305060693 -0.00370074133 0.0405000001
v 0.00241572037 -0.00270057609 0.0394982398
v 0.00100185978 -0.00270057609 0.0380837917
v 2.25137046e-06 -0.00370074133 0.0384998061
v 0.00100185978 -0.00270057609 0.00891621038
v 0.00241572037 -0.00270057609 0.00750176189
v 0.0165408179 -0.00270057609 0.00905266218
v 0.0181527995 -0.00270346669 0.0101476116
v 0.0183756854 -0.00270346669 0.0103506269
v 0.019091621 -0.00270346669 0.0111294053
v 0.0192739815 -0.00270346669 0.0113690291
v 0.0198638402 -0.00270057609 0.0123009011
v 0.0202263109 -0.00270057609 0.0130696949
v 0.00305060693 -0.00270057609 0.00750176189
v 0.0127630187 -0.00270057609 0.00820399355
v 0.0130264293 -0.0019345535 0.01535278
v 0.0131952818 -0.0019403348 0.0153361391
v 0.0227996279 -0.00550161675 0.0394150354
v 0.0207463782 -0.00270057609 0.0169070084
v 0.0136770755 -0.0019403348 0.0158619806
v 0.0136478078 -0.0019345535 0.0160283875
v 0.0219170917 -0.00550161675 0.0402969867
v 0.00305060693 -0.00270057609 0.0394982398
v 0.0129701449 -0.0019345535 0.0166507438
v 0.0123487664 -0.0019345535 0.0159751363
v 0.0123352585 -0.0019403348 0.0158054028
v 0.0128598278 -0.0019403348 0.0153228268
v 0.0132763311 -0.0019461161 0.015312843
v 0.0137986494 -0.00196346012 0.0156389978
v 0.0137085943 -0.0019461161 0.0157821067
v 0.00635787006 -0.00270057609 0.0365062654
v 0.00634211022 -0.00270057609 0.0365229063
v 0.0202803444 -0.00270057609 0.0188007057
v 0.0193572827 -0.00270057609 0.020521339
v 0.0136635667 -0.0019403348 0.016198121
v 0.0131389974 -0.0019403348 0.016680697
v 0.0136860805 -0.0019461161 0.0162813235
v 0.0129994126 -0.0769154429 0.01535278
v 0.0136478078 -0.0769154429 0.0160017628
v 0.0123487664 -0.0769154429 0.0160017628
v 0.00779199274 -0.0768489614 0.0101975333
v 0.00947151519 -0.0768489614 0.00904600602
v 0.011391934 -0.0768489614 0.00837039948
v 0.0134204188 -0.0768489614 0.00821397826
v 0.0154218869 -0.0768489614 0.00858672708
v 0.0169978458 -0.0768489614 0.00930559915
v 0.0172590055 -0.0768489614 0.00946867652
v 0.0188034456 -0.0768489614 0.0107932659
v 0.0199538954 -0.0768489614 0.0124739623
v 0.0206315592 -0.0768489614 0.0143942833
v 0.0207869038 -0.0768489614 0.0164244324
v 0.0204131752 -0.0768489614 0.0184246283
v 0.0195328891 -0.0768489614 0.0202617459
v 0.018209083 -0.0768489614 0.0218059905
v 0.0129994126 -0.0769154429 0.0166507438
v 0.00521192234 -0.0768489614 0.0155790914
v 0.00558790145 -0.0768489614 0.0135788964
v 0.00646593561 -0.0768489614 0.0117417779
v 0.00241572037 -0.0767477825 0.0394982398
v 0.00100185978 -0.0767477825 0.0380837917
v 0.00536951842 -0.0768489614 0.0176092405
v 0.00100185978 -0.0767477825 0.00891621038
v 0.00241572037 -0.0767477825 0.00750176189
v 0.0134316757 -0.0766495019 0.00801429152
v 0.021998141 -0.0737472922 0.00650000013
v 0.00305060693 -0.0767477825 0.00750176189
v 0.0219170917 -0.073949635 0.00670301495
v 0.0227996279 -0.073949635 0.00758496486
v 0.0208274275 -0.0766495019 0.0143510178
v 0.0209872741 -0.0766495019 0.0164344162
v 0.023 -0.0737472922 0.00750176189
v 0.0227996279 -0.073949635 0.0394150354
v 0.00635787006 -0.0767477825 0.0365062654
v 0.01652731 -0.0768489614 0.0229575168
v 0.00634211022 -0.0767477825 0.0365229063
v 0.00305060693 -0.0767477825 0.0394982398
v 0.0162526425 -0.0768489614 0.0230906419
v 0.00200146833 -0.0757476166 0.0405000001
v 3.46944695e-18 -0.0757476166 0.0384998061
v 3.46944695e-18 -0.0757476166 0.0160017628
v 2.25137046e-06 -0.0757476166 0.00850019604
v 0.00200146833 -0.0757476166 0.00650000013
v 0.00305060693 -0.0757476166 0.00650000013
v 0.021998141 -0.0511510707 0.00650000013
v 0.023 -0.0737472922 0.0394982398
v 0.023 -0.0511510707 0.00750176189
v 0.021998141 -0.0737472922 0.0405000001
v 0.0219170917 -0.073949635 0.0402969867
v 0.00305060693 -0.0757476166 0.0405000001
v 0.00200146833 -0.0491507389 0.0405000001
v 3.46944695e-18 -0.0491507389 0.0384998061
v 3.46944695e-18 -0.0687146634 0.0150099844
v 2.25137046e-06 -0.0491507389 0.00850019604
v 3.46944695e-18 -0.0684487298 0.0149767036
v 0.00200146833 -0.0491507389 0.00650000013
v 0.0219170917 -0.050951615 0.00670301495
v 0.0227996279 -0.050951615 0.00758496486
v 0.00305060693 -0.0491507389 0.00650000013
v 0.0127562648 -0.0483500287 0.00800430682
v 0.0147487279 -0.0483500287 0.00819400977
v 0.0147059513 -0.0481505767 0.00839036796
v 0.023 -0.0511510707 0.0394982398
v 0.0207283664 -0.0481505767 0.0149534065
v 0.0209264886 -0.0483500287 0.0149267819
v 0.0209444985 -0.0483500287 0.0169303063
v 0.021998141 -0.0511510707 0.0405000001
v 0.00305060693 -0.0491507389 0.0405000001
v 0.00241572037 -0.0481505767 0.0394982398
v 0.00100185978 -0.0481505767 0.0380837917
v 3.46944695e-18 -0.0491507389 0.0160017628
v 0.00100185978 -0.0481505767 0.00891621038
v 0.00241572037 -0.0481505767 0.00750176189
v 0.0161423255 -0.0481505767 0.00886296015
v 0.0165408179 -0.0481505767 0.00905266218
v 0.0181527995 -0.0481534675 0.0101476116
v 0.0183756854 -0.0481534675 0.0103506269
v 0.019091621 -0.0481534675 0.0111294053
v 0.0192739815 -0.0481534675 0.0113690291
v 0.0201385077 -0.0481505767 0.0128600234
v 0.0202263109 -0.0481505767 0.0130696949
v 0.00305060693 -0.0481505767 0.00750176189
v 0.0127630187 -0.0481505767 0.00820399355
v 0.0130264293 -0.0473845527 0.01535278
v 0.0131952818 -0.0473903343 0.0153361391
v 0.0227996279 -0.050951615 0.0394150354
v 0.0207463782 -0.0481505767 0.0169070084
v 0.0136770755 -0.0473903343 0.0158619806
v 0.0136478078 -0.0473845527 0.0160283875
v 0.0219170917 -0.050951615 0.0402969867
v 0.00305060693 -0.0481505767 0.0394982398
v 0.0129701449 -0.0473845527 0.0166507438
v 0.0123487664 -0.0473845527 0.0159751363
v 0.0123352585 -0.0473903343 0.0158054028
v 0.0128598278 -0.0473903343 0.0153228268
v 0.0132763311 -0.047396116 0.015312843
v 0.0137986494 -0.0474134609 0.0156389978
v 0.0137085943 -0.047396116 0.0157821067
v 0.00635787006 -0.0481505767 0.0365062654
v 0.00634211022 -0.0481505767 0.0365229063
v 0.0202803444 -0.0481505767 0.0188007057
v 0.0193572827 -0.0481505767 0.020521339
v 0.0136635667 -0.0473903343 0.016198121
v 0.0131389974 -0.0473903343 0.016680697
v 0.0136860805 -0.047396116 0.0162813235
g 
f 2 4 1
f 3 2 1
f 4 2 3
f 16 15 14
f 26 27 25
f 39 37 38
f 40 37 39
f 42 41 43
f 44 43 41
f 44 41 42
f 914 309 407
f 64 58 878
f 69 60 579
f 1376 60 69
f 72 65 1011
f 1406 73 622
f 79 1185 89
f 612 79 580
f 901 79 620
f 1064 81 627
f 749 1122 1064
f 82 72 71
f 72 82 768
f 1079 73 1406
f 620 79 612
f 83 75 925
f 677 78 1350
f 91 78 677
f 893 1091 895
f 580 79 89
f 1073 83 1193
f 420 587 87
f 826 1313 1317
f 94 93 96
f 95 93 94
f 1 4 3
f 7 8 5
f 6 5 8
f 5 6 7
f 7 6 8
f 9 11 10
f 12 9 10
f 12 11 9
f 11 12 10
f 14 15 13
f 13 16 14
f 15 16 13
f 18 20 17
f 19 18 17
f 20 18 19
f 19 17 20
f 23 24 21
f 22 23 21
f 24 22 21
f 22 24 23
f 27 26 28
f 25 27 28
f 28 26 25
f 880 364 881
f 30 29 31
f 30 32 29
f 32 31 29
f 31 32 30
f 34 36 33
f 35 34 33
f 35 36 34
f 36 35 33
f 38 40 39
f 40 38 37
f 42 43 44
f 45 47 46
f 1061 45 46
f 47 45 1061
f 49 50 48
f 49 48 51
f 51 50 49
f 50 51 48
f 55 54 52
f 54 55 53
f 52 53 55
f 52 54 53
f 758 63 833
f 796 739 752
f 58 1358 56
f 88 1085 436
f 90 88 436
f 57 596 62
f 596 57 989
f 1358 58 59
f 59 64 66
f 64 59 58
f 846 69 68
f 69 846 819
f 819 1376 69
f 886 328 795
f 195 203 902
f 1085 88 1353
f 77 67 543
f 91 1088 78
f 87 86 80
f 86 87 733
f 96 95 94
f 93 95 96
f 954 1226 903
f 1013 99 775
f 98 1081 100
f 981 100 392
f 444 1026 908
f 97 101 1033
f 978 471 1198
f 592 102 1161
f 571 104 103
f 105 1351 1347
f 1347 107 577
f 867 288 360
f 1390 111 621
f 319 995 413
f 1249 1277 940
f 162 676 1329
f 1330 113 316
f 1384 292 548
f 113 745 316
f 754 397 410
f 1294 913 1298
f 115 1363 876
f 1188 1042 812
f 1299 118 1186
f 353 359 534
f 124 1067 123
f 1038 121 955
f 900 423 434
f 222 1116 208
f 1021 126 1017
f 1015 442 445
f 1097 121 1039
f 1105 136 120
f 120 136 1408
f 472 128 1084
f 1133 1179 772
f 130 791 777
f 982 123 506
f 960 1199 645
f 132 776 1217
f 129 1217 499
f 280 862 1284
f 647 495 988
f 1321 1225 1036
f 122 422 899
f 231 1124 474
f 1105 1194 136
f 398 1401 666
f 302 938 524
f 711 1244 927
f 348 370 616
f 446 1322 1323
f 776 551 462
f 771 459 464
f 574 142 1360
f 141 547 1341
f 139 1335 146
f 144 141 1341
f 142 911 1360
f 1373 547 141
f 594 262 310
f 1329 148 1348
f 608 253 1348
f 593 149 1336
f 1371 734 160
f 1386 150 1380
f 589 264 598
f 150 1212 1380
f 884 1212 653
f 153 150 1386
f 149 156 575
f 659 157 843
f 1313 158 1309
f 755 693 991
f 380 517 703
f 712 1266 947
f 382 525 708
f 672 1359 1308
f 405 371 728
f 816 161 417
f 725 676 158
f 1329 1348 162
f 164 498 769
f 769 787 164
f 696 1004 759
f 764 695 1003
f 1404 458 783
f 746 167 601
f 799 168 170
f 168 797 798
f 602 328 333
f 820 172 921
f 1232 923 818
f 1234 172 820
f 1051 165 1003
f 760 694 991
f 167 746 163
f 537 1289 1291
f 349 1364 613
f 173 175 836
f 1076 839 856
f 875 841 171
f 845 289 361
f 335 539 872
f 179 880 881
f 846 68 924
f 723 521 939
f 385 821 1059
f 923 888 951
f 469 647 957
f 466 1205 959
f 632 1207 974
f 391 468 636
f 977 185 980
f 1359 186 1308
f 1413 662 1416
f 188 1018 1022
f 890 188 1019
f 189 1034 1037
f 952 189 1095
f 339 1044 1042
f 1062 1288 812
f 920 607 732
f 505 308 657
f 764 696 1009
f 1058 193 418
f 925 660 1058
f 451 1344 1187
f 1065 195 902
f 904 195 231
f 154 857 910
f 1106 507 1099
f 430 198 223
f 544 368 1089
f 1106 228 221
f 952 202 189
f 211 204 1035
f 201 204 1030
f 485 1111 1037
f 189 205 1095
f 1107 1082 1229
f 890 1020 909
f 1016 209 484
f 229 210 1332
f 202 229 1399
f 204 211 1094
f 1025 1223 1024
f 441 213 463
f 209 213 441
f 1063 214 224
f 1025 214 1026
f 1002 1344 451
f 1221 223 1113
f 1182 786 1128
f 215 1151 246
f 1140 1139 774
f 1139 1140 1324
f 248 216 1143
f 1134 1184 779
f 1124 1144 1184
f 247 217 1138
f 1218 456 1152
f 780 1218 1223
f 1177 457 463
f 286 1203 987
f 633 1208 219
f 1196 1164 634
f 1196 652 958
f 787 220 790
f 809 404 1191
f 815 1192 684
f 1123 1020 205
f 474 1124 461
f 1391 209 1048
f 214 442 224
f 1073 840 1282
f 1202 636 468
f 1167 981 471
f 652 492 983
f 780 1223 482
f 207 1228 198
f 221 487 226
f 1019 217 1224
f 446 229 1322
f 201 1063 224
f 195 1065 231
f 219 199 1219
f 1044 233 1042
f 236 206 1103
f 970 1385 979
f 595 1385 511
f 963 252 1115
f 961 234 984
f 512 234 1162
f 980 972 417
f 720 521 1271
f 1248 934 705
f 1248 297 934
f 937 1250 1265
f 699 1274 517
f 546 1269 300
f 942 522 724
f 225 236 942
f 721 523 384
f 526 722 946
f 722 1278 948
f 1255 1256 1398
f 708 1269 208
f 866 545 335
f 1289 1293 855
f 194 419 802
f 1236 937 242
f 546 222 1269
f 1094 1339 550
f 212 1235 249
f 896 1092 244
f 807 539 868
f 1318 1368 1316
f 1224 247 610
f 1127 216 248
f 1090 1093 250
f 582 192 313
f 246 257 1337
f 663 563 1000
f 558 257 1126
f 1397 567 230
f 727 254 569
f 1322 229 1332
f 576 259 273
f 415 261 234
f 255 247 1149
f 1369 418 193
f 587 418 263
f 1318 1374 827
f 1080 255 736
f 603 267 337
f 793 314 394
f 918 1383 405
f 1385 595 269
f 253 269 311
f 1387 270 611
f 373 1366 919
f 270 624 271
f 365 630 272
f 1389 273 259
f 278 274 589
f 621 265 573
f 265 621 1420
f 365 275 883
f 626 628 1418
f 276 622 277
f 1215 623 1418
f 281 1406 276
f 1125 278 1126
f 278 596 274
f 631 279 661
f 84 280 630
f 279 625 661
f 266 599 273
f 272 275 365
f 1154 644 958
f 1161 1210 987
f 640 490 1210
f 497 271 624
f 849 288 867
f 737 288 849
f 658 289 845
f 734 289 658
f 657 255 505
f 725 1312 1311
f 674 291 311
f 1320 825 590
f 675 312 316
f 548 292 675
f 1234 1233 354
f 681 294 116
f 321 1007 409
f 345 299 761
f 699 692 936
f 763 692 1008
f 691 1272 935
f 947 529 1253
f 528 301 948
f 301 531 946
f 714 515 1245
f 940 1392 303
f 717 516 1247
f 305 520 1262
f 270 306 611
f 1311 1405 725
f 676 1405 315
f 670 1368 1327
f 186 1352 307
f 671 307 313
f 672 1384 618
f 667 308 605
f 1000 606 663
f 309 604 406
f 920 309 406
f 598 289 734
f 659 266 735
f 597 310 265
f 741 312 292
f 106 312 741
f 291 253 311
f 307 726 313
f 292 312 675
f 347 990 329
f 1381 317 628
f 410 318 1010
f 318 762 343
f 412 319 1008
f 414 320 1009
f 320 758 344
f 765 321 411
f 1404 322 317
f 792 277 768
f 460 324 1127
f 1137 1142 782
f 1134 778 478
f 777 1136 465
f 1122 326 449
f 775 785 1137
f 778 166 1145
f 1145 166 476
f 1146 327 479
f 795 328 602
f 394 329 744
f 802 334 194
f 337 751 603
f 333 750 330
f 330 803 336
f 798 331 332
f 1306 808 872
f 333 330 801
f 1303 336 874
f 330 336 799
f 267 794 337
f 332 337 800
f 331 752 332
f 483 1043 684
f 950 366 951
f 318 343 693
f 320 344 695
f 299 345 854
f 298 350 1285
f 334 346 1089
f 746 347 885
f 674 828 1320
f 1315 828 587
f 616 586 830
f 348 830 343
f 583 834 614
f 837 351 1174
f 860 352 1153
f 1072 1077 910
f 923 1232 342
f 342 1232 357
f 1233 679 354
f 354 679 339
f 842 355 362
f 851 355 403
f 403 356 844
f 873 356 408
f 354 339 853
f 340 357 882
f 693 343 830
f 349 831 345
f 858 358 886
f 1071 358 533
f 1077 859 1283
f 1070 359 1284
f 863 1075 823
f 850 360 597
f 865 361 654
f 865 1295 807
f 355 656 362
f 869 545 806
f 1305 537 870
f 870 1306 1305
f 342 357 1376
f 876 343 762
f 348 343 876
f 878 328 824
f 357 340 1376
f 1418 628 749
f 885 347 1281
f 747 363 877
f 822 887 950
f 1060 366 419
f 1020 367 443
f 823 347 329
f 1075 347 823
f 901 369 433
f 901 440 369
f 510 1012 1023
f 1290 1294 584
f 916 371 540
f 407 372 729
f 344 372 614
f 912 373 408
f 1366 373 615
f 385 1120 817
f 579 375 384
f 527 376 719
f 374 377 822
f 60 375 579
f 929 515 704
f 1267 1273 518
f 377 522 718
f 1254 1259 707
f 1393 520 710
f 376 1402 719
f 383 530 945
f 375 681 384
f 384 526 721
f 888 923 342
f 821 385 817
f 1120 385 922
f 888 342 819
f 1294 1290 1367
f 448 386 600
f 1417 494 962
f 1162 1417 512
f 581 387 1238
f 966 470 1211
f 389 491 967
f 495 969 634
f 391 490 973
f 972 391 513
f 975 467 632
f 329 394 748
f 1373 1361 727
f 307 1360 726
f 753 690 992
f 395 992 411
f 564 396 664
f 678 396 409
f 754 689 994
f 766 397 413
f 563 399 662
f 767 399 414
f 314 402 1011
f 1012 679 1233
f 889 1148 1013
f 906 1019 510
f 908 1026 1014
f 954 400 1031
f 386 1095 600
f 355 842 403
f 356 403 848
f 420 378 1058
f 1041 338 811
f 404 1041 1191
f 1192 815 682
f 915 405 669
f 371 1227 540
f 372 407 917
f 373 731 408
f 610 657 730
f 441 1110 1048
f 396 1005 409
f 409 1005 757
f 762 410 1006
f 318 410 762
f 321 996 411
f 395 411 759
f 319 412 756
f 397 994 413
f 399 998 414
f 320 414 758
f 315 740 415
f 313 726 416
f 192 417 161
f 1058 418 420
f 306 501 193
f 378 420 80
f 385 1059 500
f 366 887 419
f 1014 421 903
f 1065 1108 449
f 422 904 431
f 475 423 900
f 534 424 864
f 856 424 1170
f 1078 425 1283
f 1078 839 533
f 196 1400 279
f 356 848 408
f 360 850 1395
f 1105 1099 507
f 435 1116 506
f 898 894 561
f 427 1088 556
f 428 574 1328
f 429 1092 1087
f 1099 1114 452
f 1034 955 485
f 422 431 899
f 446 1038 1399
f 1033 1032 401
f 1032 1033 1242
f 1035 1096 1097
f 1034 1399 1038
f 386 953 432
f 369 902 433
f 502 422 1036
f 400 1094 1031
f 1034 485 1037
f 443 1095 205
f 1030 421 1063
f 400 421 1030
f 1050 1096 504
f 1057 1056 437
f 436 1085 439
f 1099 1105 1114
f 507 1194 1105
f 1222 1228 1358
f 369 440 81
f 1148 889 441
f 892 1017 1018
f 892 1123 1111
f 367 891 443
f 444 1025 1026
f 481 905 445
f 434 536 1098
f 1349 1097 1039
f 472 1216 1200
f 437 447 1113
f 1082 98 1219
f 1116 435 208
f 386 448 953
f 1176 449 1144
f 1026 1063 1014
f 1021 1111 485
f 892 1111 1021
f 1024 445 442
f 70 450 1231
f 1125 453 629
f 479 454 788
f 454 131 464
f 1184 133 461
f 1139 456 1218
f 456 1139 1135
f 1180 457 1177
f 1396 784 1180
f 782 559 781
f 1151 1129 1325
f 1130 458 476
f 1130 779 783
f 324 460 1181
f 455 1141 770
f 1022 462 1138
f 462 1022 499
f 456 1135 132
f 216 464 1143
f 454 464 1178
f 326 1144 449
f 1155 637 974
f 466 1155 1205
f 1203 467 961
f 117 1196 968
f 1196 117 652
f 185 468 972
f 185 633 468
f 1160 1206 1239
f 469 970 183
f 469 183 647
f 988 470 285
f 1211 1172 644
f 650 965 638
f 1210 1161 640
f 977 1169 1415
f 1204 1175 471
f 471 1175 1198
f 474 1049 431
f 475 484 423
f 323 792 789
f 1151 789 1129
f 458 790 476
f 1145 476 1128
f 1142 785 477
f 133 478 791
f 327 772 479
f 454 1179 131
f 1083 1100 206
f 435 506 1067
f 484 465 1016
f 444 482 1025
f 681 483 1046
f 1043 60 1376
f 683 1414 813
f 1042 1188 853
f 1047 811 685
f 378 1054 1193
f 474 461 1049
f 442 1015 1050
f 1095 443 600
f 1195 489 638
f 489 1195 651
f 352 1069 1153
f 642 123 982
f 636 490 391
f 645 491 389
f 641 491 959
f 1209 492 652
f 637 1209 975
f 424 1074 1170
f 1207 286 648
f 840 535 493
f 635 493 971
f 1157 633 185
f 494 1403 1163
f 183 495 647
f 351 1076 1174
f 976 1173 649
f 1214 884 623
f 498 1213 653
f 462 499 1217
f 472 1200 967
f 1353 419 887
f 480 1102 1301
f 905 481 1152
f 1108 1064 449
f 449 1064 1122
f 401 1066 473
f 421 1014 1063
f 775 482 444
f 1197 506 1165
f 1372 488 1228
f 225 1300 1083
f 1416 187 665
f 1000 1401 1383
f 1224 1150 1019
f 341 1370 508
f 508 1370 907
f 438 1287 1201
f 1019 1150 510
f 1012 510 61
f 1032 1242 1235
f 446 127 1038
f 937 1285 1372
f 1236 1286 379
f 1236 1357 1408
f 1206 979 1239
f 635 971 511
f 1417 962 512
f 148 512 962
f 387 964 1238
f 391 973 513
f 106 816 513
f 1169 977 980
f 1161 984 1241
f 101 560 1242
f 1251 1255 716
f 939 515 1246
f 926 1280 711
f 697 1244 1264
f 703 516 929
f 517 690 699
f 936 1412 518
f 518 112 930
f 1267 716 519
f 941 520 305
f 706 1257 1261
f 715 1252 933
f 694 1250 927
f 1250 694 1265
f 1275 1249 715
f 691 928 1272
f 680 702 1271
f 686 521 723
f 924 522 377
f 522 68 724
f 68 523 724
f 523 68 579
f 1402 524 719
f 524 686 723
f 718 439 377
f 1263 382 944
f 1263 712 525
f 681 526 384
f 526 116 722
f 116 527 722
f 301 528 713
f 383 1268 1258
f 943 707 712
f 709 530 1252
f 713 531 301
f 1075 863 532
f 532 863 1079
f 425 861 1283
f 359 838 1284
f 358 858 533
f 533 858 425
f 424 534 1074
f 1193 1054 535
f 530 1301 945
f 1103 718 236
f 379 1286 926
f 1168 1100 1101
f 233 450 290
f 668 1002 451
f 536 1321 1098
f 804 537 1305
f 1297 913 585
f 808 538 866
f 868 539 805
f 1304 797 1407
f 832 1307 803
f 350 1307 832
f 1107 1229 503
f 419 1353 1350
f 1285 488 1372
f 127 446 1323
f 249 1340 536
f 562 560 894
f 896 544 427
f 428 140 893
f 429 1087 895
f 429 552 554
f 545 869 805
f 1305 1306 1304
f 336 1303 799
f 257 1325 566
f 509 436 1183
f 503 546 1253
f 1394 826 1310
f 1314 1318 827
f 745 1319 548
f 548 1319 688
f 114 549 1375
f 438 1102 480
f 260 1318 514
f 897 1332 541
f 1135 572 132
f 664 993 810
f 840 1073 535
f 432 1053 541
f 1279 1411 226
f 252 581 1378
f 591 509 252
f 550 1326 571
f 1368 1318 260
f 1341 568 1225
f 1360 1352 574
f 1359 898 578
f 1351 557 109
f 1327 542 568
f 1361 553 254
f 1342 1302 1087
f 258 1302 1342
f 200 556 570
f 1086 562 256
f 688 562 108
f 998 563 663
f 399 563 998
f 396 564 1005
f 666 565 997
f 668 565 999
f 1343 232 667
f 1325 1112 566
f 559 1347 573
f 1335 147 145
f 260 514 567
f 144 1321 1340
f 419 1350 802
f 147 1335 558
f 460 248 557
f 566 1112 402
f 1355 146 1334
f 1369 501 580
f 249 553 1340
f 898 1359 618
f 1328 574 1352
f 571 561 104
f 1356 1149 551
f 559 573 1354
f 257 566 1125
f 294 376 527
f 141 1361 1373
f 262 594 1324
f 433 567 1185
f 570 556 687
f 269 609 311
f 261 1330 1241
f 1169 192 582
f 143 512 148
f 175 835 617
f 613 1367 831
f 615 585 829
f 420 418 587
f 1369 580 1314
f 1120 922 588
f 448 588 1119
f 575 736 1356
f 549 673 1375
f 1319 745 1375
f 1369 1314 827
f 440 627 81
f 581 1238 1377
f 90 591 91
f 509 591 90
f 1330 1331 592
f 582 313 416
f 255 657 247
f 557 576 109
f 310 593 594
f 511 742 595
f 269 595 609
f 989 274 596
f 274 989 264
f 151 598 734
f 737 593 310
f 593 737 149
f 738 1029 599
f 1029 738 110
f 794 267 601
f 990 601 744
f 801 169 602
f 602 169 743
f 793 603 949
f 309 914 604
f 916 604 728
f 915 1001 605
f 833 63 606
f 919 180 607
f 607 180 732
f 512 143 415
f 415 143 315
f 1239 269 608
f 253 608 269
f 595 733 609
f 311 609 674
f 1150 610 70
f 306 660 611
f 74 611 75
f 271 612 270
f 372 917 614
f 583 917 180
f 373 912 615
f 585 615 1296
f 1292 138 616
f 586 616 1291
f 583 835 175
f 618 1384 108
f 74 83 630
f 150 661 653
f 619 111 852
f 612 271 620
f 1212 150 653
f 275 272 1380
f 630 365 74
f 264 589 274
f 273 599 576
f 577 621 573
f 1420 621 111
f 1371 1334 151
f 629 596 278
f 277 622 768
f 626 884 152
f 883 1215 624
f 1215 883 623
f 498 653 625
f 498 276 769
f 277 769 276
f 498 164 1213
f 627 1418 749
f 626 152 628
f 768 622 73
f 497 440 620
f 453 949 629
f 596 629 62
f 621 577 110
f 259 1334 1371
f 259 1371 1389
f 147 1126 589
f 272 280 1068
f 1386 272 1068
f 75 83 74
f 272 630 280
f 150 153 154
f 279 631 196
f 196 631 910
f 576 599 109
f 589 598 1055
f 1108 81 1064
f 1068 153 1386
f 83 1073 84
f 467 1203 632
f 468 633 1202
f 490 636 978
f 1201 1287 496
f 496 985 1173
f 1208 1165 219
f 489 956 638
f 650 638 986
f 1171 1154 639
f 640 102 973
f 1206 1160 494
f 494 1160 962
f 1167 643 981
f 470 1172 1211
f 447 437 646
f 646 76 837
f 1198 1175 648
f 496 1173 976
f 1205 1155 649
f 856 650 1076
f 1415 1240 964
f 1200 1221 651
f 497 620 271
f 1214 623 883
f 657 610 247
f 591 687 91
f 361 289 654
f 264 654 289
f 360 288 597
f 310 597 288
f 1390 844 852
f 110 655 1390
f 847 178 656
f 362 656 869
f 160 658 157
f 925 75 660
f 625 279 281
f 662 1230 563
f 564 1002 665
f 1416 665 1002
f 1345 232 1343
f 1318 1316 1374
f 1374 1316 825
f 1317 670 826
f 253 291 1309
f 1313 1309 590
f 192 161 671
f 1308 671 161
f 741 292 672
f 727 673 1311
f 733 828 674
f 158 676 162
f 1353 88 677
f 993 680 810
f 1191 1041 376
f 483 681 375
f 683 1186 118
f 1045 809 684
f 1187 1190 685
f 811 1047 686
f 1378 258 570
f 296 702 678
f 693 174 991
f 344 834 695
f 695 173 1003
f 764 165 696
f 696 165 1004
f 755 159 697
f 760 298 694
f 765 691 1007
f 761 299 700
f 756 700 995
f 854 115 1006
f 757 187 701
f 1412 692 763
f 678 702 993
f 1274 1247 703
f 516 703 1247
f 515 1270 704
f 934 1277 705
f 1277 934 235
f 1259 1266 707
f 1266 1259 239
f 529 1268 383
f 1258 239 1256
f 520 237 710
f 710 237 531
f 711 235 1264
f 297 1248 689
f 1412 936 692
f 525 712 300
f 529 503 1253
f 1285 698 488
f 531 713 944
f 1245 932 714
f 709 715 303
f 1243 1392 940
f 1392 1243 1194
f 1251 1256 1255
f 717 932 1245
f 520 1260 1262
f 938 1278 719
f 1278 938 238
f 524 723 302
f 523 941 724
f 660 193 1058
f 501 306 612
f 270 612 306
f 611 660 75
f 549 114 740
f 1327 568 670
f 672 1308 741
f 186 307 671
f 618 1359 672
f 676 725 1405
f 1360 911 726
f 673 727 569
f 91 677 90
f 604 119 406
f 605 505 1227
f 604 914 728
f 1383 918 1000
f 606 268 729
f 729 268 914
f 657 308 730
f 290 730 308
f 663 606 63
f 607 190 731
f 408 731 873
f 407 309 732
f 289 598 264
f 157 735 160
f 575 156 736
f 1080 736 156
f 288 737 310
f 599 266 738
f 1040 738 266
f 989 57 739
f 114 113 740
f 253 1309 162
f 162 1348 253
f 143 1329 315
f 415 740 261
f 1331 316 312
f 416 726 1052
f 741 161 816
f 511 971 742
f 86 742 85
f 601 167 743
f 603 62 949
f 601 267 744
f 394 314 1011
f 675 316 745
f 671 313 192
f 1329 676 315
f 745 113 114
f 64 747 66
f 823 329 748
f 317 749 628
f 768 73 72
f 57 62 751
f 58 56 750
f 330 750 803
f 739 57 752
f 322 749 317
f 1008 699 753
f 690 753 699
f 1010 297 754
f 689 754 297
f 697 1010 755
f 693 755 318
f 412 1004 756
f 700 756 165
f 701 996 757
f 409 757 321
f 414 998 758
f 411 996 759
f 696 759 191
f 700 1051 761
f 413 763 319
f 695 764 320
f 992 928 765
f 691 765 928
f 995 299 766
f 854 766 299
f 701 767 191
f 317 1381 1404
f 677 88 90
f 323 769 277
f 1141 1147 770
f 770 139 771
f 1127 324 784
f 1180 784 477
f 1133 772 1410
f 213 218 1177
f 1177 218 773
f 1132 773 788
f 1122 749 322
f 1184 1144 779
f 464 216 1178
f 1178 216 784
f 460 1351 1181
f 1181 105 782
f 791 130 133
f 1151 215 1182
f 1182 215 786
f 458 1382 790
f 790 1382 787
f 1134 166 778
f 1144 326 779
f 774 1139 780
f 1218 780 1139
f 772 325 1410
f 784 324 477
f 477 324 1142
f 770 771 1133
f 774 1131 781
f 781 1131 1137
f 779 326 783
f 783 326 322
f 775 99 785
f 477 785 457
f 479 772 1179
f 773 1136 788
f 1182 220 789
f 478 327 791
f 777 791 1146
f 769 323 787
f 323 277 792
f 744 267 793
f 603 793 267
f 333 328 878
f 394 1011 748
f 601 743 794
f 337 794 800
f 602 743 795
f 601 990 746
f 768 82 792
f 290 450 730
f 308 667 290
f 752 331 796
f 168 798 170
f 751 337 332
f 170 800 169
f 333 878 750
f 169 801 170
f 1059 334 543
f 800 170 798
f 751 62 603
f 750 56 803
f 332 752 751
f 798 797 331
f 330 799 801
f 874 1293 804
f 537 804 1289
f 750 878 58
f 539 335 805
f 545 805 335
f 794 169 800
f 752 57 751
f 545 241 806
f 1295 245 807
f 807 245 539
f 870 138 808
f 538 808 1292
f 1304 871 797
f 800 798 332
f 799 170 801
f 602 333 801
f 809 1045 404
f 404 338 1041
f 483 60 1043
f 1044 339 1231
f 683 118 814
f 741 816 106
f 818 182 817
f 821 182 1060
f 819 846 888
f 56 1358 698
f 1363 115 854
f 175 173 834
f 695 834 173
f 1040 655 738
f 849 149 737
f 658 160 734
f 266 659 1040
f 334 1089 543
f 76 66 747
f 167 163 795
f 363 824 328
f 1232 818 172
f 605 1001 667
f 825 1320 1315
f 670 1310 826
f 1309 291 590
f 590 291 1320
f 1374 263 827
f 828 733 87
f 829 1365 613
f 370 348 876
f 586 174 830
f 345 831 854
f 372 344 833
f 758 833 344
f 583 175 834
f 583 180 835
f 835 180 919
f 1364 349 617
f 836 349 761
f 1293 350 855
f 837 76 877
f 353 838 359
f 153 838 857
f 1076 351 839
f 1069 352 1282
f 840 1158 1282
f 424 176 864
f 1072 864 859
f 425 177 861
f 819 342 1376
f 679 61 1231
f 1234 354 841
f 841 354 853
f 1297 1296 842
f 403 842 848
f 656 355 843
f 659 843 851
f 655 1040 844
f 868 178 845
f 658 845 847
f 656 843 847
f 658 847 157
f 408 848 912
f 619 197 850
f 659 851 1040
f 655 844 1390
f 619 852 873
f 679 1231 339
f 882 357 875
f 350 832 698
f 831 1363 854
f 349 345 761
f 855 350 298
f 346 334 802
f 1089 77 543
f 839 176 856
f 838 353 857
f 857 353 1072
f 163 177 858
f 196 910 1077
f 864 176 859
f 859 176 1078
f 347 1075 1281
f 363 358 877
f 837 877 1071
f 534 359 860
f 1281 240 861
f 839 351 533
f 1282 352 862
f 862 352 1070
f 65 73 863
f 654 739 865
f 1295 865 796
f 842 362 1297
f 1298 241 866
f 866 241 545
f 197 1395 850
f 597 111 850
f 619 850 111
f 845 361 868
f 656 178 869
f 1291 138 870
f 1304 245 871
f 871 245 1295
f 539 245 872
f 619 873 197
f 1232 875 357
f 841 853 171
f 762 115 876
f 836 1051 173
f 824 64 878
f 802 78 879
f 832 56 698
f 693 830 174
f 364 179 881
f 179 364 880
f 882 875 171
f 882 171 815
f 882 815 340
f 730 450 70
f 863 823 65
f 624 1387 883
f 1214 883 275
f 884 1213 152
f 623 884 626
f 1380 1214 275
f 177 163 885
f 358 363 886
f 877 76 747
f 951 366 1060
f 822 1085 887
f 846 374 888
f 821 194 1059
f 855 760 174
f 1389 160 735
f 735 157 659
f 264 989 654
f 445 905 126
f 908 1109 889
f 441 889 1110
f 905 129 1017
f 890 367 1020
f 907 1118 891
f 909 1123 892
f 328 886 363
f 363 747 824
f 885 1281 177
f 346 879 544
f 858 886 163
f 879 1088 544
f 896 200 1092
f 595 742 733
f 1087 1302 895
f 893 895 142
f 544 896 368
f 1089 897 77
f 1092 554 244
f 560 104 894
f 894 898 108
f 431 1049 899
f 1098 122 900
f 137 900 899
f 904 203 195
f 890 906 367
f 891 1023 907
f 1233 907 1012
f 889 1013 908
f 890 909 188
f 631 154 910
f 613 831 349
f 830 348 616
f 616 370 1292
f 829 613 1364
f 615 912 1296
f 913 241 1298
f 605 1227 915
f 405 915 371
f 614 834 344
f 426 119 916
f 604 916 119
f 606 729 833
f 407 732 917
f 614 917 583
f 728 268 918
f 606 918 268
f 617 836 175
f 607 731 919
f 835 919 1366
f 607 920 190
f 835 1366 1388
f 617 835 1388
f 817 1120 921
f 820 921 1120
f 588 922 1119
f 1370 341 588
f 818 923 182
f 377 374 924
f 846 924 374
f 85 80 86
f 1243 926 1194
f 517 380 928
f 521 686 293
f 702 680 993
f 716 1267 931
f 1393 1260 520
f 709 1252 715
f 1258 1251 933
f 523 579 384
f 934 1264 235
f 935 1270 720
f 1273 1274 936
f 1274 1273 1247
f 303 1279 709
f 519 1247 1273
f 720 1270 939
f 515 939 1270
f 1277 235 940
f 1256 1259 1398
f 1259 1256 239
f 721 237 941
f 520 941 237
f 522 924 68
f 942 236 718
f 439 822 377
f 528 1276 713
f 525 382 1263
f 531 944 710
f 945 1237 529
f 526 681 116
f 531 237 946
f 946 237 721
f 1266 239 947
f 529 947 1268
f 1278 238 948
f 948 238 528
f 888 374 950
f 822 950 374
f 385 500 922
f 821 1060 194
f 738 655 110
f 817 182 821
f 951 182 923
f 876 1363 1290
f 1292 370 584
f 584 1294 1298
f 913 1365 585
f 1289 855 174
f 1289 174 586
f 1095 386 952
f 952 386 432
f 448 1119 953
f 1121 1033 401
f 97 1121 1031
f 885 163 746
f 886 795 163
f 956 1221 1113
f 1153 1069 957
f 644 1164 958
f 491 645 959
f 959 227 466
f 1199 960 639
f 651 1195 960
f 467 1417 961
f 961 1417 1162
f 963 387 581
f 1170 1074 966
f 1220 128 967
f 1163 1403 968
f 495 183 969
f 969 183 979
f 509 1115 252
f 469 635 970
f 970 635 511
f 493 535 971
f 468 391 972
f 513 973 106
f 466 637 1155
f 492 1209 637
f 975 117 1403
f 1175 1204 976
f 1157 185 977
f 490 978 1210
f 1169 980 192
f 466 227 492
f 983 227 645
f 986 1076 650
f 987 1203 984
f 1164 1172 988
f 470 988 1172
f 1350 78 802
f 654 989 739
f 1381 628 152
f 71 72 1011
f 949 314 793
f 744 329 990
f 746 990 347
f 793 394 744
f 748 1011 65
f 795 743 167
f 794 743 169
f 670 568 1310
f 726 911 92
f 307 1352 1360
f 186 1359 251
f 694 159 991
f 690 928 992
f 689 112 994
f 413 994 763
f 700 299 995
f 701 191 996
f 565 1379 997
f 565 666 999
f 999 1230 662
f 563 1230 1000
f 700 165 1051
f 412 753 1004
f 564 665 1005
f 410 397 1006
f 854 1006 766
f 701 187 767
f 691 296 1007
f 1007 296 678
f 692 699 1008
f 696 191 1009
f 1009 191 767
f 697 297 1010
f 627 440 497
f 402 314 949
f 627 749 1064
f 1234 841 172
f 679 1012 61
f 508 907 1233
f 1234 508 1233
f 748 65 823
f 824 747 64
f 135 1015 126
f 209 1016 213
f 892 1018 909
f 890 1019 906
f 126 1021 135
f 188 217 1019
f 891 367 1023
f 1023 367 906
f 510 1150 61
f 445 1024 481
f 1025 1024 214
f 130 1027 134
f 134 1028 130
f 110 107 1029
f 599 1029 109
f 210 202 432
f 952 432 202
f 1094 400 1030
f 954 1031 1121
f 1033 1121 97
f 1038 955 1034
f 1096 1050 1117
f 1321 1036 122
f 122 1098 1321
f 189 1037 205
f 127 121 1038
f 121 127 1039
f 201 1035 204
f 847 843 157
f 845 178 847
f 843 355 851
f 851 403 1040
f 844 1040 403
f 842 1296 848
f 852 844 356
f 66 76 1056
f 810 1190 664
f 811 1402 1041
f 376 1041 1402
f 853 339 1042
f 1376 340 1043
f 684 1043 340
f 814 1189 338
f 682 815 171
f 811 338 685
f 684 1192 1045
f 813 1045 1192
f 685 1189 1187
f 1046 1191 294
f 681 1046 294
f 812 295 1188
f 682 1188 295
f 1047 810 293
f 686 1047 293
f 813 295 683
f 731 190 873
f 197 873 190
f 606 1000 918
f 918 405 728
f 729 914 407
f 605 308 505
f 610 730 70
f 920 732 309
f 915 1227 371
f 915 669 1001
f 916 540 426
f 728 371 916
f 406 119 867
f 833 729 372
f 917 732 180
f 919 731 373
f 473 1048 1110
f 461 1028 1049
f 137 1049 134
f 1117 1050 135
f 134 475 137
f 757 996 321
f 995 319 756
f 992 395 753
f 765 1007 321
f 755 991 159
f 994 112 763
f 678 993 396
f 1007 678 409
f 754 410 1010
f 765 411 992
f 753 412 1008
f 766 413 995
f 1009 767 414
f 1008 319 763
f 756 1004 165
f 755 1010 318
f 994 397 754
f 991 174 760
f 1006 115 762
f 757 1005 187
f 759 996 191
f 1009 320 764
f 759 1004 395
f 764 1003 165
f 1006 397 766
f 1003 173 1051
f 761 1051 836
f 187 399 767
f 758 998 63
f 740 113 261
f 726 92 1052
f 67 77 1053
f 925 378 1193
f 378 80 1054
f 1055 598 151
f 1055 151 145
f 402 71 1011
f 1084 128 120
f 1057 1222 1056
f 1060 419 194
f 580 501 612
f 660 306 193
f 1058 378 925
f 950 951 888
f 1060 182 951
f 950 887 366
f 1190 1344 664
f 1189 1409 1187
f 451 1187 1409
f 233 1062 1042
f 903 1109 1014
f 902 1108 1065
f 434 423 1419
f 1419 423 1391
f 900 137 475
f 1419 1391 1066
f 1117 135 485
f 201 224 504
f 1106 1099 228
f 1284 1068 280
f 1054 85 535
f 838 153 1068
f 860 1070 352
f 533 351 1071
f 837 1071 351
f 864 1072 353
f 280 84 862
f 1282 862 84
f 534 860 1074
f 1281 861 177
f 1281 1075 532
f 196 1077 240
f 839 1078 176
f 1079 1406 1400
f 532 1079 1400
f 156 540 1080
f 540 156 426
f 505 255 1080
f 119 849 867
f 1395 920 406
f 848 1296 912
f 852 356 873
f 59 66 1222
f 223 198 1057
f 221 228 1287
f 430 1216 1084
f 430 223 1216
f 1084 1357 430
f 1056 1222 66
f 1102 1081 1104
f 560 562 1086
f 1088 879 78
f 1089 346 544
f 894 108 562
f 894 104 561
f 140 428 555
f 1090 428 1328
f 893 142 574
f 552 429 1091
f 1092 200 1087
f 1090 251 1093
f 1090 250 555
f 128 1114 120
f 1030 204 1094
f 1035 201 504
f 955 1117 485
f 904 474 431
f 899 1049 137
f 422 502 904
f 229 202 210
f 421 400 954
f 1117 121 1096
f 1096 121 1097
f 953 67 1053
f 1032 1066 401
f 1035 1097 1349
f 900 434 1098
f 434 1419 212
f 954 903 421
f 1035 504 1096
f 1176 231 1065
f 1035 1349 211
f 904 502 203
f 902 203 230
f 432 541 210
f 1036 422 122
f 1063 201 1030
f 1115 1183 206
f 1081 98 1104
f 1287 438 221
f 125 1067 124
f 124 1300 125
f 439 1103 436
f 199 222 1229
f 1067 125 486
f 1103 206 1183
f 1082 199 1229
f 1107 1104 1082
f 1104 1107 1237
f 1358 59 1222
f 242 207 430
f 902 369 1108
f 81 1108 369
f 620 440 901
f 903 1226 1109
f 1110 1109 1226
f 900 122 899
f 908 1013 444
f 889 1109 1110
f 1017 129 499
f 1020 443 205
f 1017 892 1021
f 443 891 600
f 1123 205 1111
f 1024 1223 481
f 1026 214 1063
f 71 1112 82
f 1397 203 502
f 953 1053 432
f 1399 229 446
f 902 230 433
f 433 1185 901
f 1114 128 1220
f 1082 1104 98
f 1115 1100 963
f 1081 438 1201
f 223 1057 1113
f 486 435 1067
f 1116 222 199
f 817 921 818
f 955 121 1117
f 600 1118 448
f 953 1119 67
f 588 341 1120
f 820 1120 341
f 401 1226 1121
f 954 1121 1226
f 1144 1124 1176
f 126 1015 445
f 465 484 1027
f 475 134 1027
f 133 130 1028
f 217 188 1022
f 485 135 1021
f 1022 1018 499
f 1017 499 1018
f 70 61 1150
f 442 214 1024
f 441 1048 209
f 1044 450 233
f 70 1231 61
f 451 1409 668
f 1221 1216 223
f 124 123 1101
f 1334 145 151
f 577 107 110
f 629 949 62
f 589 1126 278
f 778 325 327
f 772 327 325
f 789 220 323
f 220 787 323
f 476 790 1128
f 1182 1128 220
f 789 792 1129
f 779 1130 166
f 774 780 1131
f 1122 322 326
f 1178 1132 454
f 479 1179 454
f 770 1133 455
f 1184 1134 133
f 771 139 459
f 459 139 146
f 217 247 1224
f 1139 1324 1135
f 773 218 1136
f 775 1137 1131
f 462 551 1138
f 1138 551 1149
f 463 457 1148
f 774 781 1140
f 215 246 1141
f 1181 1142 324
f 464 459 1143
f 778 1145 325
f 777 1146 1136
f 1181 1351 105
f 770 1147 139
f 1028 461 133
f 457 99 1148
f 776 462 1217
f 1138 1149 247
f 1138 217 1022
f 248 460 1127
f 131 771 464
f 456 132 1152
f 777 465 1027
f 1177 463 213
f 1136 218 465
f 641 1205 287
f 957 285 1153
f 470 1153 285
f 638 956 283
f 958 284 1154
f 639 1154 284
f 974 184 1155
f 1155 184 649
f 641 1156 1220
f 1157 977 393
f 1197 1157 393
f 1403 467 975
f 1159 636 1202
f 969 979 1206
f 635 469 1158
f 957 1158 469
f 978 1159 471
f 219 282 633
f 634 390 1196
f 1210 1198 286
f 640 1161 102
f 964 387 642
f 970 511 1385
f 961 1162 234
f 968 390 1163
f 494 1163 1206
f 976 1204 392
f 496 976 392
f 958 1164 1196
f 956 1113 447
f 646 437 76
f 199 219 1165
f 1197 1165 1208
f 228 985 1287
f 496 1287 985
f 966 1166 470
f 965 1171 155
f 638 965 1195
f 960 155 639
f 1159 282 1167
f 643 1167 282
f 963 581 252
f 642 1101 123
f 643 98 100
f 982 506 1197
f 1415 1169 1240
f 966 388 1170
f 650 1170 388
f 965 388 1171
f 644 1171 1211
f 644 1172 1164
f 985 287 1173
f 649 1173 287
f 988 285 647
f 1415 982 393
f 987 984 1161
f 471 981 1204
f 960 389 651
f 986 283 1174
f 646 1174 283
f 976 184 1175
f 648 1175 184
f 983 645 1199
f 983 284 652
f 437 1113 1057
f 1115 206 1100
f 1124 231 1176
f 1111 205 1037
f 442 1050 504
f 1128 786 1145
f 1127 784 216
f 1130 783 458
f 478 133 1134
f 1137 785 1142
f 559 782 105
f 1410 455 1133
f 166 1130 476
f 783 322 1404
f 781 1137 782
f 786 455 1410
f 784 1396 1178
f 1132 1178 1396
f 1179 1133 131
f 1128 790 220
f 1129 792 82
f 788 454 1132
f 771 131 1133
f 781 559 1140
f 477 457 1180
f 1396 1180 1177
f 786 215 455
f 1141 455 215
f 782 1142 1181
f 785 99 457
f 327 478 778
f 1146 788 1136
f 788 1146 479
f 1134 779 166
f 789 1151 1182
f 791 327 1146
f 242 430 1357
f 435 486 208
f 1101 1100 1083
f 506 123 1067
f 480 221 438
f 461 1124 1184
f 218 213 1016
f 132 1217 1152
f 1131 482 775
f 1344 1190 1187
f 1288 1186 812
f 684 340 815
f 682 171 1188
f 853 1188 171
f 680 293 810
f 683 814 1414
f 1186 683 295
f 812 1186 295
f 685 338 1189
f 809 1046 483
f 684 809 483
f 1414 404 1045
f 813 1414 1045
f 810 1047 1190
f 685 1190 1047
f 376 294 1191
f 809 1191 1046
f 682 295 1192
f 813 1192 295
f 402 453 566
f 1125 566 453
f 1055 145 147
f 1125 1126 257
f 891 1118 600
f 442 504 224
f 474 904 231
f 1049 1028 134
f 473 1066 1048
f 1027 484 475
f 1015 135 1050
f 480 1301 487
f 222 546 1229
f 957 647 285
f 646 283 447
f 956 447 283
f 1195 965 155
f 960 1195 155
f 860 1153 1166
f 470 1166 1153
f 966 1074 1166
f 639 155 1171
f 643 100 981
f 390 634 969
f 968 1196 390
f 632 974 637
f 975 632 637
f 982 1197 393
f 648 286 1198
f 978 1198 1210
f 639 284 1199
f 983 1199 284
f 651 389 1200
f 967 1200 389
f 496 392 1201
f 392 100 1201
f 646 837 1174
f 956 489 1221
f 651 1221 489
f 645 389 960
f 959 645 227
f 983 492 227
f 637 466 492
f 638 283 986
f 1202 633 282
f 1159 1202 282
f 972 980 185
f 1415 393 977
f 636 1159 978
f 1203 286 1207
f 632 1203 1207
f 971 535 85
f 970 979 183
f 642 387 1168
f 963 1168 387
f 640 973 490
f 1204 981 392
f 649 287 1205
f 959 1205 641
f 967 491 1220
f 641 1220 491
f 958 652 284
f 1206 1163 390
f 969 1206 390
f 648 184 1207
f 974 1207 184
f 961 984 1203
f 840 493 1158
f 635 1158 493
f 471 1159 1167
f 968 1403 117
f 1208 633 1157
f 1197 1208 1157
f 643 282 1219
f 219 1219 282
f 957 1069 1158
f 652 117 1209
f 975 1209 117
f 988 495 1164
f 634 1164 495
f 987 1210 286
f 1211 1171 388
f 966 1211 388
f 641 287 1156
f 985 1156 287
f 986 1174 1076
f 650 856 1170
f 965 650 388
f 644 1154 1171
f 649 184 976
f 1212 884 1214
f 1380 1212 1214
f 1213 164 152
f 653 1213 884
f 626 1418 623
f 624 1215 497
f 624 270 1387
f 622 276 1406
f 276 498 281
f 625 281 498
f 1056 76 437
f 481 1218 1152
f 472 1084 1216
f 985 228 452
f 1156 1114 1220
f 1114 1156 452
f 1216 1221 1200
f 67 922 500
f 1353 887 1085
f 543 500 1059
f 420 87 80
f 1228 1222 1057
f 207 198 430
f 1301 1102 1237
f 487 221 480
f 441 463 1148
f 465 218 1016
f 482 1223 1025
f 1218 481 1223
f 1323 1333 127
f 542 1036 1225
f 144 1225 1321
f 203 1397 230
f 567 433 230
f 550 1031 1094
f 103 101 97
f 901 1185 79
f 221 226 1106
f 1065 449 1176
f 1048 1066 1391
f 401 473 1226
f 1110 1226 473
f 1080 1227 505
f 197 920 1395
f 444 1013 775
f 777 1027 130
f 1101 1083 124
f 438 1081 1102
f 1219 98 643
f 452 1156 985
f 1165 506 1116
f 1131 780 482
f 1228 1057 198
f 488 1358 1228
f 1372 1228 207
f 999 1413 668
f 666 1401 1230
f 1000 1230 1401
f 1345 1288 232
f 667 232 290
f 999 662 1413
f 666 997 398
f 1299 1345 997
f 1001 398 1343
f 1345 1343 398
f 1013 1148 99
f 1152 1217 905
f 129 905 1217
f 1186 1288 1299
f 450 1044 1231
f 907 1370 1118
f 820 508 1234
f 508 820 341
f 1114 1105 120
f 509 90 436
f 963 1100 1168
f 1115 509 1183
f 1219 199 1082
f 967 128 472
f 452 228 1099
f 1084 120 1408
f 1014 1109 908
f 905 1017 126
f 1018 188 909
f 1023 906 510
f 909 1020 1123
f 907 1023 1012
f 1339 1094 211
f 541 1053 77
f 536 434 212
f 502 1036 542
f 1238 1052 92
f 964 1052 1238
f 1052 964 1240
f 148 962 1160
f 269 1239 1385
f 973 102 106
f 742 971 85
f 608 1160 1239
f 1169 582 1240
f 980 417 192
f 972 513 417
f 816 417 513
f 984 234 1241
f 261 1241 234
f 1101 642 1168
f 1116 199 1165
f 1332 210 541
f 207 242 1372
f 1083 206 225
f 206 236 225
f 940 1280 1243
f 926 1243 1280
f 697 159 1244
f 927 1244 159
f 698 1358 488
f 927 159 694
f 930 112 1248
f 690 517 928
f 1245 929 516
f 717 1245 516
f 1246 1257 302
f 939 1246 302
f 1247 519 304
f 934 297 1264
f 716 304 519
f 935 296 691
f 515 714 1246
f 929 1245 515
f 1248 112 689
f 931 181 716
f 1275 715 181
f 931 1275 181
f 940 303 1249
f 715 1249 303
f 939 302 723
f 935 702 296
f 927 1250 379
f 711 927 379
f 711 379 926
f 716 181 1251
f 933 1251 181
f 933 1252 383
f 1257 706 238
f 938 1257 238
f 1253 300 947
f 943 1263 713
f 945 529 383
f 932 1261 714
f 714 1261 1257
f 717 1254 932
f 1398 304 1255
f 716 1255 304
f 1300 1262 1260
f 1256 1251 1258
f 717 1247 304
f 1398 717 304
f 938 302 1257
f 714 1257 1246
f 1393 710 382
f 933 383 1258
f 933 181 715
f 1261 1254 381
f 706 1261 381
f 707 381 1254
f 932 1254 1261
f 942 305 225
f 503 529 1237
f 1263 944 713
f 712 1263 943
f 943 713 1276
f 947 300 712
f 948 301 722
f 1285 1265 298
f 946 722 301
f 721 941 523
f 697 1264 297
f 719 524 938
f 724 941 305
f 694 298 1265
f 937 1265 1285
f 942 724 305
f 718 1103 439
f 942 718 522
f 1266 712 707
f 931 1267 930
f 947 239 1268
f 1258 1268 239
f 708 525 1269
f 300 1269 525
f 936 518 1273
f 935 1272 1270
f 704 1270 1272
f 1271 521 293
f 680 1271 293
f 928 380 1272
f 704 1272 380
f 1273 1267 519
f 703 517 1274
f 936 1274 699
f 518 930 1267
f 546 300 1253
f 931 705 1275
f 705 931 930
f 705 930 1248
f 706 1276 528
f 528 238 706
f 706 381 1276
f 943 1276 381
f 1277 1249 1275
f 705 1277 1275
f 1252 530 383
f 944 382 710
f 929 704 380
f 703 929 380
f 943 381 707
f 946 721 526
f 1278 722 527
f 719 1278 527
f 720 1271 702
f 935 720 702
f 939 521 720
f 940 235 1280
f 711 1280 235
f 1236 1250 937
f 711 1264 1244
f 857 1072 910
f 857 154 153
f 353 534 864
f 862 1070 1284
f 1079 863 73
f 859 1077 1072
f 1070 860 359
f 1069 1282 1158
f 424 856 176
f 877 358 1071
f 1073 1282 84
f 859 1078 1283
f 861 240 1283
f 1077 1283 240
f 1078 533 425
f 425 858 177
f 838 1068 1284
f 1074 860 1166
f 812 1042 1062
f 1054 80 85
f 945 1301 1237
f 1262 1300 225
f 487 530 709
f 926 1286 1194
f 232 1288 1062
f 1345 1299 1288
f 211 1338 1339
f 804 1293 1289
f 584 370 1290
f 876 1290 370
f 870 537 1291
f 586 1291 1289
f 808 138 1292
f 874 1307 1293
f 350 1293 1307
f 913 1294 1365
f 796 331 1295
f 871 1295 331
f 585 1296 1297
f 805 178 868
f 807 361 865
f 806 241 1297
f 913 1297 241
f 866 538 1298
f 584 1298 538
f 806 362 869
f 808 335 872
f 1407 797 168
f 803 56 832
f 1299 1379 118
f 379 1250 1236
f 197 190 920
f 47 1061 46
f 103 104 101
f 1031 550 103
f 1242 560 1086
f 193 501 1369
f 1236 242 1357
f 546 503 1229
f 507 1106 1411
f 258 92 911
f 486 125 1260
f 1279 226 709
f 530 487 1301
f 567 514 1185
f 561 1093 898
f 895 1091 429
f 578 898 1093
f 893 140 1091
f 141 553 1361
f 244 368 896
f 895 1302 142
f 897 1089 368
f 427 200 896
f 1088 427 544
f 893 574 428
f 1090 1328 251
f 554 1092 429
f 1090 555 428
f 797 871 331
f 808 1306 870
f 865 739 796
f 806 1297 362
f 808 866 335
f 1407 168 1303
f 799 1303 168
f 807 868 361
f 1407 1305 1304
f 804 1303 874
f 872 245 1306
f 1304 1306 245
f 805 869 178
f 874 336 1307
f 803 1307 336
f 925 1193 83
f 1351 107 1347
f 1081 1201 100
f 671 1308 186
f 1308 161 741
f 158 162 1309
f 673 549 1311
f 1405 1311 549
f 1373 1312 547
f 1394 1313 826
f 675 745 548
f 587 263 1315
f 1374 1315 263
f 670 1316 1368
f 590 825 1317
f 670 1317 1316
f 672 292 1384
f 674 1320 291
f 1351 109 1029
f 708 208 486
f 232 233 290
f 101 104 560
f 571 103 550
f 140 1362 1333
f 897 541 77
f 535 1073 1193
f 1335 139 1147
f 1355 459 146
f 1129 1112 1325
f 1135 594 572
f 610 1150 1224
f 132 572 776
f 558 1147 1337
f 257 246 1325
f 1151 1325 246
f 1032 1235 212
f 1033 101 1242
f 1409 118 1379
f 1332 897 368
f 1322 244 554
f 552 1333 1323
f 1093 1326 250
f 1339 250 1326
f 561 571 1326
f 1314 89 514
f 1091 140 1333
f 254 553 243
f 1318 1314 514
f 427 556 200
f 1260 125 1300
f 1372 242 937
f 148 1329 143
f 252 1378 687
f 416 1052 1240
f 102 1331 106
f 1338 1362 555
f 368 244 1332
f 554 1323 1322
f 568 1341 1310
f 547 1310 1341
f 1359 578 251
f 146 145 1334
f 145 146 1335
f 576 1346 259
f 1356 776 1336
f 1327 260 1397
f 1337 1147 1141
f 259 1346 1355
f 1112 1129 82
f 105 1347 559
f 1362 1338 1349
f 1093 561 1326
f 554 552 1323
f 141 144 1340
f 91 556 1088
f 1087 200 1342
f 570 1342 200
f 258 911 1302
f 256 562 688
f 664 396 993
f 663 63 998
f 999 666 1230
f 1002 564 1344
f 664 1344 564
f 1005 665 187
f 667 1001 1343
f 997 1345 398
f 557 248 1346
f 1227 1080 540
f 1126 147 558
f 593 572 594
f 148 1160 1348
f 608 1348 1160
f 514 89 1185
f 1338 211 1349
f 1340 1321 536
f 736 255 1149
f 576 557 1346
f 558 1337 257
f 557 1351 460
f 736 1149 1356
f 402 1112 71
f 1355 1334 259
f 677 1350 1353
f 334 1059 194
f 555 1362 140
f 553 249 243
f 1340 553 141
f 1225 144 1341
f 898 618 108
f 543 67 500
f 733 742 86
f 552 1091 1333
f 262 1324 1354
f 559 1354 1140
f 1346 1143 1355
f 459 1355 1143
f 709 226 487
f 243 256 254
f 1093 251 578
f 1342 570 258
f 503 1237 1107
f 727 1361 254
f 1349 1039 1362
f 1362 1039 1333
f 1368 260 1327
f 1338 250 1339
f 1332 244 1322
f 629 278 1125
f 453 402 949
f 1336 149 575
f 294 527 116
f 567 1397 260
f 536 212 249
f 1339 1326 550
f 251 1352 186
f 997 1379 1299
f 1086 256 243
f 1337 1141 246
f 1031 103 97
f 1085 822 439
f 568 542 1225
f 1086 243 1235
f 556 91 687
f 136 1194 1286
f 1161 1241 592
f 415 234 512
f 584 538 1292
f 831 1367 1363
f 1290 1363 1367
f 617 1388 1364
f 829 1364 1388
f 829 585 1365
f 1367 613 1365
f 1294 1367 1365
f 616 138 1291
f 1347 577 573
f 265 262 573
f 558 1335 1147
f 1135 1324 594
f 1336 776 572
f 1354 1324 1140
f 1143 1346 248
f 426 849 119
f 418 1369 263
f 1314 580 89
f 233 232 1062
f 588 448 1370
f 1118 1370 448
f 818 921 172
f 922 67 1119
f 589 1055 147
f 151 734 1371
f 911 142 1302
f 569 254 256
f 69 579 68
f 262 265 310
f 575 1356 1336
f 1411 1106 226
f 727 1311 1373
f 1312 1373 1311
f 1312 1394 547
f 825 1315 1374
f 114 1375 745
f 590 1317 1313
f 725 158 1394
f 1313 1394 158
f 673 569 1375
f 1319 1375 569
f 828 87 587
f 1317 825 1316
f 1320 828 1315
f 551 776 1356
f 1330 261 113
f 1378 581 1377
f 1238 92 1377
f 1377 92 258
f 252 687 591
f 312 106 1331
f 570 687 1378
f 1377 258 1378
f 316 1331 1330
f 1330 592 1241
f 416 1240 582
f 1331 102 592
f 661 625 653
f 661 154 631
f 565 668 1379
f 1409 1379 668
f 150 154 661
f 883 1387 365
f 1237 1102 1104
f 305 1262 225
f 152 164 1381
f 1382 1381 164
f 426 156 149
f 1383 1401 669
f 405 1383 669
f 1351 1029 107
f 609 733 674
f 160 1389 1371
f 127 1333 1039
f 827 263 1369
f 548 688 1384
f 108 1384 688
f 1386 1380 272
f 802 879 346
f 1235 243 249
f 1232 172 875
f 841 875 172
f 611 74 1387
f 365 1387 74
f 149 849 426
f 1086 1235 1242
f 1366 615 1388
f 829 1388 615
f 1103 1183 436
f 735 266 1389
f 273 1389 266
f 852 111 1390
f 423 484 1391
f 209 1391 484
f 73 65 72
f 1328 1352 251
f 1300 124 1083
f 483 375 60
f 1411 1279 1392
f 303 1392 1279
f 382 708 1393
f 1393 708 486
f 1310 547 1394
f 725 1394 1312
f 406 867 1395
f 360 1395 867
f 262 1354 573
f 572 593 1336
f 222 208 1269
f 1393 486 1260
f 1281 532 240
f 349 836 617
f 728 914 268
f 1177 773 1396
f 1132 1396 773
f 1004 753 395
f 1239 979 1385
f 502 542 1397
f 1327 1397 542
f 1259 1254 1398
f 717 1398 1254
f 1338 555 250
f 1034 189 1399
f 202 1399 189
f 196 240 1400
f 532 1400 240
f 669 1401 398
f 811 686 1402
f 524 1402 686
f 136 1286 1408
f 1236 1408 1286
f 84 630 83
f 1381 1382 1404
f 458 1404 1382
f 549 740 1405
f 315 1405 740
f 281 279 1406
f 1400 1406 279
f 1303 804 1407
f 1305 1407 804
f 1084 1408 1357
f 350 698 1285
f 621 110 1390
f 1189 814 1409
f 118 1409 814
f 325 1145 1410
f 786 1410 1145
f 1392 1194 1411
f 507 1411 1194
f 398 1001 669
f 164 787 1382
f 763 112 1412
f 518 1412 112
f 1416 1002 1413
f 668 1413 1002
f 814 338 1414
f 404 1414 338
f 642 1415 964
f 982 1415 642
f 187 1416 399
f 467 1403 1417
f 494 1417 1403
f 627 497 1418
f 1215 1418 497
f 1066 1032 1419
f 212 1419 1032
f 1319 569 688
f 256 688 569
f 662 399 1416
f 855 298 760
f 111 597 1420
f 265 1420 597
f 1423 1421 1422 1425
f 1424 1421 1423 1426
f 1422 1421 1424
f 1425 1422 1424 1426
f 1426 1423 1425
f 1429 1427 1428 1431
f 1430 1427 1429 1433
f 1428 1427 1430 1434 1438 1442 1446 1450 1454 1458 1462 1466 1470 1472 1468 1464 1460 1456 1452 1448 1444 1440 1436 1432
f 1431 1428 1432 1435
f 1433 1429 1431 1435 1439 1443 1447 1451 1455 1459 1463 1467 1471 1474 1473 1469 1465 1461 1457 1453 1449 1445 1441 1437
f 1434 1430 1433 1437
f 1435 1432 1436 1439
f 1438 1434 1437 1441
f 1439 1436 1440 1443
f 1442 1438 1441 1445
f 1443 1440 1444 1447
f 1446 1442 1445 1449
f 1447 1444 1448 1451
f 1450 1446 1449 1453
f 1451 1448 1452 1455
f 1454 1450 1453 1457
f 1455 1452 1456 1459
f 1458 1454 1457 1461
f 1459 1456 1460 1463
f 1462 1458 1461 1465
f 1463 1460 1464 1467
f 1466 1462 1465 1469
f 1467 1464 1468 1471
f 1470 1466 1469 1473
f 1471 1468 1472 1474
f 1472 1470 1473 1474
f 1477 1475 1476 1479
f 1478 1475 1477 1481
f 1476 1475 1478 1482 1486 1490 1494 1498 1502 1506 1510 1514 1518 1520 1516 1512 1508 1504 1500 1496 1492 1488 1484 1480
f 1479 1476 1480 1483
f 1481 1477 1479 1483 1487 1491 1495 1499 1503 1507 1511 1515 1519 1522 1521 1517 1513 1509 1505 1501 1497 1493 1489 1485
f 1482 1478 1481 1485
f 1483 1480 1484 1487
f 1486 1482 1485 1489
f 1487 1484 1488 1491
f 1490 1486 1489 1493
f 1491 1488 1492 1495
f 1494 1490 1493 1497
f 1495 1492 1496 1499
f 1498 1494 1497 1501
f 1499 1496 1500 1503
f 1502 1498 1501 1505
f 1503 1500 1504 1507
f 1506 1502 1505 1509
f 1507 1504 1508 1511
f 1510 1506 1509 1513
f 1511 1508 1512 1515
f 1514 1510 1513 1517
f 1515 1512 1516 1519
f 1518 1514 1517 1521
f 1519 1516 1520 1522
f 1520 1518 1521 1522
f 1525 1523 1524
f 1526 1523 1525 1529 1533 1537 1541 1545 1549 1553 1557 1561 1565 1569 1570 1566 1562 1558 1554 1550 1546 1542 1538 1534 1530
f 1527 1523 1526
f 1524 1523 1527
f 1525 1524 1528
f 1528 1524 1527 1531 1535 1539 1543 1547 1551 1555 1559 1563 1567 1571 1568 1564 1560 1556 1552 1548 1544 1540 1536 1532
f 1529 1525 1528
f 1531 1526 1530
f 1527 1526 1531
f 1529 1528 1532
f 1533 1529 1532
f 1535 1530 1534
f 1531 1530 1535
f 1533 1532 1536
f 1537 1533 1536
f 1539 1534 1538
f 1535 1534 1539
f 1537 1536 1540
f 1541 1537 1540
f 1543 1538 1542
f 1539 1538 1543
f 1541 1540 1544
f 1545 1541 1544
f 1547 1542 1546
f 1543 1542 1547
f 1545 1544 1548
f 1549 1545 1548
f 1551 1546 1550
f 1547 1546 1551
f 1549 1548 1552
f 1553 1549 1552
f 1551 1550 1554
f 1555 1551 1554
f 1553 1552 1556
f 1557 1553 1556
f 1555 1554 1558
f 1559 1555 1558
f 1557 1556 1560
f 1561 1557 1560
f 1559 1558 1562
f 1563 1559 1562
f 1561 1560 1564
f 1565 1561 1564
f 1563 1562 1566
f 1567 1563 1566
f 1565 1564 1568
f 1569 1565 1568
f 1567 1566 1570
f 1571 1567 1570
f 1569 1568 1571
f 1570 1569 1571
f 1574 1572 1573
f 1575 1572 1574 1581
f 1576 1572 1575 1582
f 1573 1572 1576 1578
f 1574 1573 1577
f 1577 1573 1578 1584 1590 1596 1602 1608 1614 1620 1626 1632 1638 1644 1646 1640 1634 1627 1621 1615 1609 1603 1597 1591 1585 1579
f 1580 1574 1579
f 1581 1574 1580 1586
f 1579 1574 1577
f 1582 1575 1581 1586 1592 1599 1605 1611 1617 1623 1629 1635 1639 1645 1649 1648 1642 1636 1630 1624 1618 1612 1606 1600 1594 1588
f 1583 1576 1582 1588
f 1578 1576 1583
f 1584 1578 1583
f 1580 1579 1585
f 1587 1580 1585
f 1586 1580 1587 1592
f 1589 1583 1588 1594
f 1590 1583 1589
f 1584 1583 1590
f 1587 1585 1591
f 1592 1587 1593 1599
f 1593 1587 1591
f 1595 1589 1594 1600
f 1596 1589 1595
f 1590 1589 1596
f 1598 1591 1597
f 1593 1591 1598
f 1599 1593 1598 1605
f 1601 1595 1600 1606
f 1602 1595 1601
f 1596 1595 1602
f 1598 1597 1603
f 1605 1598 1604 1611
f 1604 1598 1603
f 1607 1601 1606 1612
f 1602 1601 1607
f 1608 1602 1607
f 1610 1603 1609
f 1604 1603 1610
f 1611 1604 1610 1617
f 1613 1607 1612 1618
f 1614 1607 1613
f 1608 1607 1614
f 1610 1609 1615
f 1616 1610 1615
f 1617 1610 1616 1623
f 1619 1613 1618 1624
f 1614 1613 1619
f 1620 1614 1619
f 1622 1615 1621
f 1616 1615 1622
f 1623 1616 1622 1629
f 1625 1619 1624 1630
f 1626 1619 1625
f 1620 1619 1626
f 1628 1621 1627
f 1622 1621 1628
f 1629 1622 1628 1635
f 1631 1625 1630 1636
f 1626 1625 1631
f 1632 1626 1631
f 1628 1627 1633
f 1633 1627 1634
f 1635 1628 1633 1639
f 1632 1631 1637
f 1637 1631 1636 1642
f 1638 1632 1637
f 1640 1633 1634
f 1641 1633 1640
f 1639 1633 1641 1645
f 1643 1637 1642 1648
f 1638 1637 1643
f 1644 1638 1643
f 1641 1640 1646 1647
f 1645 1641 1647 1649
f 1646 1643 1647
f 1644 1643 1646
f 1647 1643 1648 1649
f 1652 1650 1651
f 1653 1650 1652
f 1654 1650 1653
f 1655 1650 1654
f 1651 1650 1655 1664 1670 1676 1682 1688 1694 1699 1706 1712 1718 1719 1713 1707 1701 1695 1689 1683 1677 1671 1665 1656
f 1652 1651 1656
f 1653 1652 1657
f 1658 1652 1656
f 1659 1652 1658
f 1657 1652 1659
f 1661 1653 1660
f 1654 1653 1661
f 1660 1653 1657
f 1662 1654 1661
f 1663 1654 1662
f 1664 1654 1663
f 1655 1654 1664
f 1666 1656 1665
f 1658 1656 1666
f 1660 1657 1659 1667 1673 1679 1685 1691 1697 1703 1709 1715 1721 1716 1710 1705 1698 1692 1686 1680 1674 1668 1662 1661
f 1659 1658 1666
f 1667 1659 1666
f 1669 1662 1668
f 1663 1662 1669
f 1664 1663 1669
f 1670 1664 1669
f 1666 1665 1671
f 1672 1666 1671
f 1673 1666 1672
f 1667 1666 1673
f 1669 1668 1674
f 1675 1669 1674
f 1676 1669 1675
f 1670 1669 1676
f 1678 1671 1677
f 1672 1671 1678
f 1673 1672 1678
f 1679 1673 1678
f 1681 1674 1680
f 1675 1674 1681
f 1676 1675 1681
f 1682 1676 1681
f 1678 1677 1683
f 1684 1678 1683
f 1679 1678 1684
f 1685 1679 1684
f 1687 1680 1686
f 1681 1680 1687
f 1688 1681 1687
f 1682 1681 1688
f 1690 1683 1689
f 1684 1683 1690
f 1691 1684 1690
f 1685 1684 1691
f 1687 1686 1692
f 1693 1687 1692
f 1688 1687 1693
f 1694 1688 1693
f 1690 1689 1695
f 1696 1690 1695
f 1697 1690 1696
f 1691 1690 1697
f 1693 1692 1698
f 1694 1693 1699
f 1700 1693 1698
f 1699 1693 1700
f 1702 1695 1701
f 1696 1695 1702
f 1697 1696 1702
f 1703 1697 1702
f 1700 1698 1704
f 1704 1698 1705
f 1704 1699 1700
f 1706 1699 1704
f 1702 1701 1707
f 1708 1702 1707
f 1709 1702 1708
f 1703 1702 1709
f 1710 1704 1705
f 1711 1704 1710
f 1712 1704 1711
f 1706 1704 1712
f 1714 1707 1713
f 1708 1707 1714
f 1709 1708 1714
f 1715 1709 1714
f 1717 1710 1716
f 1711 1710 1717
f 1712 1711 1717
f 1718 1712 1717
f 1714 1713 1719
f 1720 1714 1719
f 1715 1714 1720
f 1721 1715 1720
f 1717 1716 1720
f 1720 1716 1721
f 1719 1717 1720
f 1718 1717 1719
f 1724 1722 1723 1726
f 1725 1722 1724 1728
f 1723 1722 1725 1729 1733 1737 1741 1745 1749 1753 1757 1761 1765 1767 1763 1759 1755 1751 1747 1743 1739 1735 1731 1727
f 1726 1723 1727 1730
f 1728 1724 1726 1730 1734 1738 1742 1746 1750 1754 1758 1762 1766 1769 1768 1764 1760 1756 1752 1748 1744 1740 1736 1732
f 1729 1725 1728 1732
f 1730 1727 1731 1734
f 1733 1729 1732 1736
f 1734 1731 1735 1738
f 1737 1733 1736 1740
f 1738 1735 1739 1742
f 1741 1737 1740 1744
f 1742 1739 1743 1746
f 1745 1741 1744 1748
f 1746 1743 1747 1750
f 1749 1745 1748 1752
f 1750 1747 1751 1754
f 1753 1749 1752 1756
f 1754 1751 1755 1758
f 1757 1753 1756 1760
f 1758 1755 1759 1762
f 1761 1757 1760 1764
f 1762 1759 1763 1766
f 1765 1761 1764 1768
f 1766 1763 1767 1769
f 1767 1765 1768 1769
f 1772 1770 1771 1774
f 1773 1770 1772 1776
f 1771 1770 1773 1777 1781 1785 1789 1793 1797 1801 1805 1809 1813 1815 1811 1807 1803 1799 1795 1791 1787 1783 1779 1775
f 1774 1771 1775 1778
f 1776 1772 1774 1778 1782 1786 1790 1794 1798 1802 1806 1810 1814 1817 1816 1812 1808 1804 1800 1796 1792 1788 1784 1780
f 1777 1773 1776 1780
f 1778 1775 1779 1782
f 1781 1777 1780 1784
f 1782 1779 1783 1786
f 1785 1781 1784 1788
f 1786 1783 1787 1790
f 1789 1785 1788 1792
f 1790 1787 1791 1794
f 1793 1789 1792 1796
f 1794 1791 1795 1798
f 1797 1793 1796 1800
f 1798 1795 1799 1802
f 1801 1797 1800 1804
f 1802 1799 1803 1806
f 1805 1801 1804 1808
f 1806 1803 1807 1810
f 1809 1805 1808 1812
f 1810 1807 1811 1814
f 1813 1809 1812 1816
f 1814 1811 1815 1817
f 1815 1813 1816 1817
f 1820 1818 1819 1822
f 1821 1818 1820 1823
f 1819 1818 1821
f 1822 1819 1821 1823
f 1823 1820 1822
f 1826 1824 1825 1828
f 1827 1824 1826 1830
f 1825 1824 1827 1831 1835 1839 1843 1847 1851 1855 1859 1863 1867 1869 1865 1861 1857 1853 1849 1845 1841 1837 1833 1829
f 1828 1825 1829 1832
f 1830 1826 1828 1832 1836 1840 1844 1848 1852 1856 1860 1864 1868 1871 1870 1866 1862 1858 1854 1850 1846 1842 1838 1834
f 1831 1827 1830 1834
f 1832 1829 1833 1836
f 1835 1831 1834 1838
f 1836 1833 1837 1840
f 1839 1835 1838 1842
f 1840 1837 1841 1844
f 1843 1839 1842 1846
f 1844 1841 1845 1848
f 1847 1843 1846 1850
f 1848 1845 1849 1852
f 1851 1847 1850 1854
f 1852 1849 1853 1856
f 1855 1851 1854 1858
f 1856 1853 1857 1860
f 1859 1855 1858 1862
f 1860 1857 1861 1864
f 1863 1859 1862 1866
f 1864 1861 1865 1868
f 1867 1863 1866 1870
f 1868 1865 1869 1871
f 1869 1867 1870 1871
f 1874 1872 1873 1876
f 1875 1872 1874 1878
f 1873 1872 1875 1879 1883 1887 1891 1895 1899 1903 1907 1911 1915 1917 1913 1909 1905 1901 1897 1893 1889 1885 1881 1877
f 1876 1873 1877 1880
f 1878 1874 1876 1880 1884 1888 1892 1896 1900 1904 1908 1912 1916 1919 1918 1914 1910 1906 1902 1898 1894 1890 1886 1882
f 1879 1875 1878 1882
f 1880 1877 1881 1884
f 1883 1879 1882 1886
f 1884 1881 1885 1888
f 1887 1883 1886 1890
f 1888 1885 1889 1892
f 1891 1887 1890 1894
f 1892 1889 1893 1896
f 1895 1891 1894 1898
f 1896 1893 1897 1900
f 1899 1895 1898 1902
f 1900 1897 1901 1904
f 1903 1899 1902 1906
f 1904 1901 1905 1908
f 1907 1903 1906 1910
f 1908 1905 1909 1912
f 1911 1907 1910 1914
f 1912 1909 1913 1916
f 1915 1911 1914 1918
f 1916 1913 1917 1919
f 1917 1915 1918 1919
f 1922 1920 1921
f 1923 1920 1922 1926 1930 1934 1938 1942 1946 1950 1954 1958 1962 1966 1967 1963 1959 1955 1951 1947 1943 1939 1935 1931 1927
f 1924 1920 1923
f 1921 1920 1924
f 1922 1921 1925
f 1925 1921 1924 1928 1932 1936 1940 1944 1948 1952 1956 1960 1964 1968 1965 1961 1957 1953 1949 1945 1941 1937 1933 1929
f 1926 1922 1925
f 1928 1923 1927
f 1924 1923 1928
f 1926 1925 1929
f 1930 1926 1929
f 1932 1927 1931
f 1928 1927 1932
f 1930 1929 1933
f 1934 1930 1933
f 1936 1931 1935
f 1932 1931 1936
f 1934 1933 1937
f 1938 1934 1937
f 1940 1935 1939
f 1936 1935 1940
f 1938 1937 1941
f 1942 1938 1941
f 1944 1939 1943
f 1940 1939 1944
f 1942 1941 1945
f 1946 1942 1945
f 1948 1943 1947
f 1944 1943 1948
f 1946 1945 1949
f 1950 1946 1949
f 1948 1947 1951
f 1952 1948 1951
f 1950 1949 1953
f 1954 1950 1953
f 1952 1951 1955
f 1956 1952 1955
f 1954 1953 1957
f 1958 1954 1957
f 1956 1955 1959
f 1960 1956 1959
f 1958 1957 1961
f 1962 1958 1961
f 1960 1959 1963
f 1964 1960 1963
f 1962 1961 1965
f 1966 1962 1965
f 1964 1963 1967
f 1968 1964 1967
f 1966 1965 1968
f 1967 1966 1968
f 1971 1969 1970 1973
f 1972 1969 1971 1975
f 1970 1969 1972 1976 1980 1984 1988 1992 1996 2000 2004 2008 2012 2014 2010 2006 2002 1998 1994 1990 1986 1982 1978 1974
f 1973 1970 1974 1977
f 1975 1971 1973 1977 1981 1985 1989 1993 1997 2001 2005 2009 2013 2016 2015 2011 2007 2003 1999 1995 1991 1987 1983 1979
f 1976 1972 1975 1979
f 1977 1974 1978 1981
f 1980 1976 1979 1983
f 1981 1978 1982 1985
f 1984 1980 1983 1987
f 1985 1982 1986 1989
f 1988 1984 1987 1991
f 1989 1986 1990 1993
f 1992 1988 1991 1995
f 1993 1990 1994 1997
f 1996 1992 1995 1999
f 1997 1994 1998 2001
f 2000 1996 1999 2003
f 2001 1998 2002 2005
f 2004 2000 2003 2007
f 2005 2002 2006 2009
f 2008 2004 2007 2011
f 2009 2006 2010 2013
f 2012 2008 2011 2015
f 2013 2010 2014 2016
f 2014 2012 2015 2016
f 2019 2017 2018 2021
f 2020 2017 2019 2023
f 2018 2017 2020 2024 2028 2032 2036 2040 2044 2048 2052 2056 2060 2062 2058 2054 2050 2046 2042 2038 2034 2030 2026 2022
f 2021 2018 2022 2025
f 2023 2019 2021 2025 2029 2033 2037 2041 2045 2049 2053 2057 2061 2064 2063 2059 2055 2051 2047 2043 2039 2035 2031 2027
f 2024 2020 2023 2027
f 2025 2022 2026 2029
f 2028 2024 2027 2031
f 2029 2026 2030 2033
f 2032 2028 2031 2035
f 2033 2030 2034 2037
f 2036 2032 2035 2039
f 2037 2034 2038 2041
f 2040 2036 2039 2043
f 2041 2038 2042 2045
f 2044 2040 2043 2047
f 2045 2042 2046 2049
f 2048 2044 2047 2051
f 2049 2046 2050 2053
f 2052 2048 2051 2055
f 2053 2050 2054 2057
f 2056 2052 2055 2059
f 2057 2054 2058 2061
f 2060 2056 2059 2063
f 2061 2058 2062 2064
f 2062 2060 2063 2064
f 2067 2065 2066
f 2068 2065 2067
f 2069 2065 2068
f 2070 2065 2069
f 2066 2065 2070 2079 2085 2091 2097 2103 2109 2114 2121 2127 2133 2134 2128 2122 2116 2110 2104 2098 2092 2086 2080 2071
f 2067 2066 2071
f 2068 2067 2072
f 2073 2067 2071
f 2074 2067 2073
f 2072 2067 2074
f 2075 2068 2072
f 2076 2068 2075
f 2069 2068 2076
f 2077 2069 2076
f 2078 2069 2077
f 2079 2069 2078
f 2070 2069 2079
f 2081 2071 2080
f 2073 2071 2081
f 2075 2072 2074 2082 2088 2094 2100 2106 2112 2118 2124 2130 2136 2131 2125 2120 2113 2107 2101 2095 2089 2083 2077 2076
f 2074 2073 2081
f 2082 2074 2081
f 2084 2077 2083
f 2078 2077 2084
f 2079 2078 2084
f 2085 2079 2084
f 2081 2080 2086
f 2087 2081 2086
f 2088 2081 2087
f 2082 2081 2088
f 2084 2083 2089
f 2090 2084 2089
f 2091 2084 2090
f 2085 2084 2091
f 2093 2086 2092
f 2087 2086 2093
f 2088 2087 2093
f 2094 2088 2093
f 2096 2089 2095
f 2090 2089 2096
f 2091 2090 2096
f 2097 2091 2096
f 2093 2092 2098
f 2099 2093 2098
f 2094 2093 2099
f 2100 2094 2099
f 2102 2095 2101
f 2096 2095 2102
f 2103 2096 2102
f 2097 2096 2103
f 2105 2098 2104
f 2099 2098 2105
f 2106 2099 2105
f 2100 2099 2106
f 2102 2101 2107
f 2108 2102 2107
f 2103 2102 2108
f 2109 2103 2108
f 2105 2104 2110
f 2111 2105 2110
f 2112 2105 2111
f 2106 2105 2112
f 2108 2107 2113
f 2109 2108 2114
f 2115 2108 2113
f 2114 2108 2115
f 2117 2110 2116
f 2111 2110 2117
f 2112 2111 2117
f 2118 2112 2117
f 2115 2113 2119
f 2119 2113 2120
f 2119 2114 2115
f 2121 2114 2119
f 2117 2116 2122
f 2123 2117 2122
f 2124 2117 2123
f 2118 2117 2124
f 2125 2119 2120
f 2126 2119 2125
f 2127 2119 2126
f 2121 2119 2127
f 2129 2122 2128
f 2123 2122 2129
f 2124 2123 2129
f 2130 2124 2129
f 2132 2125 2131
f 2126 2125 2132
f 2127 2126 2132
f 2133 2127 2132
f 2129 2128 2134
f 2135 2129 2134
f 2130 2129 2135
f 2136 2130 2135
f 2135 2131 2136
f 2132 2131 2135
f 2134 2132 2135
f 2133 2132 2134
f 2139 2137 2138
f 2140 2137 2139 2144
f 2141 2137 2140 2147
f 2138 2137 2141 2143
f 2139 2138 2142
f 2142 2138 2143 2149 2155 2161 2167 2173 2179 2185 2191 2197 2203 2209 2211 2205 2200 2194 2187 2181 2175 2169 2163 2157 2151 2145
f 2145 2139 2142
f 2146 2139 2145
f 2144 2139 2146 2150
f 2147 2140 2144 2150 2156 2162 2168 2174 2180 2186 2192 2198 2204 2210 2214 2213 2207 2201 2195 2189 2183 2177 2171 2165 2159 2153
f 2148 2141 2147 2153
f 2143 2141 2148
f 2149 2143 2148
f 2146 2145 2151
f 2152 2146 2151
f 2150 2146 2152 2156
f 2154 2148 2153 2159
f 2155 2148 2154
f 2149 2148 2155
f 2152 2151 2157
f 2156 2152 2158 2162
f 2158 2152 2157
f 2160 2154 2159 2165
f 2161 2154 2160
f 2155 2154 2161
f 2164 2157 2163
f 2158 2157 2164
f 2162 2158 2164 2168
f 2166 2160 2165 2171
f 2167 2160 2166
f 2161 2160 2167
f 2164 2163 2169
f 2168 2164 2170 2174
f 2170 2164 2169
f 2172 2166 2171 2177
f 2167 2166 2172
f 2173 2167 2172
f 2176 2169 2175
f 2170 2169 2176
f 2174 2170 2176 2180
f 2178 2172 2177 2183
f 2179 2172 2178
f 2173 2172 2179
f 2176 2175 2181
f 2182 2176 2181
f 2180 2176 2182 2186
f 2184 2178 2183 2189
f 2179 2178 2184
f 2185 2179 2184
f 2188 2181 2187
f 2182 2181 2188
f 2186 2182 2188 2192
f 2190 2184 2189 2195
f 2191 2184 2190
f 2185 2184 2191
f 2188 2187 2193
f 2193 2187 2194
f 2192 2188 2193 2198
f 2196 2190 2195 2201
f 2191 2190 2196
f 2197 2191 2196
f 2199 2193 2194
f 2198 2193 2199 2204
f 2199 2194 2200
f 2197 2196 2202
f 2202 2196 2201 2207
f 2203 2197 2202
f 2205 2199 2200
f 2206 2199 2205
f 2204 2199 2206 2210
f 2208 2202 2207 2213
f 2203 2202 2208
f 2209 2203 2208
f 2206 2205 2211 2212
f 2210 2206 2212 2214
f 2211 2208 2212
f 2209 2208 2211
f 2212 2208 2213 2214
f 2217 2215 2216
f 2218 2215 2217 2221 2225 2229 2233 2237 2241 2245 2249 2253 2257 2261 2262 2258 2254 2250 2246 2242 2238 2234 2230 2226 2222
f 2219 2215 2218
f 2216 2215 2219
f 2217 2216 2220
f 2220 2216 2219 2223 2227 2231 2235 2239 2243 2247 2251 2255 2259 2263 2260 2256 2252 2248 2244 2240 2236 2232 2228 2224
f 2221 2217 2220
f 2223 2218 2222
f 2219 2218 2223
f 2221 2220 2224
f 2225 2221 2224
f 2227 2222 2226
f 2223 2222 2227
f 2225 2224 2228
f 2229 2225 2228
f 2231 2226 2230
f 2227 2226 2231
f 2229 2228 2232
f 2233 2229 2232
f 2235 2230 2234
f 2231 2230 2235
f 2233 2232 2236
f 2237 2233 2236
f 2239 2234 2238
f 2235 2234 2239
f 2237 2236 2240
f 2241 2237 2240
f 2243 2238 2242
f 2239 2238 2243
f 2241 2240 2244
f 2245 2241 2244
f 2243 2242 2246
f 2247 2243 2246
f 2245 2244 2248
f 2249 2245 2248
f 2247 2246 2250
f 2251 2247 2250
f 2249 2248 2252
f 2253 2249 2252
f 2251 2250 2254
f 2255 2251 2254
f 2253 2252 2256
f 2257 2253 2256
f 2255 2254 2258
f 2259 2255 2258
f 2257 2256 2260
f 2261 2257 2260
f 2259 2258 2262
f 2263 2259 2262
f 2261 2260 2263
f 2262 2261 2263
f 2266 2264 2265 2268
f 2267 2264 2266 2270
f 2265 2264 2267 2271 2275 2279 2283 2287 2291 2295 2299 2303 2307 2309 2305 2301 2297 2293 2289 2285 2281 2277 2273 2269
f 2268 2265 2269 2272
f 2270 2266 2268 2272 2276 2280 2284 2288 2292 2296 2300 2304 2308 2311 2310 2306 2302 2298 2294 2290 2286 2282 2278 2274
f 2271 2267 2270 2274
f 2272 2269 2273 2276
f 2275 2271 2274 2278
f 2276 2273 2277 2280
f 2279 2275 2278 2282
f 2280 2277 2281 2284
f 2283 2279 2282 2286
f 2284 2281 2285 2288
f 2287 2283 2286 2290
f 2288 2285 2289 2292
f 2291 2287 2290 2294
f 2292 2289 2293 2296
f 2295 2291 2294 2298
f 2296 2293 2297 2300
f 2299 2295 2298 2302
f 2300 2297 2301 2304
f 2303 2299 2302 2306
f 2304 2301 2305 2308
f 2307 2303 2306 2310
f 2308 2305 2309 2311
f 2309 2307 2310 2311
f 2314 2312 2313 2316
f 2315 2312 2314 2318
f 2313 2312 2315 2319 2323 2327 2331 2335 2339 2343 2347 2351 2355 2357 2353 2349 2345 2341 2337 2333 2329 2325 2321 2317
f 2316 2313 2317 2320
f 2318 2314 2316 2320 2324 2328 2332 2336 2340 2344 2348 2352 2356 2359 2358 2354 2350 2346 2342 2338 2334 2330 2326 2322
f 2319 2315 2318 2322
f 2320 2317 2321 2324
f 2323 2319 2322 2326
f 2324 2321 2325 2328
f 2327 2323 2326 2330
f 2328 2325 2329 2332
f 2331 2327 2330 2334
f 2332 2329 2333 2336
f 2335 2331 2334 2338
f 2336 2333 2337 2340
f 2339 2335 2338 2342
f 2340 2337 2341 2344
f 2343 2339 2342 2346
f 2344 2341 2345 2348
f 2347 2343 2346 2350
f 2348 2345 2349 2352
f 2351 2347 2350 2354
f 2352 2349 2353 2356
f 2355 2351 2354 2358
f 2356 2353 2357 2359
f 2357 2355 2358 2359
f 2362 2360 2361 2364
f 2363 2360 2362 2365
f 2361 2360 2363
f 2364 2361 2363 2365
f 2365 2362 2364
f 2368 2366 2367 2370
f 2369 2366 2368 2372
f 2367 2366 2369 2373 2377 2381 2385 2389 2393 2397 2401 2405 2409 2411 2407 2403 2399 2395 2391 2387 2383 2379 2375 2371
f 2370 2367 2371 2374
f 2372 2368 2370 2374 2378 2382 2386 2390 2394 2398 2402 2406 2410 2413 2412 2408 2404 2400 2396 2392 2388 2384 2380 2376
f 2373 2369 2372 2376
f 2374 2371 2375 2378
f 2377 2373 2376 2380
f 2378 2375 2379 2382
f 2381 2377 2380 2384
f 2382 2379 2383 2386
f 2385 2381 2384 2388
f 2386 2383 2387 2390
f 2389 2385 2388 2392
f 2390 2387 2391 2394
f 2393 2389 2392 2396
f 2394 2391 2395 2398
f 2397 2393 2396 2400
f 2398 2395 2399 2402
f 2401 2397 2400 2404
f 2402 2399 2403 2406
f 2405 2401 2404 2408
f 2406 2403 2407 2410
f 2409 2405 2408 2412
f 2410 2407 2411 2413
f 2411 2409 2412 2413
f 2416 2414 2415 2418
f 2417 2414 2416 2420
f 2415 2414 2417 2421 2425 2429 2433 2437 2441 2445 2449 2453 2457 2459 2455 2451 2447 2443 2439 2435 2431 2427 2423 2419
f 2418 2415 2419 2422
f 2420 2416 2418 2422 2426 2430 2434 2438 2442 2446 2450 2454 2458 2461 2460 2456 2452 2448 2444 2440 2436 2432 2428 2424
f 2421 2417 2420 2424
f 2422 2419 2423 2426
f 2425 2421 2424 2428
f 2426 2423 2427 2430
f 2429 2425 2428 2432
f 2430 2427 2431 2434
f 2433 2429 2432 2436
f 2434 2431 2435 2438
f 2437 2433 2436 2440
f 2438 2435 2439 2442
f 2441 2437 2440 2444
f 2442 2439 2443 2446
f 2445 2441 2444 2448
f 2446 2443 2447 2450
f 2449 2445 2448 2452
f 2450 2447 2451 2454
f 2453 2449 2452 2456
f 2454 2451 2455 2458
f 2457 2453 2456 2460
f 2458 2455 2459 2461
f 2459 2457 2460 2461
f 2464 2462 2463
f 2465 2462 2464
f 2466 2462 2465
f 2467 2462 2466
f 2463 2462 2467 2476 2482 2488 2494 2500 2506 2511 2518 2524 2530 2531 2525 2519 2513 2507 2501 2495 2489 2483 2477 2468
f 2464 2463 2468
f 2465 2464 2469
f 2470 2464 2468
f 2471 2464 2470
f 2469 2464 2471
f 2472 2465 2469
f 2473 2465 2472
f 2466 2465 2473
f 2474 2466 2473
f 2475 2466 2474
f 2476 2466 2475
f 2467 2466 2476
f 2478 2468 2477
f 2470 2468 2478
f 2472 2469 2471 2479 2485 2491 2497 2503 2509 2515 2521 2527 2533 2528 2522 2517 2510 2504 2498 2492 2486 2480 2474 2473
f 2471 2470 2478
f 2479 2471 2478
f 2481 2474 2480
f 2475 2474 2481
f 2476 2475 2481
f 2482 2476 2481
f 2478 2477 2483
f 2484 2478 2483
f 2485 2478 2484
f 2479 2478 2485
f 2481 2480 2486
f 2487 2481 2486
f 2488 2481 2487
f 2482 2481 2488
f 2490 2483 2489
f 2484 2483 2490
f 2485 2484 2490
f 2491 2485 2490
f 2493 2486 2492
f 2487 2486 2493
f 2488 2487 2493
f 2494 2488 2493
f 2490 2489 2495
f 2496 2490 2495
f 2491 2490 2496
f 2497 2491 2496
f 2499 2492 2498
f 2493 2492 2499
f 2500 2493 2499
f 2494 2493 2500
f 2502 2495 2501
f 2496 2495 2502
f 2503 2496 2502
f 2497 2496 2503
f 2499 2498 2504
f 2505 2499 2504
f 2500 2499 2505
f 2506 2500 2505
f 2502 2501 2507
f 2508 2502 2507
f 2509 2502 2508
f 2503 2502 2509
f 2505 2504 2510
f 2506 2505 2511
f 2512 2505 2510
f 2511 2505 2512
f 2514 2507 2513
f 2508 2507 2514
f 2509 2508 2514
f 2515 2509 2514
f 2512 2510 2516
f 2516 2510 2517
f 2516 2511 2512
f 2518 2511 2516
f 2514 2513 2519
f 2520 2514 2519
f 2521 2514 2520
f 2515 2514 2521
f 2522 2516 2517
f 2523 2516 2522
f 2524 2516 2523
f 2518 2516 2524
f 2526 2519 2525
f 2520 2519 2526
f 2521 2520 2526
f 2527 2521 2526
f 2529 2522 2528
f 2523 2522 2529
f 2524 2523 2529
f 2530 2524 2529
f 2526 2525 2531
f 2532 2526 2531
f 2527 2526 2532
f 2533 2527 2532
f 2529 2528 2532
f 2532 2528 2533
f 2531 2529 2532
f 2530 2529 2531
f 2536 2534 2535
f 2537 2534 2536 2543
f 2538 2534 2537 2544
f 2535 2534 2538 2540
f 2536 2535 2539
f 2539 2535 2540 2546 2552 2557 2563 2570 2576 2582 2588 2594 2600 2606 2608 2602 2597 2590 2583 2577 2571 2565 2559 2553 2547 2541
f 2542 2536 2541
f 2543 2536 2542 2548
f 2541 2536 2539
f 2544 2537 2543 2548 2554 2561 2567 2573 2579 2585 2591 2596 2601 2607 2611 2610 2604 2598 2592 2586 2580 2574 2568 2562 2556 2550
f 2545 2538 2544 2550
f 2540 2538 2545
f 2546 2540 2545
f 2542 2541 2547
f 2549 2542 2547
f 2548 2542 2549 2554
f 2551 2545 2550 2556
f 2552 2545 2551
f 2546 2545 2552
f 2549 2547 2553
f 2555 2549 2553
f 2554 2549 2555 2561
f 2552 2551 2557
f 2558 2551 2556 2562
f 2557 2551 2558
f 2560 2553 2559
f 2555 2553 2560
f 2561 2555 2560 2567
f 2563 2557 2558
f 2564 2558 2562 2568
f 2563 2558 2564
f 2560 2559 2565
f 2567 2560 2566 2573
f 2566 2560 2565
f 2569 2563 2564
f 2570 2563 2569
f 2569 2564 2568 2574
f 2572 2565 2571
f 2566 2565 2572
f 2573 2566 2572 2579
f 2575 2569 2574 2580
f 2576 2569 2575
f 2570 2569 2576
f 2572 2571 2577
f 2578 2572 2577
f 2579 2572 2578 2585
f 2581 2575 2580 2586
f 2576 2575 2581
f 2582 2576 2581
f 2584 2577 2583
f 2578 2577 2584
f 2585 2578 2584 2591
f 2587 2581 2586 2592
f 2588 2581 2587
f 2582 2581 2588
f 2584 2583 2589
f 2589 2583 2590
f 2591 2584 2589 2596
f 2593 2587 2592 2598
f 2588 2587 2593
f 2594 2588 2593
f 2595 2589 2590
f 2596 2589 2595 2601
f 2595 2590 2597
f 2594 2593 2599
f 2599 2593 2598 2604
f 2600 2594 2599
f 2602 2595 2597
f 2603 2595 2602
f 2601 2595 2603 2607
f 2605 2599 2604 2610
f 2600 2599 2605
f 2606 2600 2605
f 2603 2602 2608 2609
f 2607 2603 2609 2611
f 2608 2605 2609
f 2606 2605 2608
f 2609 2605 2610 2611
f 2614 2612 2613
f 2615 2612 2614
f 2616 2612 2615 2623
f 2613 2612 2616 2620 2617
f 2614 2613 2617
f 2619 2614 2618
f 2615 2614 2619
f 2620 2614 2617
f 2616 2614 2620
f 2621 2614 2616
f 2618 2614 2621 2624
f 2622 2615 2619
f 2623 2615 2622
f 2621 2616 2623 2624
f 2619 2618 2624 2622
f 2623 2622 2624
f 2627 2625 2626 2630
f 2628 2625 2627
f 2629 2625 2628 2633
f 2626 2625 2629 2631
f 2630 2626 2631
f 2632 2627 2630 2635
f 2628 2627 2632
f 2633 2628 2632
f 2631 2629 2633
f 2634 2630 2631
f 2635 2630 2634 2637 2636
f 2632 2631 2633
f 2635 2631 2632
f 2636 2631 2635
f 2637 2631 2636
f 2634 2631 2637
f 2640 2638 2639
f 2641 2638 2640
f 2642 2638 2641 2649 2648
f 2639 2638 2642 2643
f 2644 2639 2643
f 2645 2639 2644
f 2640 2639 2645
f 2646 2640 2645
f 2647 2640 2646 2650
f 2642 2640 2647
f 2648 2640 2642
f 2649 2640 2648
f 2641 2640 2649
f 2643 2642 2647 2650
f 2644 2643 2650
f 2645 2644 2650 2646
f 2653 2651 2652
f 2654 2651 2653 2662
f 2652 2651 2654 2655
f 2656 2652 2655
f 2657 2652 2656
f 2658 2652 2657
f 2659 2652 2658
f 2660 2652 2659
f 2661 2652 2660
f 2653 2652 2661
f 2662 2653 2661
f 2655 2654 2663 2656
f 2663 2654 2662
f 2657 2656 2660 2659 2658
f 2660 2656 2663 2661
f 2662 2661 2663
f 2666 2664 2665
f 2667 2664 2666
f 2668 2664 2667 2675
f 2665 2664 2668 2672 2669
f 2666 2665 2669
f 2671 2666 2670
f 2667 2666 2671
f 2672 2666 2669
f 2668 2666 2672
f 2673 2666 2668
f 2670 2666 2673 2676
f 2674 2667 2671
f 2675 2667 2674
f 2673 2668 2675 2676
f 2671 2670 2676 2674
f 2675 2674 2676
f 2679 2677 2678 2682
f 2680 2677 2679
f 2681 2677 2680 2685
f 2678 2677 2681 2683
f 2682 2678 2683
f 2684 2679 2682 2687
f 2680 2679 2684
f 2685 2680 2684
f 2683 2681 2685
f 2686 2682 2683
f 2687 2682 2686 2689 2688
f 2684 2683 2685
f 2687 2683 2684
f 2688 2683 2687
f 2689 2683 2688
f 2686 2683 2689
f 2692 2690 2691 2695
f 2693 2690 2692
f 2694 2690 2693 2698
f 2691 2690 2694 2696
f 2695 2691 2696
f 2697 2692 2695 2700
f 2693 2692 2697
f 2698 2693 2697
f 2696 2694 2698
f 2699 2695 2696
f 2700 2695 2699 2702 2701
f 2697 2696 2698
f 2700 2696 2697
f 2701 2696 2700
f 2702 2696 2701
f 2699 2696 2702
f 2705 2703 2704
f 2706 2703 2705
f 2707 2703 2706 2714
f 2704 2703 2707 2711 2708
f 2705 2704 2708
f 2710 2705 2709
f 2706 2705 2710
f 2711 2705 2708
f 2707 2705 2711
f 2712 2705 2707
f 2709 2705 2712 2715
f 2713 2706 2710
f 2714 2706 2713
f 2712 2707 2714 2715
f 2710 2709 2715 2713
f 2714 2713 2715
f 2718 2716 2717
f 2719 2716 2718
f 2720 2716 2719 2727 2726
f 2717 2716 2720 2721
f 2722 2717 2721
f 2723 2717 2722
f 2718 2717 2723
f 2724 2718 2723
f 2725 2718 2724 2728
f 2720 2718 2725
f 2726 2718 2720
f 2727 2718 2726
f 2719 2718 2727
f 2721 2720 2725 2728
f 2722 2721 2728
f 2723 2722 2728 2724
f 2731 2729 2730
f 2732 2729 2731 2740
f 2730 2729 2732 2733
f 2734 2730 2733
f 2735 2730 2734
f 2736 2730 2735
f 2737 2730 2736
f 2738 2730 2737
f 2739 2730 2738
f 2731 2730 2739
f 2740 2731 2739
f 2733 2732 2741 2734
f 2741 2732 2740
f 2735 2734 2738 2737 2736
f 2738 2734 2741 2739
f 2740 2739 2741
f 2744 2742 2743 2759
f 2745 2742 2744
f 2746 2742 2745
f 2747 2742 2746
f 2748 2742 2747
f 2749 2742 2748
f 2750 2742 2749
f 2751 2742 2750
f 2752 2742 2751
f 2743 2742 2752
f 2753 2743 2752
f 2754 2743 2753
f 2755 2743 2754
f 2756 2743 2755
f 2757 2743 2756
f 2758 2743 2757
f 2759 2743 2758
f 2761 2744 2760
f 2762 2744 2761
f 2745 2744 2762
f 2763 2744 2759
f 2764 2744 2763
f 2765 2744 2764
f 2760 2744 2765
f 2767 2745 2766
f 2746 2745 2767
f 2766 2745 2762
f 2747 2746 2767
f 2748 2747 2767
f 2769 2748 2768
f 2749 2748 2769
f 2770 2748 2767
f 2768 2748 2770
f 2771 2749 2769
f 2750 2749 2771
f 2751 2750 2771
f 2752 2751 2771
f 2772 2752 2771
f 2753 2752 2772
f 2754 2753 2772
f 2773 2754 2772
f 2774 2754 2773
f 2775 2754 2774
f 2755 2754 2775
f 2776 2755 2775
f 2756 2755 2776
f 2757 2756 2776
f 2777 2757 2776
f 2758 2757 2777
f 2759 2758 2778
f 2779 2758 2777
f 2780 2758 2779
f 2778 2758 2780
f 2781 2759 2778
f 2780 2759 2781
f 2763 2759 2780
f 2764 2760 2765
f 2766 2760 2764
f 2761 2760 2766
f 2762 2761 2766
f 2782 2763 2780 2792
f 2783 2763 2782
f 2764 2763 2783
f 2766 2764 2783 2784
f 2767 2766 2784
f 2785 2767 2784
f 2770 2767 2785 2786
f 2786 2768 2770
f 2769 2768 2786
f 2787 2769 2786 2785 2797 2800
f 2773 2769 2787 2788
f 2772 2769 2773
f 2771 2769 2772
f 2774 2773 2775
f 2789 2773 2788 2807
f 2775 2773 2789
f 2776 2775 2789
f 2790 2776 2789
f 2791 2776 2790
f 2779 2776 2791
f 2777 2776 2779
f 2781 2778 2780
f 2780 2779 2791
f 2790 2780 2791
f 2792 2780 2790
f 2793 2782 2792 2790 2808 2809
f 2783 2782 2793 2794
f 2795 2783 2794
f 2784 2783 2795
f 2796 2784 2795
f 2785 2784 2796 2797
f 2799 2787 2798
f 2788 2787 2799
f 2801 2787 2800
f 2802 2787 2801
f 2803 2787 2802
f 2798 2787 2803
f 2804 2788 2799
f 2805 2788 2804
f 2806 2788 2805
f 2807 2788 2806
f 2790 2789 2807 2808
f 2810 2793 2809 2830
f 2794 2793 2810
f 2811 2794 2810
f 2796 2794 2811 2812
f 2795 2794 2796
f 2813 2796 2812
f 2797 2796 2813
f 2800 2797 2813 2821
f 2814 2798 2803
f 2815 2798 2814
f 2816 2798 2815
f 2799 2798 2816
f 2817 2799 2816
f 2818 2799 2817
f 2819 2799 2818
f 2820 2799 2819
f 2804 2799 2820
f 2822 2800 2821
f 2801 2800 2822
f 2802 2801 2822
f 2803 2802 2822
f 2823 2803 2822
f 2824 2803 2823
f 2814 2803 2824
f 2826 2804 2825
f 2827 2804 2826
f 2805 2804 2827
f 2825 2804 2820
f 2806 2805 2827
f 2807 2806 2827
f 2808 2807 2828
f 2828 2807 2827
f 2830 2808 2829
f 2809 2808 2830
f 2829 2808 2828
f 2811 2810 2831
f 2831 2810 2830
f 2832 2811 2831
f 2812 2811 2832
f 2833 2812 2832
f 2813 2812 2833
f 2834 2813 2833
f 2823 2813 2834
f 2821 2813 2823
f 2835 2814 2824
f 2815 2814 2835
f 2816 2815 2835
f 2817 2816 2835
f 2836 2817 2835
f 2837 2817 2836
f 2818 2817 2837
f 2819 2818 2837
f 2820 2819 2837
f 2825 2820 2837
f 2822 2821 2823
f 2833 2823 2834
f 2832 2823 2833
f 2826 2823 2832 2831
f 2824 2823 2826
f 2825 2824 2826
f 2837 2824 2825
f 2835 2824 2837
f 2827 2826 2838
f 2838 2826 2831
f 2839 2827 2838
f 2828 2827 2839
f 2841 2828 2840
f 2829 2828 2841
f 2842 2828 2839
f 2840 2828 2842
f 2830 2829 2841
f 2843 2830 2841
f 2831 2830 2843
f 2838 2831 2843
f 2836 2835 2837
f 2839 2838 2844
f 2844 2838 2843
f 2842 2839 2844
f 2844 2840 2842
f 2841 2840 2844
f 2843 2841 2844
f 2847 2845 2846
f 2848 2845 2847
f 2849 2845 2848 2856 2855
f 2846 2845 2849 2850
f 2851 2846 2850
f 2852 2846 2851
f 2847 2846 2852
f 2853 2847 2852
f 2854 2847 2853 2857
f 2849 2847 2854
f 2855 2847 2849
f 2856 2847 2855
f 2848 2847 2856
f 2850 2849 2854 2857
f 2851 2850 2857
f 2852 2851 2857 2853
f 2860 2858 2859
f 2861 2858 2860 2869
f 2859 2858 2861 2862
f 2863 2859 2862
f 2864 2859 2863
f 2865 2859 2864
f 2866 2859 2865
f 2867 2859 2866
f 2868 2859 2867
f 2860 2859 2868
f 2869 2860 2868
f 2862 2861 2870 2863
f 2870 2861 2869
f 2864 2863 2867 2866 2865
f 2867 2863 2870 2868
f 2869 2868 2870
f 2873 2871 2872 2888
f 2874 2871 2873
f 2875 2871 2874
f 2876 2871 2875
f 2877 2871 2876
f 2878 2871 2877
f 2879 2871 2878
f 2880 2871 2879
f 2881 2871 2880
f 2872 2871 2881
f 2882 2872 2881
f 2883 2872 2882
f 2884 2872 2883
f 2885 2872 2884
f 2886 2872 2885
f 2887 2872 2886
f 2888 2872 2887
f 2890 2873 2889
f 2891 2873 2890
f 2874 2873 2891
f 2892 2873 2888
f 2893 2873 2892
f 2894 2873 2893
f 2889 2873 2894
f 2896 2874 2895
f 2875 2874 2896
f 2895 2874 2891
f 2876 2875 2896
f 2877 2876 2896
f 2898 2877 2897
f 2878 2877 2898
f 2899 2877 2896
f 2897 2877 2899
f 2900 2878 2898
f 2879 2878 2900
f 2880 2879 2900
f 2881 2880 2900
f 2901 2881 2900
f 2882 2881 2901
f 2883 2882 2901
f 2903 2883 2902
f 2884 2883 2903
f 2904 2883 2901
f 2902 2883 2904
f 2905 2884 2903
f 2885 2884 2905
f 2886 2885 2905
f 2906 2886 2905
f 2887 2886 2906
f 2888 2887 2907
f 2908 2887 2906
f 2909 2887 2908
f 2907 2887 2909
f 2910 2888 2907
f 2909 2888 2910
f 2892 2888 2909
f 2890 2889 2895
f 2893 2889 2894
f 2895 2889 2893
f 2891 2890 2895
f 2911 2892 2909 2922
f 2893 2892 2911
f 2912 2893 2911
f 2913 2893 2912
f 2895 2893 2913
f 2914 2895 2913
f 2915 2895 2914
f 2896 2895 2915
f 2899 2896 2915 2916
f 2916 2897 2899
f 2898 2897 2916
f 2917 2898 2916 2915 2926 2929
f 2904 2898 2917 2919
f 2901 2898 2904
f 2900 2898 2901
f 2903 2902 2904
f 2918 2903 2904
f 2905 2903 2918
f 2918 2904 2919 2933
f 2920 2905 2918
f 2921 2905 2920
f 2908 2905 2921
f 2906 2905 2908
f 2910 2907 2909
f 2909 2908 2921
f 2920 2909 2921
f 2922 2909 2920
f 2923 2911 2922 2920 2937 2938
f 2924 2911 2923
f 2912 2911 2924
f 2913 2912 2924
f 2914 2913 2925
f 2925 2913 2924
f 2915 2914 2925 2926
f 2928 2917 2927
f 2919 2917 2928
f 2930 2917 2929
f 2931 2917 2930
f 2932 2917 2931
f 2927 2917 2932
f 2920 2918 2933 2937
f 2934 2919 2928
f 2935 2919 2934
f 2936 2919 2935
f 2933 2919 2936
f 2939 2923 2938 2960
f 2940 2923 2939
f 2941 2923 2940
f 2924 2923 2941
f 2925 2924 2941
f 2926 2925 2942
f 2942 2925 2941 2940
f 2929 2926 2943 2951
f 2943 2926 2942
f 2944 2927 2932
f 2945 2927 2944
f 2946 2927 2945
f 2928 2927 2946
f 2947 2928 2946
f 2948 2928 2947
f 2949 2928 2948
f 2950 2928 2949
f 2934 2928 2950
f 2952 2929 2951
f 2930 2929 2952
f 2931 2930 2952
f 2932 2931 2952
f 2953 2932 2952
f 2954 2932 2953
f 2944 2932 2954
f 2937 2933 2955
f 2956 2933 2936
f 2955 2933 2956
f 2958 2934 2957
f 2956 2934 2958
f 2935 2934 2956
f 2957 2934 2950
f 2936 2935 2956
f 2960 2937 2959
f 2938 2937 2960
f 2959 2937 2955
f 2940 2939 2961
f 2961 2939 2960
f 2962 2940 2961
f 2942 2940 2962
f 2963 2942 2962
f 2943 2942 2963
f 2964 2943 2963
f 2953 2943 2964
f 2951 2943 2953
f 2965 2944 2954
f 2945 2944 2965
f 2946 2945 2965
f 2966 2946 2965
f 2947 2946 2966
f 2967 2947 2966
f 2948 2947 2967
f 2949 2948 2967
f 2950 2949 2967
f 2957 2950 2967
f 2952 2951 2953
f 2962 2953 2964
f 2958 2953 2962 2961
f 2954 2953 2958
f 2957 2954 2958
f 2967 2954 2957
f 2965 2954 2967
f 2969 2955 2968
f 2959 2955 2969
f 2970 2955 2956
f 2971 2955 2970
f 2968 2955 2971
f 2972 2956 2958
f 2970 2956 2972
f 2973 2958 2961
f 2972 2958 2973
f 2960 2959 2969
f 2973 2960 2969
f 2961 2960 2973
f 2963 2962 2964
f 2966 2965 2967
f 2974 2968 2971
f 2969 2968 2974
f 2973 2969 2974
f 2974 2970 2972
f 2971 2970 2974
f 2974 2972 2973
f 2977 2975 2976 2992
f 2978 2975 2977
f 2979 2975 2978
f 2980 2975 2979
f 2981 2975 2980
f 2982 2975 2981
f 2983 2975 2982
f 2984 2975 2983
f 2985 2975 2984
f 2976 2975 2985
f 2986 2976 2985
f 2987 2976 2986
f 2988 2976 2987
f 2989 2976 2988
f 2990 2976 2989
f 2991 2976 2990
f 2992 2976 2991
f 2994 2977 2993
f 2995 2977 2994
f 2978 2977 2995
f 2996 2977 2992
f 2997 2977 2996
f 2998 2977 2997
f 2993 2977 2998
f 3000 2978 2999
f 2979 2978 3000
f 2999 2978 2995
f 2980 2979 3000
f 2981 2980 3000
f 3002 2981 3001
f 2982 2981 3002
f 3003 2981 3000
f 3001 2981 3003
f 3004 2982 3002
f 2983 2982 3004
f 2984 2983 3004
f 2985 2984 3004
f 3005 2985 3004
f 2986 2985 3005
f 2987 2986 3005
f 3007 2987 3006
f 2988 2987 3007
f 3008 2987 3005
f 3006 2987 3008
f 3009 2988 3007
f 2989 2988 3009
f 2990 2989 3009
f 3010 2990 3009
f 2991 2990 3010
f 2992 2991 3011
f 3012 2991 3010
f 3013 2991 3012
f 3011 2991 3013
f 3014 2992 3011
f 3013 2992 3014
f 2996 2992 3013
f 2997 2993 2998
f 2999 2993 2997
f 2994 2993 2999
f 2995 2994 2999
f 3015 2996 3013 3026
f 3016 2996 3015
f 2997 2996 3016
f 2999 2997 3016 3017
f 3018 2999 3017
f 3019 2999 3018
f 3000 2999 3019
f 3003 3000 3019 3020
f 3020 3001 3003
f 3002 3001 3020
f 3021 3002 3020 3019 3032 3035
f 3008 3002 3021 3023
f 3005 3002 3008
f 3004 3002 3005
f 3007 3006 3008
f 3022 3007 3008
f 3009 3007 3022
f 3022 3008 3023 3039
f 3024 3009 3022
f 3025 3009 3024
f 3012 3009 3025
f 3010 3009 3012
f 3014 3011 3013
f 3013 3012 3025
f 3024 3013 3025
f 3026 3013 3024
f 3027 3015 3026 3024 3043 3044
f 3016 3015 3027 3028
f 3017 3016 3028 3047 3031 3029
f 3018 3017 3029
f 3019 3018 3030 3032
f 3031 3018 3029
f 3030 3018 3031
f 3034 3021 3033
f 3023 3021 3034
f 3036 3021 3035
f 3037 3021 3036
f 3038 3021 3037
f 3033 3021 3038
f 3024 3022 3039 3043
f 3040 3023 3034
f 3041 3023 3040
f 3042 3023 3041
f 3039 3023 3042
f 3045 3027 3044 3067
f 3028 3027 3045
f 3046 3028 3045
f 3047 3028 3046 3048
f 3032 3030 3048
f 3047 3030 3031
f 3048 3030 3047
f 3035 3032 3049 3058
f 3049 3032 3048
f 3050 3033 3038
f 3051 3033 3050
f 3052 3033 3051
f 3053 3033 3052
f 3034 3033 3053
f 3054 3034 3053
f 3055 3034 3054
f 3056 3034 3055
f 3057 3034 3056
f 3040 3034 3057
f 3059 3035 3058
f 3036 3035 3059
f 3037 3036 3059
f 3038 3037 3059
f 3060 3038 3059
f 3061 3038 3060
f 3050 3038 3061
f 3043 3039 3062
f 3063 3039 3042
f 3062 3039 3063
f 3065 3040 3064
f 3063 3040 3065
f 3041 3040 3063
f 3064 3040 3057
f 3042 3041 3063
f 3067 3043 3066
f 3044 3043 3067
f 3066 3043 3062
f 3046 3045 3068
f 3068 3045 3067
f 3069 3046 3068
f 3048 3046 3069
f 3070 3048 3069
f 3049 3048 3070
f 3071 3049 3070
f 3060 3049 3071
f 3058 3049 3060
f 3072 3050 3061
f 3051 3050 3072
f 3052 3051 3072
f 3053 3052 3072
f 3073 3053 3072
f 3054 3053 3073
f 3074 3054 3073
f 3055 3054 3074
f 3056 3055 3074
f 3057 3056 3074
f 3064 3057 3074
f 3059 3058 3060
f 3069 3060 3071
f 3065 3060 3069 3068
f 3061 3060 3065
f 3064 3061 3065
f 3074 3061 3064
f 3072 3061 3074
f 3076 3062 3075
f 3066 3062 3076
f 3077 3062 3063
f 3078 3062 3077
f 3075 3062 3078
f 3079 3063 3065
f 3077 3063 3079
f 3080 3065 3068
f 3079 3065 3080
f 3067 3066 3076
f 3080 3067 3076
f 3068 3067 3080
f 3070 3069 3071
f 3073 3072 3074
f 3081 3075 3078
f 3076 3075 3081
f 3080 3076 3081
f 3081 3077 3079
f 3078 3077 3081
f 3081 3079 3080
