# File exported by Houdini 20.5.410 (www.sidefx.com)
# 1883 points
# 7854 vertices
# 2148 primitives
# Bounds: [-0.0802712888, -0.125755429, -0.000148944076] to [0.023, 0.000185562531, 0.0460940897]
g 
v 0.0154999997 -0.1149 0.00850000046
v 0.0154999997 -0.1149 0.00839396007
v 0.0104999999 -0.1149 0.00850000046
v 0.0154999997 -0.115501381 0.00850000046
v 0.0104999999 -0.1149 0.00839396007
v 0.0104999999 -0.115501381 0.00850000046
v 0.00459999964 -0.118699998 0.0108000003
v 0.00441883318 -0.118699998 0.0108239818
v 0.00459999964 -0.118050002 0.0108000003
v 0.00478116656 -0.118699998 0.0108239818
v 0.00441883318 -0.118050002 0.0108239818
v 0.00425013714 -0.118699998 0.0108938729
v 0.00478116656 -0.118050002 0.0108239818
v 0.00494999997 -0.118699998 0.0108938729
v 0.00425013714 -0.118050002 0.0108938729
v 0.00410514884 -0.118699998 0.0110051492
v 0.00494999997 -0.118050002 0.0108938729
v 0.0050948509 -0.118699998 0.0110051492
v 0.00410514884 -0.118050002 0.0110051492
v 0.00399387209 -0.118699998 0.0111500006
v 0.0050948509 -0.118050002 0.0110051492
v 0.00520612765 -0.118699998 0.0111500006
v 0.00399387209 -0.118050002 0.0111500006
v 0.00392398192 -0.118699998 0.0113188336
v 0.00520612765 -0.118050002 0.0111500006
v 0.00527601782 -0.118699998 0.0113188336
v 0.00392398192 -0.118050002 0.0113188336
v 0.00389999989 -0.118699998 0.0115
v 0.00527601782 -0.118050002 0.0113188336
v 0.00529999984 -0.118699998 0.0115
v 0.00389999989 -0.118050002 0.0115
v 0.00392398192 -0.118699998 0.0116811665
v 0.00529999984 -0.118050002 0.0115
v 0.00527601782 -0.118699998 0.0116811665
v 0.00392398192 -0.118050002 0.0116811665
v 0.00399387209 -0.118699998 0.0118499994
v 0.00527601782 -0.118050002 0.0116811665
v 0.00520612765 -0.118699998 0.0118499994
v 0.00399387209 -0.118050002 0.0118499994
v 0.00410514884 -0.118699998 0.0119948508
v 0.00520612765 -0.118050002 0.0118499994
v 0.0050948509 -0.118699998 0.0119948508
v 0.00410514884 -0.118050002 0.0119948508
v 0.00425013714 -0.118699998 0.0121061271
v 0.0050948509 -0.118050002 0.0119948508
v 0.00494999997 -0.118699998 0.0121061271
v 0.00425013714 -0.118050002 0.0121061271
v 0.00441883318 -0.118699998 0.0121760182
v 0.00494999997 -0.118050002 0.0121061271
v 0.00478116656 -0.118699998 0.0121760182
v 0.00441883318 -0.118050002 0.0121760182
v 0.00459999964 -0.118699998 0.0121999998
v 0.00478116656 -0.118050002 0.0121760182
v 0.00459999964 -0.118050002 0.0121999998
v 0.00529999984 -0.118050002 0.0353999995
v 0.00527601782 -0.118050002 0.0355811678
v 0.00529999984 -0.118699998 0.0353999995
v 0.00527601782 -0.118050002 0.0352188312
v 0.00527601782 -0.118699998 0.0355811678
v 0.00520612765 -0.118050002 0.0357500017
v 0.00527601782 -0.118699998 0.0352188312
v 0.00520612765 -0.118050002 0.0350501351
v 0.00520612765 -0.118699998 0.0357500017
v 0.0050948509 -0.118050002 0.0358948521
v 0.00520612765 -0.118699998 0.0350501351
v 0.0050948509 -0.118050002 0.0349051468
v 0.0050948509 -0.118699998 0.0358948521
v 0.00494999997 -0.118050002 0.0360061266
v 0.0050948509 -0.118699998 0.0349051468
v 0.00494999997 -0.118050002 0.0347938724
v 0.00494999997 -0.118699998 0.0360061266
v 0.00478116656 -0.118050002 0.0360760167
v 0.00494999997 -0.118699998 0.0347938724
v 0.00478116656 -0.118050002 0.0347239822
v 0.00478116656 -0.118699998 0.0360760167
v 0.00459999964 -0.118050002 0.0361000001
v 0.00478116656 -0.118699998 0.0347239822
v 0.00459999964 -0.118050002 0.0346999988
v 0.00459999964 -0.118699998 0.0361000001
v 0.00441883318 -0.118050002 0.0360760167
v 0.00459999964 -0.118699998 0.0346999988
v 0.00441883318 -0.118050002 0.0347239822
v 0.00441883318 -0.118699998 0.0360760167
v 0.00425013714 -0.118050002 0.0360061266
v 0.00441883318 -0.118699998 0.0347239822
v 0.00425013714 -0.118050002 0.0347938724
v 0.00425013714 -0.118699998 0.0360061266
v 0.00410514884 -0.118050002 0.0358948521
v 0.00425013714 -0.118699998 0.0347938724
v 0.00410514884 -0.118050002 0.0349051468
v 0.00410514884 -0.118699998 0.0358948521
v 0.00399387209 -0.118050002 0.0357500017
v 0.00410514884 -0.118699998 0.0349051468
v 0.00399387209 -0.118050002 0.0350501351
v 0.00399387209 -0.118699998 0.0357500017
v 0.00392398192 -0.118050002 0.0355811678
v 0.00399387209 -0.118699998 0.0350501351
v 0.00392398192 -0.118050002 0.0352188312
v 0.00392398192 -0.118699998 0.0355811678
v 0.00389999989 -0.118050002 0.0353999995
v 0.00392398192 -0.118699998 0.0352188312
v 0.00389999989 -0.118699998 0.0353999995
v 0.0132302176 -0.119400002 0.0124574918
v 0.0138668492 -0.118199997 0.0127647221
v 0.0141389966 -0.119400002 0.0126385009
v 0.012306164 -0.119400002 0.0125192152
v 0.0129997246 -0.118199997 0.0126502905
v 0.0146749616 -0.118199997 0.0130989989
v 0.0149707142 -0.119400002 0.0130476784
v 0.0114286263 -0.119400002 0.0128174294
v 0.0121332947 -0.118199997 0.0127647221
v 0.0153685221 -0.118199997 0.0136316242
v 0.0156677458 -0.119400002 0.0136586707
v 0.0106586972 -0.119400002 0.0133327162
v 0.0113251824 -0.118199997 0.0130989989
v 0.0159010161 -0.118199997 0.0143251456
v 0.0161828827 -0.119400002 0.0144284796
v 0.0100477533 -0.119400002 0.014029705
v 0.0106316218 -0.118199997 0.0136316242
v 0.0162356459 -0.118199997 0.0151330978
v 0.0164814126 -0.119400002 0.0153064784
v 0.00963814277 -0.119400002 0.0148605444
v 0.0100991279 -0.118199997 0.0143251456
v 0.0163495038 -0.118199997 0.0159999989
v 0.0165418126 -0.119400002 0.0162302498
v 0.00945763662 -0.119400002 0.0157697499
v 0.00976449717 -0.118199997 0.0151330978
v 0.0162356459 -0.118199997 0.0168669019
v 0.0163620003 -0.119400002 0.0171394553
v 0.00945069361 -0.119400002 0.0159999989
v 0.00965063926 -0.118199997 0.0159999989
v 0.0159010161 -0.118199997 0.017674854
v 0.0159523915 -0.119400002 0.0179702938
v 0.00951873139 -0.119400002 0.0166935213
v 0.00976449717 -0.118199997 0.0168669019
v 0.0153685221 -0.118199997 0.0183683764
v 0.0153414467 -0.119400002 0.0186672844
v 0.00981726032 -0.119400002 0.0175715201
v 0.0100991279 -0.118199997 0.017674854
v 0.0146749616 -0.118199997 0.0189009998
v 0.0145715177 -0.119400002 0.0191825703
v 0.0103323981 -0.119400002 0.0183413289
v 0.0106316218 -0.118199997 0.0183683764
v 0.0138668492 -0.118199997 0.0192352775
v 0.0136939799 -0.119400002 0.0194807835
v 0.0110294297 -0.119400002 0.0189523213
v 0.0113251824 -0.118199997 0.0189009998
v 0.0129997246 -0.118199997 0.0193497092
v 0.0127699263 -0.119400002 0.0195425078
v 0.0118611464 -0.119400002 0.0193614978
v 0.0121332947 -0.118199997 0.0192352775
v 0.00120017619 -0.0585428029 0.0216570012
v 1.12757026e-17 -0.0578178614 0.0216570012
v 0.00120017619 -0.0584831908 0.0212039892
v 0.00300000003 -0.0585428029 0.0216570012
v 0.00120017619 -0.0585428029 0.025342999
v 1.12757026e-17 -0.0577829182 0.0213918053
v 1.12757026e-17 -0.0578178614 0.025342999
v 1.12757026e-17 -0.0576808229 0.0211449005
v 0.00120017619 -0.0583084635 0.0207819268
v 0.00300000003 -0.0584831908 0.0212039892
v 0.00300000003 -0.0585428029 0.025342999
v 0.00120017619 -0.0584831908 0.0257960111
v 1.12757026e-17 -0.0577829182 0.025608195
v 1.12757026e-17 -0.0575177446 0.0209324621
v 0.00300000003 -0.0583084635 0.0207819268
v 0.00120017619 -0.0580302738 0.0204196591
v 0.00300000003 -0.0584831908 0.0257960111
v 0.00120017619 -0.0583084635 0.0262180734
v 1.12757026e-17 -0.0576808229 0.0258550998
v 1.12757026e-17 -0.0573053323 0.0207692664
v 0.00300000003 -0.0580302738 0.0204196591
v 0.00120017619 -0.057667803 0.0201418009
v 0.00300000003 -0.0583084635 0.0262180734
v 0.00120017619 -0.0580302738 0.0265803412
v 1.12757026e-17 -0.0575177446 0.0260675382
v 1.12757026e-17 -0.0570583194 0.020667268
v 0.00120017619 -0.0572460629 0.019966647
v 0.00300000003 -0.057667803 0.0201418009
v 0.00300000003 -0.0580302738 0.0265803412
v 0.00120017619 -0.057667803 0.0268581994
v 1.12757026e-17 -0.0573053323 0.0262307338
v 1.12757026e-17 -0.0567931458 0.0206320956
v 0.00120017619 -0.0567931458 0.0199068543
v 0.00300000003 -0.0572460629 0.019966647
v 0.00300000003 -0.057667803 0.0268581994
v 0.00120017619 -0.0572460629 0.0270333532
v 1.12757026e-17 -0.0570583194 0.0263327323
v 1.12757026e-17 -0.0565279722 0.020667268
v 0.00120017619 -0.0563402288 0.019966647
v 0.00300000003 -0.0567931458 0.0199068543
v 0.00300000003 -0.0572460629 0.0270333532
v 0.00120017619 -0.0567931458 0.027093146
v 1.12757026e-17 -0.0567931458 0.0263679046
v 1.12757026e-17 -0.0562809594 0.0207692664
v 0.00120017619 -0.0559184887 0.0201418009
v 0.00300000003 -0.0563402288 0.019966647
v 0.00300000003 -0.0567931458 0.027093146
v 0.00120017619 -0.0563402288 0.0270333532
v 1.12757026e-17 -0.0565279722 0.0263327323
v 1.12757026e-17 -0.0560685471 0.0209324621
v 0.00120017619 -0.0555560179 0.0204196591
v 0.00300000003 -0.0559184887 0.0201418009
v 0.00300000003 -0.0563402288 0.0270333532
v 0.00120017619 -0.0559184887 0.0268581994
v 1.12757026e-17 -0.0562809594 0.0262307338
v 1.12757026e-17 -0.0559054688 0.0211449005
v 0.00120017619 -0.0552778281 0.0207819268
v 0.00300000003 -0.0555560179 0.0204196591
v 0.00300000003 -0.0559184887 0.0268581994
v 0.00120017619 -0.0555560179 0.0265803412
v 1.12757026e-17 -0.0560685471 0.0260675382
v 0.00120017619 -0.0551031008 0.0212039892
v 1.12757026e-17 -0.0558033735 0.0213918053
v 0.00300000003 -0.0552778281 0.0207819268
v 0.00300000003 -0.0555560179 0.0265803412
v 0.00120017619 -0.0552778281 0.0262180734
v 1.12757026e-17 -0.0559054688 0.0258550998
v 0.00300000003 -0.0551031008 0.0212039892
v 1.12757026e-17 -0.0557684302 0.0216570012
v 0.00120017619 -0.0550434887 0.0216570012
v 0.00300000003 -0.0552778281 0.0262180734
v 0.00120017619 -0.0551031008 0.0257960111
v 1.12757026e-17 -0.0558033735 0.025608195
v 0.00300000003 -0.0550434887 0.0216570012
v 1.12757026e-17 -0.0557684302 0.025342999
v 0.00120017619 -0.0550434887 0.025342999
v 0.00300000003 -0.0551031008 0.0257960111
v 0.00300000003 -0.0550434887 0.025342999
v 0.0174000002 -0.0510499999 0.0160000008
v 0.0172492564 -0.0510499999 0.0171387624
v 0.016766876 -0.0539497845 0.017008692
v 0.0168995298 -0.0539497845 0.0160000008
v 0.016766876 -0.0539497845 0.0149913076
v 0.0172492564 -0.0510499999 0.0148612373
v 0.0168099459 -0.0510499999 0.0182000007
v 0.0158977285 -0.0544500016 0.0167761166
v 0.0163766649 -0.0539497845 0.0179493353
v 0.0155979646 -0.0544500016 0.0174996872
v 0.015999373 -0.0544500016 0.0160000008
v 0.0158977285 -0.0544500016 0.015223884
v 0.0155979646 -0.0544500016 0.0145003134
v 0.0163766649 -0.0539497845 0.0140506653
v 0.0168099459 -0.0510499999 0.0137999998
v 0.0161104929 -0.0510499999 0.0191104934
v 0.0157573223 -0.0539497845 0.0187573228
v 0.0151207522 -0.0544500016 0.0181207526
v 0.0151207522 -0.0544500016 0.0138792479
v 0.0157573223 -0.0539497845 0.0132426778
v 0.0161104929 -0.0510499999 0.0128895063
v 0.0152000003 -0.0510499999 0.0198099464
v 0.0149493348 -0.0539497845 0.0193766654
v 0.0144996867 -0.0544500016 0.0185979642
v 0.0144996867 -0.0544500016 0.0134020364
v 0.0149493348 -0.0539497845 0.0126233362
v 0.0152000003 -0.0510499999 0.0121900551
v 0.0141387628 -0.0510499999 0.0202492569
v 0.0140086925 -0.0539497845 0.0197668765
v 0.0137761161 -0.0544500016 0.018897729
v 0.0137761161 -0.0544500016 0.0131022707
v 0.0140086925 -0.0539497845 0.0122331241
v 0.0141387628 -0.0510499999 0.0117507437
v 0.0130000003 -0.0510499999 0.0204000007
v 0.0130000003 -0.0539497845 0.0198995303
v 0.0130000003 -0.0544500016 0.0189993735
v 0.0130000003 -0.0544500016 0.0130006261
v 0.0130000003 -0.0539497845 0.0121004693
v 0.0130000003 -0.0510499999 0.0115999999
v 0.0118612377 -0.0510499999 0.0202492569
v 0.0119913081 -0.0539497845 0.0197668765
v 0.0122238845 -0.0544500016 0.018897729
v 0.0122238845 -0.0544500016 0.0131022707
v 0.0119913081 -0.0539497845 0.0122331241
v 0.0118612377 -0.0510499999 0.0117507437
v 0.0108000003 -0.0510499999 0.0198099464
v 0.0110506658 -0.0539497845 0.0193766654
v 0.0115003139 -0.0544500016 0.0185979642
v 0.0115003139 -0.0544500016 0.0134020364
v 0.0108000003 -0.0510499999 0.0121900551
v 0.0110506658 -0.0539497845 0.0126233362
v 0.00988950673 -0.0510499999 0.0191104934
v 0.0102426782 -0.0539497845 0.0187573228
v 0.0108792484 -0.0544500016 0.0181207526
v 0.0102426782 -0.0539497845 0.0132426778
v 0.0108792484 -0.0544500016 0.0138792479
v 0.00988950673 -0.0510499999 0.0128895063
v 0.00919005554 -0.0510499999 0.0182000007
v 0.00962333661 -0.0539497845 0.0179493353
v 0.0104020359 -0.0544500016 0.0174996872
v 0.0104020359 -0.0544500016 0.0145003134
v 0.00962333661 -0.0539497845 0.0140506653
v 0.00919005554 -0.0510499999 0.0137999998
v 0.00875074416 -0.0510499999 0.0171387624
v 0.00923312455 -0.0539497845 0.017008692
v 0.0101022711 -0.0544500016 0.0167761166
v 0.0101022711 -0.0544500016 0.015223884
v 0.00923312455 -0.0539497845 0.0149913076
v 0.00875074416 -0.0510499999 0.0148612373
v 0.00860000029 -0.0510499999 0.0160000008
v 0.00910046976 -0.0539497845 0.0160000008
v 0.0100006266 -0.0544500016 0.0160000008
v 0.0214000009 -0.0732500032 0.0108000003
v 0.0212188326 -0.0732500032 0.0108239818
v 0.0214000009 -0.0725999996 0.0108000003
v 0.0215811674 -0.0732500032 0.0108239818
v 0.0212188326 -0.0725999996 0.0108239818
v 0.0210501365 -0.0732500032 0.0108938729
v 0.0215811674 -0.0725999996 0.0108239818
v 0.0217498634 -0.0732500032 0.0108938729
v 0.0210501365 -0.0725999996 0.0108938729
v 0.0209051482 -0.0732500032 0.0110051492
v 0.0217498634 -0.0725999996 0.0108938729
v 0.0218948517 -0.0732500032 0.0110051492
v 0.0209051482 -0.0725999996 0.0110051492
v 0.020793872 -0.0732500032 0.0111500006
v 0.0218948517 -0.0725999996 0.0110051492
v 0.022006128 -0.0732500032 0.0111500006
v 0.020793872 -0.0725999996 0.0111500006
v 0.0207239818 -0.0732500032 0.0113188336
v 0.022006128 -0.0725999996 0.0111500006
v 0.0220760182 -0.0732500032 0.0113188336
v 0.0207239818 -0.0725999996 0.0113188336
v 0.0207000002 -0.0732500032 0.0115
v 0.0220760182 -0.0725999996 0.0113188336
v 0.0220999997 -0.0732500032 0.0115
v 0.0207000002 -0.0725999996 0.0115
v 0.0207239818 -0.0732500032 0.0116811665
v 0.0220999997 -0.0725999996 0.0115
v 0.0220760182 -0.0732500032 0.0116811665
v 0.0207239818 -0.0725999996 0.0116811665
v 0.020793872 -0.0732500032 0.0118499994
v 0.0220760182 -0.0725999996 0.0116811665
v 0.022006128 -0.0732500032 0.0118499994
v 0.020793872 -0.0725999996 0.0118499994
v 0.0209051482 -0.0732500032 0.0119948508
v 0.022006128 -0.0725999996 0.0118499994
v 0.0218948517 -0.0732500032 0.0119948508
v 0.0209051482 -0.0725999996 0.0119948508
v 0.0210501365 -0.0732500032 0.0121061271
v 0.0218948517 -0.0725999996 0.0119948508
v 0.0217498634 -0.0732500032 0.0121061271
v 0.0210501365 -0.0725999996 0.0121061271
v 0.0212188326 -0.0732500032 0.0121760182
v 0.0217498634 -0.0725999996 0.0121061271
v 0.0215811674 -0.0732500032 0.0121760182
v 0.0212188326 -0.0725999996 0.0121760182
v 0.0214000009 -0.0732500032 0.0121999998
v 0.0215811674 -0.0725999996 0.0121760182
v 0.0214000009 -0.0725999996 0.0121999998
v 0.0186000001 -0.0725999996 0.0388999991
v 0.0185760185 -0.0725999996 0.0390811674
v 0.0186000001 -0.0732500032 0.0388999991
v 0.0185760185 -0.0725999996 0.0387188308
v 0.0185760185 -0.0732500032 0.0390811674
v 0.0185061283 -0.0725999996 0.0392500013
v 0.0185760185 -0.0732500032 0.0387188308
v 0.0185061283 -0.0725999996 0.0385501347
v 0.0185061283 -0.0732500032 0.0392500013
v 0.0183948521 -0.0725999996 0.0393948518
v 0.0185061283 -0.0732500032 0.0385501347
v 0.0183948521 -0.0725999996 0.0384051464
v 0.0183948521 -0.0732500032 0.0393948518
v 0.0182498638 -0.0725999996 0.0395061262
v 0.0183948521 -0.0732500032 0.0384051464
v 0.0182498638 -0.0725999996 0.038293872
v 0.0182498638 -0.0732500032 0.0395061262
v 0.0180811677 -0.0725999996 0.0395760164
v 0.0182498638 -0.0732500032 0.038293872
v 0.0180811677 -0.0725999996 0.0382239819
v 0.0180811677 -0.0732500032 0.0395760164
v 0.0179000013 -0.0725999996 0.0395999998
v 0.0180811677 -0.0732500032 0.0382239819
v 0.0179000013 -0.0725999996 0.0381999984
v 0.0179000013 -0.0732500032 0.0395999998
v 0.0177188329 -0.0725999996 0.0395760164
v 0.0179000013 -0.0732500032 0.0381999984
v 0.0177188329 -0.0725999996 0.0382239819
v 0.0177188329 -0.0732500032 0.0395760164
v 0.0175501369 -0.0725999996 0.0395061262
v 0.0177188329 -0.0732500032 0.0382239819
v 0.0175501369 -0.0725999996 0.038293872
v 0.0175501369 -0.0732500032 0.0395061262
v 0.0174051486 -0.0725999996 0.0393948518
v 0.0175501369 -0.0732500032 0.038293872
v 0.0174051486 -0.0725999996 0.0384051464
v 0.0174051486 -0.0732500032 0.0393948518
v 0.0172938723 -0.0725999996 0.0392500013
v 0.0174051486 -0.0732500032 0.0384051464
v 0.0172938723 -0.0725999996 0.0385501347
v 0.0172938723 -0.0732500032 0.0392500013
v 0.0172239821 -0.0725999996 0.0390811674
v 0.0172938723 -0.0732500032 0.0385501347
v 0.0172239821 -0.0725999996 0.0387188308
v 0.0172239821 -0.0732500032 0.0390811674
v 0.0172000006 -0.0725999996 0.0388999991
v 0.0172239821 -0.0732500032 0.0387188308
v 0.0172000006 -0.0732500032 0.0388999991
v 0.0154999997 -0.0240000002 0.00850000046
v 0.0154999997 -0.0240000002 0.00839396007
v 0.0104999999 -0.0240000002 0.00850000046
v 0.0154999997 -0.024601385 0.00850000046
v 0.0104999999 -0.0240000002 0.00839396007
v 0.0104999999 -0.024601385 0.00850000046
v 0.00459999964 -0.0277999993 0.0108000003
v 0.00441883318 -0.0277999993 0.0108239818
v 0.00459999964 -0.0271499995 0.0108000003
v 0.00478116656 -0.0277999993 0.0108239818
v 0.00441883318 -0.0271499995 0.0108239818
v 0.00425013714 -0.0277999993 0.0108938729
v 0.00478116656 -0.0271499995 0.0108239818
v 0.00494999997 -0.0277999993 0.0108938729
v 0.00425013714 -0.0271499995 0.0108938729
v 0.00410514884 -0.0277999993 0.0110051492
v 0.00494999997 -0.0271499995 0.0108938729
v 0.0050948509 -0.0277999993 0.0110051492
v 0.00410514884 -0.0271499995 0.0110051492
v 0.00399387209 -0.0277999993 0.0111500006
v 0.0050948509 -0.0271499995 0.0110051492
v 0.00520612765 -0.0277999993 0.0111500006
v 0.00399387209 -0.0271499995 0.0111500006
v 0.00392398192 -0.0277999993 0.0113188336
v 0.00520612765 -0.0271499995 0.0111500006
v 0.00527601782 -0.0277999993 0.0113188336
v 0.00392398192 -0.0271499995 0.0113188336
v 0.00389999989 -0.0277999993 0.0115
v 0.00527601782 -0.0271499995 0.0113188336
v 0.00529999984 -0.0277999993 0.0115
v 0.00389999989 -0.0271499995 0.0115
v 0.00392398192 -0.0277999993 0.0116811665
v 0.00529999984 -0.0271499995 0.0115
v 0.00527601782 -0.0277999993 0.0116811665
v 0.00392398192 -0.0271499995 0.0116811665
v 0.00399387209 -0.0277999993 0.0118499994
v 0.00527601782 -0.0271499995 0.0116811665
v 0.00520612765 -0.0277999993 0.0118499994
v 0.00399387209 -0.0271499995 0.0118499994
v 0.00410514884 -0.0277999993 0.0119948508
v 0.00520612765 -0.0271499995 0.0118499994
v 0.0050948509 -0.0277999993 0.0119948508
v 0.00410514884 -0.0271499995 0.0119948508
v 0.00425013714 -0.0277999993 0.0121061271
v 0.0050948509 -0.0271499995 0.0119948508
v 0.00494999997 -0.0277999993 0.0121061271
v 0.00425013714 -0.0271499995 0.0121061271
v 0.00441883318 -0.0277999993 0.0121760182
v 0.00494999997 -0.0271499995 0.0121061271
v 0.00478116656 -0.0277999993 0.0121760182
v 0.00441883318 -0.0271499995 0.0121760182
v 0.00459999964 -0.0277999993 0.0121999998
v 0.00478116656 -0.0271499995 0.0121760182
v 0.00459999964 -0.0271499995 0.0121999998
v 0.00529999984 -0.0271499995 0.0353999995
v 0.00527601782 -0.0271499995 0.0355811678
v 0.00529999984 -0.0277999993 0.0353999995
v 0.00527601782 -0.0271499995 0.0352188312
v 0.00527601782 -0.0277999993 0.0355811678
v 0.00520612765 -0.0271499995 0.0357500017
v 0.00527601782 -0.0277999993 0.0352188312
v 0.00520612765 -0.0271499995 0.0350501351
v 0.00520612765 -0.0277999993 0.0357500017
v 0.0050948509 -0.0271499995 0.0358948521
v 0.00520612765 -0.0277999993 0.0350501351
v 0.0050948509 -0.0271499995 0.0349051468
v 0.0050948509 -0.0277999993 0.0358948521
v 0.00494999997 -0.0271499995 0.0360061266
v 0.0050948509 -0.0277999993 0.0349051468
v 0.00494999997 -0.0271499995 0.0347938724
v 0.00494999997 -0.0277999993 0.0360061266
v 0.00478116656 -0.0271499995 0.0360760167
v 0.00494999997 -0.0277999993 0.0347938724
v 0.00478116656 -0.0271499995 0.0347239822
v 0.00478116656 -0.0277999993 0.0360760167
v 0.00459999964 -0.0271499995 0.0361000001
v 0.00478116656 -0.0277999993 0.0347239822
v 0.00459999964 -0.0271499995 0.0346999988
v 0.00459999964 -0.0277999993 0.0361000001
v 0.00441883318 -0.0271499995 0.0360760167
v 0.00459999964 -0.0277999993 0.0346999988
v 0.00441883318 -0.0271499995 0.0347239822
v 0.00441883318 -0.0277999993 0.0360760167
v 0.00425013714 -0.0271499995 0.0360061266
v 0.00441883318 -0.0277999993 0.0347239822
v 0.00425013714 -0.0271499995 0.0347938724
v 0.00425013714 -0.0277999993 0.0360061266
v 0.00410514884 -0.0271499995 0.0358948521
v 0.00425013714 -0.0277999993 0.0347938724
v 0.00410514884 -0.0271499995 0.0349051468
v 0.00410514884 -0.0277999993 0.0358948521
v 0.00399387209 -0.0271499995 0.0357500017
v 0.00410514884 -0.0277999993 0.0349051468
v 0.00399387209 -0.0271499995 0.0350501351
v 0.00399387209 -0.0277999993 0.0357500017
v 0.00392398192 -0.0271499995 0.0355811678
v 0.00399387209 -0.0277999993 0.0350501351
v 0.00392398192 -0.0271499995 0.0352188312
v 0.00392398192 -0.0277999993 0.0355811678
v 0.00389999989 -0.0271499995 0.0353999995
v 0.00392398192 -0.0277999993 0.0352188312
v 0.00389999989 -0.0277999993 0.0353999995
v 0.0132302176 -0.0285 0.0124574918
v 0.0138668492 -0.0273000002 0.0127647221
v 0.0141389966 -0.0285 0.0126385009
v 0.012306164 -0.0285 0.0125192152
v 0.0129997246 -0.0273000002 0.0126502905
v 0.0146749616 -0.0273000002 0.0130989989
v 0.0149707142 -0.0285 0.0130476784
v 0.0114286263 -0.0285 0.0128174294
v 0.0121332947 -0.0273000002 0.0127647221
v 0.0153685221 -0.0273000002 0.0136316242
v 0.0156677458 -0.0285 0.0136586707
v 0.0106586972 -0.0285 0.0133327162
v 0.0113251824 -0.0273000002 0.0130989989
v 0.0159010161 -0.0273000002 0.0143251456
v 0.0161828827 -0.0285 0.0144284796
v 0.0100477533 -0.0285 0.014029705
v 0.0106316218 -0.0273000002 0.0136316242
v 0.0162356459 -0.0273000002 0.0151330978
v 0.0164814126 -0.0285 0.0153064784
v 0.00963814277 -0.0285 0.0148605444
v 0.0100991279 -0.0273000002 0.0143251456
v 0.0163495038 -0.0273000002 0.0159999989
v 0.0165418126 -0.0285 0.0162302498
v 0.00945763662 -0.0285 0.0157697499
v 0.00976449717 -0.0273000002 0.0151330978
v 0.0162356459 -0.0273000002 0.0168669019
v 0.0163620003 -0.0285 0.0171394553
v 0.00945069361 -0.0285 0.0159999989
v 0.00965063926 -0.0273000002 0.0159999989
v 0.0159010161 -0.0273000002 0.017674854
v 0.0159523915 -0.0285 0.0179702938
v 0.00951873139 -0.0285 0.0166935213
v 0.00976449717 -0.0273000002 0.0168669019
v 0.0153685221 -0.0273000002 0.0183683764
v 0.0153414467 -0.0285 0.0186672844
v 0.00981726032 -0.0285 0.0175715201
v 0.0100991279 -0.0273000002 0.017674854
v 0.0146749616 -0.0273000002 0.0189009998
v 0.0145715177 -0.0285 0.0191825703
v 0.0103323981 -0.0285 0.0183413289
v 0.0106316218 -0.0273000002 0.0183683764
v 0.0138668492 -0.0273000002 0.0192352775
v 0.0136939799 -0.0285 0.0194807835
v 0.0110294297 -0.0285 0.0189523213
v 0.0113251824 -0.0273000002 0.0189009998
v 0.0129997246 -0.0273000002 0.0193497092
v 0.0127699263 -0.0285 0.0195425078
v 0.0118611464 -0.0285 0.0193614978
v 0.0121332947 -0.0273000002 0.0192352775
v 0.0186000001 -0.0271499995 0.0388999991
v 0.0185760185 -0.0271499995 0.0390811674
v 0.0186000001 -0.0277999993 0.0388999991
v 0.0185760185 -0.0271499995 0.0387188308
v 0.0185760185 -0.0277999993 0.0390811674
v 0.0185061283 -0.0271499995 0.0392500013
v 0.0185760185 -0.0277999993 0.0387188308
v 0.0185061283 -0.0271499995 0.0385501347
v 0.0185061283 -0.0277999993 0.0392500013
v 0.0183948521 -0.0271499995 0.0393948518
v 0.0185061283 -0.0277999993 0.0385501347
v 0.0183948521 -0.0271499995 0.0384051464
v 0.0183948521 -0.0277999993 0.0393948518
v 0.0182498638 -0.0271499995 0.0395061262
v 0.0183948521 -0.0277999993 0.0384051464
v 0.0182498638 -0.0271499995 0.038293872
v 0.0182498638 -0.0277999993 0.0395061262
v 0.0180811677 -0.0271499995 0.0395760164
v 0.0182498638 -0.0277999993 0.038293872
v 0.0180811677 -0.0271499995 0.0382239819
v 0.0180811677 -0.0277999993 0.0395760164
v 0.0179000013 -0.0271499995 0.0395999998
v 0.0180811677 -0.0277999993 0.0382239819
v 0.0179000013 -0.0271499995 0.0381999984
v 0.0179000013 -0.0277999993 0.0395999998
v 0.0177188329 -0.0271499995 0.0395760164
v 0.0179000013 -0.0277999993 0.0381999984
v 0.0177188329 -0.0271499995 0.0382239819
v 0.0177188329 -0.0277999993 0.0395760164
v 0.0175501369 -0.0271499995 0.0395061262
v 0.0177188329 -0.0277999993 0.0382239819
v 0.0175501369 -0.0271499995 0.038293872
v 0.0175501369 -0.0277999993 0.0395061262
v 0.0174051486 -0.0271499995 0.0393948518
v 0.0175501369 -0.0277999993 0.038293872
v 0.0174051486 -0.0271499995 0.0384051464
v 0.0174051486 -0.0277999993 0.0393948518
v 0.0172938723 -0.0271499995 0.0392500013
v 0.0174051486 -0.0277999993 0.0384051464
v 0.0172938723 -0.0271499995 0.0385501347
v 0.0172938723 -0.0277999993 0.0392500013
v 0.0172239821 -0.0271499995 0.0390811674
v 0.0172938723 -0.0277999993 0.0385501347
v 0.0172239821 -0.0271499995 0.0387188308
v 0.0172239821 -0.0277999993 0.0390811674
v 0.0172000006 -0.0271499995 0.0388999991
v 0.0172239821 -0.0277999993 0.0387188308
v 0.0172000006 -0.0277999993 0.0388999991
v 0.0214000009 -0.0277999993 0.0108000003
v 0.0212188326 -0.0277999993 0.0108239818
v 0.0214000009 -0.0271499995 0.0108000003
v 0.0215811674 -0.0277999993 0.0108239818
v 0.0212188326 -0.0271499995 0.0108239818
v 0.0210501365 -0.0277999993 0.0108938729
v 0.0215811674 -0.0271499995 0.0108239818
v 0.0217498634 -0.0277999993 0.0108938729
v 0.0210501365 -0.0271499995 0.0108938729
v 0.0209051482 -0.0277999993 0.0110051492
v 0.0217498634 -0.0271499995 0.0108938729
v 0.0218948517 -0.0277999993 0.0110051492
v 0.0209051482 -0.0271499995 0.0110051492
v 0.020793872 -0.0277999993 0.0111500006
v 0.0218948517 -0.0271499995 0.0110051492
v 0.022006128 -0.0277999993 0.0111500006
v 0.020793872 -0.0271499995 0.0111500006
v 0.0207239818 -0.0277999993 0.0113188336
v 0.022006128 -0.0271499995 0.0111500006
v 0.0220760182 -0.0277999993 0.0113188336
v 0.0207239818 -0.0271499995 0.0113188336
v 0.0207000002 -0.0277999993 0.0115
v 0.0220760182 -0.0271499995 0.0113188336
v 0.0220999997 -0.0277999993 0.0115
v 0.0207000002 -0.0271499995 0.0115
v 0.0207239818 -0.0277999993 0.0116811665
v 0.0220999997 -0.0271499995 0.0115
v 0.0220760182 -0.0277999993 0.0116811665
v 0.0207239818 -0.0271499995 0.0116811665
v 0.020793872 -0.0277999993 0.0118499994
v 0.0220760182 -0.0271499995 0.0116811665
v 0.022006128 -0.0277999993 0.0118499994
v 0.020793872 -0.0271499995 0.0118499994
v 0.0209051482 -0.0277999993 0.0119948508
v 0.022006128 -0.0271499995 0.0118499994
v 0.0218948517 -0.0277999993 0.0119948508
v 0.0209051482 -0.0271499995 0.0119948508
v 0.0210501365 -0.0277999993 0.0121061271
v 0.0218948517 -0.0271499995 0.0119948508
v 0.0217498634 -0.0277999993 0.0121061271
v 0.0210501365 -0.0271499995 0.0121061271
v 0.0212188326 -0.0277999993 0.0121760182
v 0.0217498634 -0.0271499995 0.0121061271
v 0.0215811674 -0.0277999993 0.0121760182
v 0.0212188326 -0.0271499995 0.0121760182
v 0.0214000009 -0.0277999993 0.0121999998
v 0.0215811674 -0.0271499995 0.0121760182
v 0.0214000009 -0.0271499995 0.0121999998
v 0.0174000002 -0.00560033275 0.0160000008
v 0.0172492564 -0.00560033275 0.0171387624
v 0.016766876 -0.0084997844 0.017008692
v 0.0168995298 -0.0084997844 0.0160000008
v 0.016766876 -0.0084997844 0.0149913076
v 0.0172492564 -0.00560033275 0.0148612373
v 0.0168099459 -0.00560033275 0.0182000007
v 0.0158977285 -0.00899966713 0.0167761166
v 0.0163766649 -0.0084997844 0.0179493353
v 0.0155979646 -0.00899966713 0.0174996872
v 0.015999373 -0.00899966713 0.0160000008
v 0.0158977285 -0.00899966713 0.015223884
v 0.0155979646 -0.00899966713 0.0145003134
v 0.0163766649 -0.0084997844 0.0140506653
v 0.0168099459 -0.00560033275 0.0137999998
v 0.0161104929 -0.00560033275 0.0191104934
v 0.0157573223 -0.0084997844 0.0187573228
v 0.0151207522 -0.00899966713 0.0181207526
v 0.0151207522 -0.00899966713 0.0138792479
v 0.0157573223 -0.0084997844 0.0132426778
v 0.0161104929 -0.00560033275 0.0128895063
v 0.0152000003 -0.00560033275 0.0198099464
v 0.0149493348 -0.0084997844 0.0193766654
v 0.0144996867 -0.00899966713 0.0185979642
v 0.0144996867 -0.00899966713 0.0134020364
v 0.0149493348 -0.0084997844 0.0126233362
v 0.0152000003 -0.00560033275 0.0121900551
v 0.0141387628 -0.00560033275 0.0202492569
v 0.0140086925 -0.0084997844 0.0197668765
v 0.0137761161 -0.00899966713 0.018897729
v 0.0137761161 -0.00899966713 0.0131022707
v 0.0140086925 -0.0084997844 0.0122331241
v 0.0141387628 -0.00560033275 0.0117507437
v 0.0130000003 -0.00560033275 0.0204000007
v 0.0130000003 -0.0084997844 0.0198995303
v 0.0130000003 -0.00899966713 0.0189993735
v 0.0130000003 -0.00899966713 0.0130006261
v 0.0130000003 -0.0084997844 0.0121004693
v 0.0130000003 -0.00560033275 0.0115999999
v 0.0118612377 -0.00560033275 0.0202492569
v 0.0119913081 -0.0084997844 0.0197668765
v 0.0122238845 -0.00899966713 0.018897729
v 0.0122238845 -0.00899966713 0.0131022707
v 0.0119913081 -0.0084997844 0.0122331241
v 0.0118612377 -0.00560033275 0.0117507437
v 0.0108000003 -0.00560033275 0.0198099464
v 0.0110506658 -0.0084997844 0.0193766654
v 0.0115003139 -0.00899966713 0.0185979642
v 0.0115003139 -0.00899966713 0.0134020364
v 0.0108000003 -0.00560033275 0.0121900551
v 0.0110506658 -0.0084997844 0.0126233362
v 0.00988950673 -0.00560033275 0.0191104934
v 0.0102426782 -0.0084997844 0.0187573228
v 0.0108792484 -0.00899966713 0.0181207526
v 0.0102426782 -0.0084997844 0.0132426778
v 0.0108792484 -0.00899966713 0.0138792479
v 0.00988950673 -0.00560033275 0.0128895063
v 0.00919005554 -0.00560033275 0.0182000007
v 0.00962333661 -0.0084997844 0.0179493353
v 0.0104020359 -0.00899966713 0.0174996872
v 0.0104020359 -0.00899966713 0.0145003134
v 0.00962333661 -0.0084997844 0.0140506653
v 0.00919005554 -0.00560033275 0.0137999998
v 0.00875074416 -0.00560033275 0.0171387624
v 0.00923312455 -0.0084997844 0.017008692
v 0.0101022711 -0.00899966713 0.0167761166
v 0.0101022711 -0.00899966713 0.015223884
v 0.00923312455 -0.0084997844 0.0149913076
v 0.00875074416 -0.00560033275 0.0148612373
v 0.00860000029 -0.00560033275 0.0160000008
v 0.00910046976 -0.0084997844 0.0160000008
v 0.0100006266 -0.00899966713 0.0160000008
v 0.00120017619 -0.0130928028 0.0216570012
v 1.12757026e-17 -0.0123678613 0.0216570012
v 0.00120017619 -0.0130331907 0.0212039892
v 0.00300000003 -0.0130928028 0.0216570012
v 0.00120017619 -0.0130928028 0.025342999
v 1.12757026e-17 -0.0123329163 0.0213918053
v 1.12757026e-17 -0.0123678613 0.025342999
v 0.00300000003 -0.0130331907 0.0212039892
v 1.12757026e-17 -0.0122308219 0.0211449005
v 0.00120017619 -0.0128584644 0.0207819268
v 0.00300000003 -0.0130928028 0.025342999
v 0.00120017619 -0.0130331907 0.0257960111
v 1.12757026e-17 -0.0123329163 0.025608195
v 0.00300000003 -0.0128584644 0.0207819268
v 1.12757026e-17 -0.0120677445 0.0209324621
v 0.00120017619 -0.0125802737 0.0204196591
v 0.00300000003 -0.0130331907 0.0257960111
v 0.00120017619 -0.0128584644 0.0262180734
v 1.12757026e-17 -0.0122308219 0.0258550998
v 0.00300000003 -0.0125802737 0.0204196591
v 1.12757026e-17 -0.0118553322 0.0207692664
v 0.00120017619 -0.0122178029 0.0201418009
v 0.00300000003 -0.0128584644 0.0262180734
v 0.00120017619 -0.0125802737 0.0265803412
v 1.12757026e-17 -0.0120677445 0.0260675382
v 0.00300000003 -0.0122178029 0.0201418009
v 1.12757026e-17 -0.0116083184 0.020667268
v 0.00120017619 -0.0117960628 0.019966647
v 0.00300000003 -0.0125802737 0.0265803412
v 0.00120017619 -0.0122178029 0.0268581994
v 1.12757026e-17 -0.0118553322 0.0262307338
v 0.00300000003 -0.0117960628 0.019966647
v 1.12757026e-17 -0.0113431457 0.0206320956
v 0.00120017619 -0.0113431457 0.0199068543
v 0.00300000003 -0.0122178029 0.0268581994
v 0.00120017619 -0.0117960628 0.0270333532
v 1.12757026e-17 -0.0116083184 0.0263327323
v 0.00300000003 -0.0113431457 0.0199068543
v 1.12757026e-17 -0.0110779731 0.020667268
v 0.00120017619 -0.0108902287 0.019966647
v 0.00300000003 -0.0117960628 0.0270333532
v 0.00120017619 -0.0113431457 0.027093146
v 1.12757026e-17 -0.0113431457 0.0263679046
v 0.00300000003 -0.0108902287 0.019966647
v 1.12757026e-17 -0.0108309593 0.0207692664
v 0.00120017619 -0.0104684886 0.0201418009
v 0.00300000003 -0.0113431457 0.027093146
v 0.00120017619 -0.0108902287 0.0270333532
v 1.12757026e-17 -0.0110779731 0.0263327323
v 0.00300000003 -0.0104684886 0.0201418009
v 1.12757026e-17 -0.010618547 0.0209324621
v 0.00120017619 -0.0101060178 0.0204196591
v 0.00300000003 -0.0108902287 0.0270333532
v 0.00120017619 -0.0104684886 0.0268581994
v 1.12757026e-17 -0.0108309593 0.0262307338
v 0.00300000003 -0.0101060178 0.0204196591
v 0.00120017619 -0.0098278271 0.0207819268
v 1.12757026e-17 -0.0104554696 0.0211449005
v 0.00300000003 -0.0104684886 0.0268581994
v 0.00120017619 -0.0101060178 0.0265803412
v 1.12757026e-17 -0.010618547 0.0260675382
v 0.00300000003 -0.0098278271 0.0207819268
v 0.00120017619 -0.00965310074 0.0212039892
v 1.12757026e-17 -0.0103533752 0.0213918053
v 0.00300000003 -0.0101060178 0.0265803412
v 0.00120017619 -0.0098278271 0.0262180734
v 1.12757026e-17 -0.0104554696 0.0258550998
v 0.00300000003 -0.00965310074 0.0212039892
v 1.12757026e-17 -0.0103184301 0.0216570012
v 0.00120017619 -0.00959348865 0.0216570012
v 0.00300000003 -0.0098278271 0.0262180734
v 0.00120017619 -0.00965310074 0.0257960111
v 1.12757026e-17 -0.0103533752 0.025608195
v 0.00300000003 -0.00959348865 0.0216570012
v 1.12757026e-17 -0.0103184301 0.025342999
v 0.00120017619 -0.00959348865 0.025342999
v 0.00300000003 -0.00965310074 0.0257960111
v 0.00300000003 -0.00959348865 0.025342999
v 0.0132302176 -0.0739500001 0.0124574918
v 0.0138668492 -0.0727500021 0.0127647221
v 0.0141389966 -0.0739500001 0.0126385009
v 0.012306164 -0.0739500001 0.0125192152
v 0.0129997246 -0.0727500021 0.0126502905
v 0.0146749616 -0.0727500021 0.0130989989
v 0.0149707142 -0.0739500001 0.0130476784
v 0.0114286263 -0.0739500001 0.0128174294
v 0.0121332947 -0.0727500021 0.0127647221
v 0.0153685221 -0.0727500021 0.0136316242
v 0.0156677458 -0.0739500001 0.0136586707
v 0.0106586972 -0.0739500001 0.0133327162
v 0.0113251824 -0.0727500021 0.0130989989
v 0.0159010161 -0.0727500021 0.0143251456
v 0.0161828827 -0.0739500001 0.0144284796
v 0.0100477533 -0.0739500001 0.014029705
v 0.0106316218 -0.0727500021 0.0136316242
v 0.0162356459 -0.0727500021 0.0151330978
v 0.0164814126 -0.0739500001 0.0153064784
v 0.00963814277 -0.0739500001 0.0148605444
v 0.0100991279 -0.0727500021 0.0143251456
v 0.0163495038 -0.0727500021 0.0159999989
v 0.0165418126 -0.0739500001 0.0162302498
v 0.00945763662 -0.0739500001 0.0157697499
v 0.00976449717 -0.0727500021 0.0151330978
v 0.0162356459 -0.0727500021 0.0168669019
v 0.0163620003 -0.0739500001 0.0171394553
v 0.00945069361 -0.0739500001 0.0159999989
v 0.00965063926 -0.0727500021 0.0159999989
v 0.0159010161 -0.0727500021 0.017674854
v 0.0159523915 -0.0739500001 0.0179702938
v 0.00951873139 -0.0739500001 0.0166935213
v 0.00976449717 -0.0727500021 0.0168669019
v 0.0153685221 -0.0727500021 0.0183683764
v 0.0153414467 -0.0739500001 0.0186672844
v 0.00981726032 -0.0739500001 0.0175715201
v 0.0100991279 -0.0727500021 0.017674854
v 0.0146749616 -0.0727500021 0.0189009998
v 0.0145715177 -0.0739500001 0.0191825703
v 0.0103323981 -0.0739500001 0.0183413289
v 0.0106316218 -0.0727500021 0.0183683764
v 0.0138668492 -0.0727500021 0.0192352775
v 0.0136939799 -0.0739500001 0.0194807835
v 0.0110294297 -0.0739500001 0.0189523213
v 0.0113251824 -0.0727500021 0.0189009998
v 0.0129997246 -0.0727500021 0.0193497092
v 0.0127699263 -0.0739500001 0.0195425078
v 0.0118611464 -0.0739500001 0.0193614978
v 0.0121332947 -0.0727500021 0.0192352775
v 0.00529999984 -0.0725999996 0.0353999995
v 0.00527601782 -0.0725999996 0.0355811678
v 0.00529999984 -0.0732500032 0.0353999995
v 0.00527601782 -0.0725999996 0.0352188312
v 0.00527601782 -0.0732500032 0.0355811678
v 0.00520612765 -0.0725999996 0.0357500017
v 0.00527601782 -0.0732500032 0.0352188312
v 0.00520612765 -0.0725999996 0.0350501351
v 0.00520612765 -0.0732500032 0.0357500017
v 0.0050948509 -0.0725999996 0.0358948521
v 0.00520612765 -0.0732500032 0.0350501351
v 0.0050948509 -0.0725999996 0.0349051468
v 0.0050948509 -0.0732500032 0.0358948521
v 0.00494999997 -0.0725999996 0.0360061266
v 0.0050948509 -0.0732500032 0.0349051468
v 0.00494999997 -0.0725999996 0.0347938724
v 0.00494999997 -0.0732500032 0.0360061266
v 0.00478116656 -0.0725999996 0.0360760167
v 0.00494999997 -0.0732500032 0.0347938724
v 0.00478116656 -0.0725999996 0.0347239822
v 0.00478116656 -0.0732500032 0.0360760167
v 0.00459999964 -0.0725999996 0.0361000001
v 0.00478116656 -0.0732500032 0.0347239822
v 0.00459999964 -0.0725999996 0.0346999988
v 0.00459999964 -0.0732500032 0.0361000001
v 0.00441883318 -0.0725999996 0.0360760167
v 0.00459999964 -0.0732500032 0.0346999988
v 0.00441883318 -0.0725999996 0.0347239822
v 0.00441883318 -0.0732500032 0.0360760167
v 0.00425013714 -0.0725999996 0.0360061266
v 0.00441883318 -0.0732500032 0.0347239822
v 0.00425013714 -0.0725999996 0.0347938724
v 0.00425013714 -0.0732500032 0.0360061266
v 0.00410514884 -0.0725999996 0.0358948521
v 0.00425013714 -0.0732500032 0.0347938724
v 0.00410514884 -0.0725999996 0.0349051468
v 0.00410514884 -0.0732500032 0.0358948521
v 0.00399387209 -0.0725999996 0.0357500017
v 0.00410514884 -0.0732500032 0.0349051468
v 0.00399387209 -0.0725999996 0.0350501351
v 0.00399387209 -0.0732500032 0.0357500017
v 0.00392398192 -0.0725999996 0.0355811678
v 0.00399387209 -0.0732500032 0.0350501351
v 0.00392398192 -0.0725999996 0.0352188312
v 0.00392398192 -0.0732500032 0.0355811678
v 0.00389999989 -0.0725999996 0.0353999995
v 0.00392398192 -0.0732500032 0.0352188312
v 0.00389999989 -0.0732500032 0.0353999995
v 0.00459999964 -0.0732500032 0.0108000003
v 0.00441883318 -0.0732500032 0.0108239818
v 0.00459999964 -0.0725999996 0.0108000003
v 0.00478116656 -0.0732500032 0.0108239818
v 0.00441883318 -0.0725999996 0.0108239818
v 0.00425013714 -0.0732500032 0.0108938729
v 0.00478116656 -0.0725999996 0.0108239818
v 0.00494999997 -0.0732500032 0.0108938729
v 0.00425013714 -0.0725999996 0.0108938729
v 0.00410514884 -0.0732500032 0.0110051492
v 0.00494999997 -0.0725999996 0.0108938729
v 0.0050948509 -0.0732500032 0.0110051492
v 0.00410514884 -0.0725999996 0.0110051492
v 0.00399387209 -0.0732500032 0.0111500006
v 0.0050948509 -0.0725999996 0.0110051492
v 0.00520612765 -0.0732500032 0.0111500006
v 0.00399387209 -0.0725999996 0.0111500006
v 0.00392398192 -0.0732500032 0.0113188336
v 0.00520612765 -0.0725999996 0.0111500006
v 0.00527601782 -0.0732500032 0.0113188336
v 0.00392398192 -0.0725999996 0.0113188336
v 0.00389999989 -0.0732500032 0.0115
v 0.00527601782 -0.0725999996 0.0113188336
v 0.00529999984 -0.0732500032 0.0115
v 0.00389999989 -0.0725999996 0.0115
v 0.00392398192 -0.0732500032 0.0116811665
v 0.00529999984 -0.0725999996 0.0115
v 0.00527601782 -0.0732500032 0.0116811665
v 0.00392398192 -0.0725999996 0.0116811665
v 0.00399387209 -0.0732500032 0.0118499994
v 0.00527601782 -0.0725999996 0.0116811665
v 0.00520612765 -0.0732500032 0.0118499994
v 0.00399387209 -0.0725999996 0.0118499994
v 0.00410514884 -0.0732500032 0.0119948508
v 0.00520612765 -0.0725999996 0.0118499994
v 0.0050948509 -0.0732500032 0.0119948508
v 0.00410514884 -0.0725999996 0.0119948508
v 0.00425013714 -0.0732500032 0.0121061271
v 0.0050948509 -0.0725999996 0.0119948508
v 0.00494999997 -0.0732500032 0.0121061271
v 0.00425013714 -0.0725999996 0.0121061271
v 0.00441883318 -0.0732500032 0.0121760182
v 0.00494999997 -0.0725999996 0.0121061271
v 0.00478116656 -0.0732500032 0.0121760182
v 0.00441883318 -0.0725999996 0.0121760182
v 0.00459999964 -0.0732500032 0.0121999998
v 0.00478116656 -0.0725999996 0.0121760182
v 0.00459999964 -0.0725999996 0.0121999998
v 0.0154999997 -0.0694499984 0.00850000046
v 0.0154999997 -0.0694499984 0.00839396007
v 0.0104999999 -0.0694499984 0.00850000046
v 0.0154999997 -0.070051387 0.00850000046
v 0.0104999999 -0.0694499984 0.00839396007
v 0.0104999999 -0.070051387 0.00850000046
v 0.0186000001 -0.118050002 0.0388999991
v 0.0185760185 -0.118050002 0.0390811674
v 0.0186000001 -0.118699998 0.0388999991
v 0.0185760185 -0.118050002 0.0387188308
v 0.0185760185 -0.118699998 0.0390811674
v 0.0185061283 -0.118050002 0.0392500013
v 0.0185760185 -0.118699998 0.0387188308
v 0.0185061283 -0.118050002 0.0385501347
v 0.0185061283 -0.118699998 0.0392500013
v 0.0183948521 -0.118050002 0.0393948518
v 0.0185061283 -0.118699998 0.0385501347
v 0.0183948521 -0.118050002 0.0384051464
v 0.0183948521 -0.118699998 0.0393948518
v 0.0182498638 -0.118050002 0.0395061262
v 0.0183948521 -0.118699998 0.0384051464
v 0.0182498638 -0.118050002 0.038293872
v 0.0182498638 -0.118699998 0.0395061262
v 0.0180811677 -0.118050002 0.0395760164
v 0.0182498638 -0.118699998 0.038293872
v 0.0180811677 -0.118050002 0.0382239819
v 0.0180811677 -0.118699998 0.0395760164
v 0.0179000013 -0.118050002 0.0395999998
v 0.0180811677 -0.118699998 0.0382239819
v 0.0179000013 -0.118050002 0.0381999984
v 0.0179000013 -0.118699998 0.0395999998
v 0.0177188329 -0.118050002 0.0395760164
v 0.0179000013 -0.118699998 0.0381999984
v 0.0177188329 -0.118050002 0.0382239819
v 0.0177188329 -0.118699998 0.0395760164
v 0.0175501369 -0.118050002 0.0395061262
v 0.0177188329 -0.118699998 0.0382239819
v 0.0175501369 -0.118050002 0.038293872
v 0.0175501369 -0.118699998 0.0395061262
v 0.0174051486 -0.118050002 0.0393948518
v 0.0175501369 -0.118699998 0.038293872
v 0.0174051486 -0.118050002 0.0384051464
v 0.0174051486 -0.118699998 0.0393948518
v 0.0172938723 -0.118050002 0.0392500013
v 0.0174051486 -0.118699998 0.0384051464
v 0.0172938723 -0.118050002 0.0385501347
v 0.0172938723 -0.118699998 0.0392500013
v 0.0172239821 -0.118050002 0.0390811674
v 0.0172938723 -0.118699998 0.0385501347
v 0.0172239821 -0.118050002 0.0387188308
v 0.0172239821 -0.118699998 0.0390811674
v 0.0172000006 -0.118050002 0.0388999991
v 0.0172239821 -0.118699998 0.0387188308
v 0.0172000006 -0.118699998 0.0388999991
v 0.0214000009 -0.118699998 0.0108000003
v 0.0212188326 -0.118699998 0.0108239818
v 0.0214000009 -0.118050002 0.0108000003
v 0.0215811674 -0.118699998 0.0108239818
v 0.0212188326 -0.118050002 0.0108239818
v 0.0210501365 -0.118699998 0.0108938729
v 0.0215811674 -0.118050002 0.0108239818
v 0.0217498634 -0.118699998 0.0108938729
v 0.0210501365 -0.118050002 0.0108938729
v 0.0209051482 -0.118699998 0.0110051492
v 0.0217498634 -0.118050002 0.0108938729
v 0.0218948517 -0.118699998 0.0110051492
v 0.0209051482 -0.118050002 0.0110051492
v 0.020793872 -0.118699998 0.0111500006
v 0.0218948517 -0.118050002 0.0110051492
v 0.022006128 -0.118699998 0.0111500006
v 0.020793872 -0.118050002 0.0111500006
v 0.0207239818 -0.118699998 0.0113188336
v 0.022006128 -0.118050002 0.0111500006
v 0.0220760182 -0.118699998 0.0113188336
v 0.0207239818 -0.118050002 0.0113188336
v 0.0207000002 -0.118699998 0.0115
v 0.0220760182 -0.118050002 0.0113188336
v 0.0220999997 -0.118699998 0.0115
v 0.0207000002 -0.118050002 0.0115
v 0.0207239818 -0.118699998 0.0116811665
v 0.0220999997 -0.118050002 0.0115
v 0.0220760182 -0.118699998 0.0116811665
v 0.0207239818 -0.118050002 0.0116811665
v 0.020793872 -0.118699998 0.0118499994
v 0.0220760182 -0.118050002 0.0116811665
v 0.022006128 -0.118699998 0.0118499994
v 0.020793872 -0.118050002 0.0118499994
v 0.0209051482 -0.118699998 0.0119948508
v 0.022006128 -0.118050002 0.0118499994
v 0.0218948517 -0.118699998 0.0119948508
v 0.0209051482 -0.118050002 0.0119948508
v 0.0210501365 -0.118699998 0.0121061271
v 0.0218948517 -0.118050002 0.0119948508
v 0.0217498634 -0.118699998 0.0121061271
v 0.0210501365 -0.118050002 0.0121061271
v 0.0212188326 -0.118699998 0.0121760182
v 0.0217498634 -0.118050002 0.0121061271
v 0.0215811674 -0.118699998 0.0121760182
v 0.0212188326 -0.118050002 0.0121760182
v 0.0214000009 -0.118699998 0.0121999998
v 0.0215811674 -0.118050002 0.0121760182
v 0.0214000009 -0.118050002 0.0121999998
v 0.0174000002 -0.0965000018 0.0160000008
v 0.0172492564 -0.0965000018 0.0171387624
v 0.016766876 -0.0993997827 0.017008692
v 0.0168995298 -0.0993997827 0.0160000008
v 0.016766876 -0.0993997827 0.0149913076
v 0.0172492564 -0.0965000018 0.0148612373
v 0.0168099459 -0.0965000018 0.0182000007
v 0.0158977285 -0.0998999998 0.0167761166
v 0.0163766649 -0.0993997827 0.0179493353
v 0.0155979646 -0.0998999998 0.0174996872
v 0.015999373 -0.0998999998 0.0160000008
v 0.0158977285 -0.0998999998 0.015223884
v 0.0155979646 -0.0998999998 0.0145003134
v 0.0163766649 -0.0993997827 0.0140506653
v 0.0168099459 -0.0965000018 0.0137999998
v 0.0161104929 -0.0965000018 0.0191104934
v 0.0157573223 -0.0993997827 0.0187573228
v 0.0151207522 -0.0998999998 0.0181207526
v 0.0151207522 -0.0998999998 0.0138792479
v 0.0157573223 -0.0993997827 0.0132426778
v 0.0161104929 -0.0965000018 0.0128895063
v 0.0152000003 -0.0965000018 0.0198099464
v 0.0149493348 -0.0993997827 0.0193766654
v 0.0144996867 -0.0998999998 0.0185979642
v 0.0144996867 -0.0998999998 0.0134020364
v 0.0149493348 -0.0993997827 0.0126233362
v 0.0152000003 -0.0965000018 0.0121900551
v 0.0141387628 -0.0965000018 0.0202492569
v 0.0140086925 -0.0993997827 0.0197668765
v 0.0137761161 -0.0998999998 0.018897729
v 0.0137761161 -0.0998999998 0.0131022707
v 0.0140086925 -0.0993997827 0.0122331241
v 0.0141387628 -0.0965000018 0.0117507437
v 0.0130000003 -0.0965000018 0.0204000007
v 0.0130000003 -0.0993997827 0.0198995303
v 0.0130000003 -0.0998999998 0.0189993735
v 0.0130000003 -0.0998999998 0.0130006261
v 0.0130000003 -0.0993997827 0.0121004693
v 0.0130000003 -0.0965000018 0.0115999999
v 0.0118612377 -0.0965000018 0.0202492569
v 0.0119913081 -0.0993997827 0.0197668765
v 0.0122238845 -0.0998999998 0.018897729
v 0.0122238845 -0.0998999998 0.0131022707
v 0.0119913081 -0.0993997827 0.0122331241
v 0.0118612377 -0.0965000018 0.0117507437
v 0.0108000003 -0.0965000018 0.0198099464
v 0.0110506658 -0.0993997827 0.0193766654
v 0.0115003139 -0.0998999998 0.0185979642
v 0.0115003139 -0.0998999998 0.0134020364
v 0.0108000003 -0.0965000018 0.0121900551
v 0.0110506658 -0.0993997827 0.0126233362
v 0.00988950673 -0.0965000018 0.0191104934
v 0.0102426782 -0.0993997827 0.0187573228
v 0.0108792484 -0.0998999998 0.0181207526
v 0.0102426782 -0.0993997827 0.0132426778
v 0.0108792484 -0.0998999998 0.0138792479
v 0.00988950673 -0.0965000018 0.0128895063
v 0.00919005554 -0.0965000018 0.0182000007
v 0.00962333661 -0.0993997827 0.0179493353
v 0.0104020359 -0.0998999998 0.0174996872
v 0.0104020359 -0.0998999998 0.0145003134
v 0.00962333661 -0.0993997827 0.0140506653
v 0.00919005554 -0.0965000018 0.0137999998
v 0.00875074416 -0.0965000018 0.0171387624
v 0.00923312455 -0.0993997827 0.017008692
v 0.0101022711 -0.0998999998 0.0167761166
v 0.0101022711 -0.0998999998 0.015223884
v 0.00923312455 -0.0993997827 0.0149913076
v 0.00875074416 -0.0965000018 0.0148612373
v 0.00860000029 -0.0965000018 0.0160000008
v 0.00910046976 -0.0993997827 0.0160000008
v 0.0100006266 -0.0998999998 0.0160000008
v 0.00120017619 -0.103992805 0.0216570012
v 1.12757026e-17 -0.103267863 0.0216570012
v 0.00120017619 -0.103933193 0.0212039892
v 0.00300000003 -0.103992805 0.0216570012
v 0.00120017619 -0.103992805 0.025342999
v 1.12757026e-17 -0.10323292 0.0213918053
v 1.12757026e-17 -0.103267863 0.025342999
v 1.12757026e-17 -0.103130825 0.0211449005
v 0.00120017619 -0.103758469 0.0207819268
v 0.00300000003 -0.103933193 0.0212039892
v 0.00300000003 -0.103992805 0.025342999
v 0.00120017619 -0.103933193 0.0257960111
v 1.12757026e-17 -0.10323292 0.025608195
v 1.12757026e-17 -0.102967747 0.0209324621
v 0.00300000003 -0.103758469 0.0207819268
v 0.00120017619 -0.103480272 0.0204196591
v 0.00300000003 -0.103933193 0.0257960111
v 0.00120017619 -0.103758469 0.0262180734
v 1.12757026e-17 -0.103130825 0.0258550998
v 1.12757026e-17 -0.102755338 0.0207692664
v 0.00300000003 -0.103480272 0.0204196591
v 0.00120017619 -0.103117809 0.0201418009
v 0.00300000003 -0.103758469 0.0262180734
v 1.12757026e-17 -0.102967747 0.0260675382
v 0.00120017619 -0.103480272 0.0265803412
v 1.12757026e-17 -0.102508321 0.020667268
v 0.00120017619 -0.102696061 0.019966647
v 0.00300000003 -0.103117809 0.0201418009
v 0.00300000003 -0.103480272 0.0265803412
v 1.12757026e-17 -0.102755338 0.0262307338
v 0.00120017619 -0.103117809 0.0268581994
v 1.12757026e-17 -0.102243148 0.0206320956
v 0.00120017619 -0.102243148 0.0199068543
v 0.00300000003 -0.102696061 0.019966647
v 0.00300000003 -0.103117809 0.0268581994
v 0.00120017619 -0.102696061 0.0270333532
v 1.12757026e-17 -0.102508321 0.0263327323
v 1.12757026e-17 -0.101977974 0.020667268
v 0.00120017619 -0.101790234 0.019966647
v 0.00300000003 -0.102243148 0.0199068543
v 0.00300000003 -0.102696061 0.0270333532
v 0.00120017619 -0.102243148 0.027093146
v 1.12757026e-17 -0.102243148 0.0263679046
v 1.12757026e-17 -0.101730958 0.0207692664
v 0.00120017619 -0.101368144 0.0201418009
v 0.00300000003 -0.101790234 0.019966647
v 0.00300000003 -0.102243148 0.027093146
v 0.00120017619 -0.101790234 0.0270333532
v 1.12757026e-17 -0.101977974 0.0263327323
v 1.12757026e-17 -0.101518549 0.0209324621
v 0.00120017619 -0.101006024 0.0204196591
v 0.00300000003 -0.101368144 0.0201418009
v 0.00300000003 -0.101790234 0.0270333532
v 0.00120017619 -0.101368144 0.0268581994
v 1.12757026e-17 -0.101730958 0.0262307338
v 0.00120017619 -0.100727826 0.0207819268
v 1.12757026e-17 -0.101355471 0.0211449005
v 0.00300000003 -0.101006024 0.0204196591
v 0.00300000003 -0.101368144 0.0268581994
v 0.00120017619 -0.101006024 0.0265803412
v 1.12757026e-17 -0.101518549 0.0260675382
v 0.00120017619 -0.100553103 0.0212039892
v 0.00300000003 -0.100727826 0.0207819268
v 1.12757026e-17 -0.101253375 0.0213918053
v 0.00300000003 -0.101006024 0.0265803412
v 0.00120017619 -0.100727826 0.0262180734
v 1.12757026e-17 -0.101355471 0.0258550998
v 0.00300000003 -0.100553103 0.0212039892
v 1.12757026e-17 -0.101218432 0.0216570012
v 0.00120017619 -0.100493491 0.0216570012
v 0.00300000003 -0.100727826 0.0262180734
v 0.00120017619 -0.100553103 0.0257960111
v 1.12757026e-17 -0.101253375 0.025608195
v 0.00300000003 -0.100493491 0.0216570012
v 1.12757026e-17 -0.101218432 0.025342999
v 0.00120017619 -0.100493491 0.025342999
v 0.00300000003 -0.100553103 0.0257960111
v 0.00300000003 -0.100493491 0.025342999
v 0.00300000003 -0.0655411705 0.00935376342
v 0.00300000003 -0.0658736303 0.00873844326
v 0.00299486099 -0.0644713342 0.00750508066
v 0.00150000001 -0.0655411705 0.00935376342
v 0.00300000003 -0.0676068515 0.007638996
v 0.00300000003 -0.0663503706 0.00822727941
v 0.00249990216 -0.0644707233 0.00749999983
v 0.00150000001 -0.0650481582 0.00849982724
v 0.00300000003 -0.0669407025 0.00785257015
v 0.00299486099 -0.0676068515 0.00750508066
v 0.00150000001 -0.0660658032 0.00849982724
v 0.00236100238 -0.0676068515 0.007638996
v 0.00249990216 -0.0676068515 0.00749999983
v 0.00249990216 -0.0572931468 0.0395000018
v 0.00299486099 -0.0572931468 0.0394949205
v 0.00236100238 -0.0572931468 0.0393610075
v 0.00150000001 -0.0588341951 0.0385001749
v 0.00249990216 -0.060429275 0.0395000018
v 0.00300000003 -0.0572931468 0.0393610075
v 0.00299486099 -0.0604286604 0.0394949205
v 0.00150000001 -0.0593588278 0.0376462378
v 0.00150000001 -0.0598518401 0.0385001749
v 0.00300000003 -0.0579592995 0.0391474292
v 0.00300000003 -0.0593588278 0.0376462378
v 0.00300000003 -0.059026368 0.0382615589
v 0.00300000003 -0.0585496239 0.0387727208
v 0.00300000003 -0.0593588278 0.00935376342
v 0.00150000001 -0.0593588278 0.00935376342
v 0.00299486099 -0.0604286604 0.00750508066
v 0.00300000003 -0.059026368 0.00873844326
v 0.00300000003 -0.0572931468 0.007638996
v 0.00236100238 -0.0572931468 0.007638996
v 0.00150000001 -0.0588341951 0.00849982724
v 0.00150000001 -0.0598518401 0.00849982724
v 0.00249990216 -0.060429275 0.00749999983
v 0.00299486099 -0.0572931468 0.00750508066
v 0.00300000003 -0.0579592995 0.00785257015
v 0.00300000003 -0.0585496239 0.00822727941
v 0.00249990216 -0.0572931468 0.00749999983
v 0.00249990216 -0.0644707233 0.0395000018
v 0.00299486099 -0.0644713342 0.0394949205
v 0.00150000001 -0.0650481582 0.0385001749
v 0.00249990216 -0.0676068515 0.0395000018
v 0.00299486099 -0.0676068515 0.0394949205
v 0.00300000003 -0.0676068515 0.0393610075
v 0.00300000003 -0.0669407025 0.0391474292
v 0.00300000003 -0.0663503706 0.0387727208
v 0.00300000003 -0.0658736303 0.0382615589
v 0.00300000003 -0.0655411705 0.0376462378
v 0.00150000001 -0.0655411705 0.0376462378
v 0.00150000001 -0.0660658032 0.0385001749
v 0.00236100238 -0.0676068515 0.0393610075
v 0.00300000003 -0.0200911723 0.00935376342
v 0.00300000003 -0.020423634 0.00873844326
v 0.00299588894 -0.019020725 0.00750217726
v 0.00150000001 -0.0200911723 0.00935376342
v 0.00300000003 -0.0221568551 0.007638996
v 0.00300000003 -0.0209003761 0.00822727941
v 0.00249990216 -0.019020725 0.00749999983
v 0.00150000001 -0.0195981581 0.00849982724
v 0.00300000003 -0.0214907043 0.00785257015
v 0.00299588894 -0.0221568551 0.00750217726
v 0.00150000001 -0.0206158049 0.00849982724
v 0.00236100238 -0.0221568551 0.007638996
v 0.00249990216 -0.0221568551 0.00749999983
v 0.00249990216 -0.0118431458 0.0395000018
v 0.00299588894 -0.0118431458 0.0394978225
v 0.00236100238 -0.0118431458 0.0393610075
v 0.00150000001 -0.013384195 0.0385001749
v 0.00249990216 -0.014979274 0.0395000018
v 0.00300000003 -0.0118431458 0.0393610075
v 0.00299588894 -0.014979274 0.0394978225
v 0.00150000001 -0.0139088277 0.0376462378
v 0.00150000001 -0.014401841 0.0385001749
v 0.00300000003 -0.0125092966 0.0391474292
v 0.00300000003 -0.0139088277 0.0376462378
v 0.00300000003 -0.013576366 0.0382615589
v 0.00300000003 -0.0130996229 0.0387727208
v 0.00249990216 -0.102743149 0.0395000018
v 0.00299588894 -0.102743149 0.0394978225
v 0.00236100238 -0.102743149 0.0393610075
v 0.00150000001 -0.104284197 0.0385001749
v 0.00249990216 -0.105879277 0.0395000018
v 0.00300000003 -0.102743149 0.0393610075
v 0.00299588894 -0.105879277 0.0394978225
v 0.00150000001 -0.10480883 0.0376462378
v 0.00150000001 -0.105301842 0.0385001749
v 0.00300000003 -0.103409298 0.0391474292
v 0.00300000003 -0.10480883 0.0376462378
v 0.00300000003 -0.10447637 0.0382615589
v 0.00300000003 -0.10399963 0.0387727208
v 0.00300000003 -0.110991172 0.00935376342
v 0.00300000003 -0.111323632 0.00873844326
v 0.00299588894 -0.109920725 0.00750217726
v 0.00150000001 -0.110991172 0.00935376342
v 0.00300000003 -0.113056853 0.007638996
v 0.00300000003 -0.111800373 0.00822727941
v 0.00249990216 -0.109920725 0.00749999983
v 0.00150000001 -0.11049816 0.00849982724
v 0.00300000003 -0.112390704 0.00785257015
v 0.00299588894 -0.113056853 0.00750217726
v 0.00150000001 -0.111515805 0.00849982724
v 0.00236100238 -0.113056853 0.007638996
v 0.00249990216 -0.113056853 0.00749999983
v 0.00300000003 -0.10480883 0.00935376342
v 0.00150000001 -0.10480883 0.00935376342
v 0.00299588894 -0.105879277 0.00750217726
v 0.00300000003 -0.10447637 0.00873844326
v 0.00300000003 -0.102743149 0.007638996
v 0.00236100238 -0.102743149 0.007638996
v 0.00150000001 -0.104284197 0.00849982724
v 0.00150000001 -0.105301842 0.00849982724
v 0.00249990216 -0.105879277 0.00749999983
v 0.00299588894 -0.102743149 0.00750217726
v 0.00300000003 -0.103409298 0.00785257015
v 0.00300000003 -0.10399963 0.00822727941
v 0.00249990216 -0.102743149 0.00749999983
v 0.00249990216 -0.109920725 0.0395000018
v 0.00299588894 -0.109920725 0.0394978225
v 0.00150000001 -0.11049816 0.0385001749
v 0.00249990216 -0.113056853 0.0395000018
v 0.00299588894 -0.113056853 0.0394978225
v 0.00300000003 -0.113056853 0.0393610075
v 0.00300000003 -0.112390704 0.0391474292
v 0.00300000003 -0.111800373 0.0387727208
v 0.00300000003 -0.111323632 0.0382615589
v 0.00300000003 -0.110991172 0.0376462378
v 0.00150000001 -0.110991172 0.0376462378
v 0.00150000001 -0.111515805 0.0385001749
v 0.00236100238 -0.113056853 0.0393610075
v 0.0129988575 -0.122365445 0.01535278
v 0.0136484588 -0.122365445 0.0160017628
v 0.0123492572 -0.122365445 0.0160017628
v 0.00779303117 -0.122298963 0.0101975333
v 0.00947116595 -0.122298963 0.00904600602
v 0.0113929007 -0.122298963 0.00837039948
v 0.013420647 -0.122298963 0.00821397826
v 0.0154213272 -0.122298963 0.00858672708
v 0.0169979613 -0.122298963 0.00930559915
v 0.0172573514 -0.122298963 0.00946867652
v 0.0188046638 -0.122298963 0.0107932659
v 0.019954998 -0.122298963 0.0124739623
v 0.0206316654 -0.122298963 0.0143942833
v 0.0207872987 -0.122298963 0.0164244324
v 0.0204128753 -0.122298963 0.0184246283
v 0.0195332076 -0.122298963 0.0202617459
v 0.018206941 -0.122298963 0.0218059905
v 0.0129988575 -0.122365445 0.0166507438
v 0.00521267345 -0.122298963 0.0155790914
v 0.00558709586 -0.122298963 0.0135788964
v 0.00646676356 -0.122298963 0.0117417779
v 0.00241578207 -0.122197784 0.0394982398
v 0.00100154744 -0.122197784 0.0380837917
v 0.00536830677 -0.122298963 0.0176092405
v 0.00100154744 -0.122197784 0.00891621038
v 0.00241578207 -0.122197784 0.00750176189
v 0.0134319253 -0.122099504 0.00801429152
v 0.0219985321 -0.119197294 0.00650000013
v 0.00305184931 -0.122197784 0.00750176189
v 0.0219150763 -0.119399637 0.00670301495
v 0.0227992553 -0.119399637 0.00758496486
v 0.023 -0.119197294 0.00750176189
v 0.0208278988 -0.122099504 0.0143510178
v 0.0209880434 -0.122099504 0.0164344162
v 0.0227992553 -0.119399637 0.0394150354
v 0.00635849638 -0.122197784 0.0365062654
v 0.0165288057 -0.122298963 0.0229575168
v 0.00634270767 -0.122197784 0.0365229063
v 0.00305184931 -0.122197784 0.0394982398
v 0.0162513722 -0.122298963 0.0230906419
v 0.00200075936 -0.121197619 0.0405000001
v 7.9899948e-08 -0.121197619 0.0384998061
v 7.9899948e-08 -0.121197619 0.00850019604
v 0.00200075936 -0.121197619 0.00650000013
v 0.00305184931 -0.121197619 0.00650000013
v 0.0219985321 -0.0966010764 0.00650000013
v 0.023 -0.0966010764 0.00750176189
v 0.023 -0.119197294 0.0394982398
v 0.0219985321 -0.119197294 0.0405000001
v 0.0219150763 -0.119399637 0.0402969867
v 0.00305184931 -0.121197619 0.0405000001
v 0.00200075936 -0.0946007445 0.0405000001
v 7.9899948e-08 -0.0946007445 0.0384998061
v -4.27756931e-05 -0.12065129 0.0159584973
v 7.9899948e-08 -0.0946007445 0.00850019604
v 0.00200075936 -0.0946007445 0.00650000013
v 0.0219150763 -0.0964016169 0.00670301495
v 0.0227992553 -0.0964016169 0.00758496486
v 0.00305184931 -0.0946007445 0.00650000013
v 0.012755258 -0.0938000306 0.00800430682
v 0.0147491703 -0.0938000306 0.00819400977
v 0.0147063145 -0.0936005786 0.00839036796
v 0.0207286533 -0.0936005786 0.0149534065
v 0.0209271424 -0.0938000306 0.0149267819
v 0.0209451877 -0.0938000306 0.0169303063
v 0.023 -0.0966010764 0.0394982398
v 0.0219985321 -0.0966010764 0.0405000001
v 0.00305184931 -0.0946007445 0.0405000001
v 0.00241578207 -0.0936005786 0.0394982398
v 0.00100154744 -0.0936005786 0.0380837917
v 0.00100154744 -0.0936005786 0.00891621038
v 0.00241578207 -0.0936005786 0.00750176189
v 0.0165423397 -0.0936005786 0.00905266218
v 0.0181528069 -0.0936034694 0.0101476116
v 0.0183738507 -0.0936034694 0.0103506269
v 0.0190911181 -0.0936034694 0.0111294053
v 0.0192738194 -0.0936034694 0.0113690291
v 0.0198647752 -0.0936005786 0.0123009011
v 0.0202256646 -0.0936005786 0.0130696949
v 0.00305184931 -0.0936005786 0.00750176189
v 0.0127620241 -0.0936005786 0.00820399355
v 0.0130259246 -0.0928345546 0.01535278
v 0.0131950919 -0.0928403363 0.0153361391
v 0.0136777805 -0.0928403363 0.0158619806
v 0.0136484588 -0.0928345546 0.0160283875
v 0.0207466986 -0.0936005786 0.0169070084
v 0.0227992553 -0.0964016169 0.0394150354
v 0.0219150763 -0.0964016169 0.0402969867
v 0.00305184931 -0.0936005786 0.0394982398
v 0.0129717914 -0.0928345546 0.0166507438
v 0.0123492572 -0.0928345546 0.0159751363
v 0.0123334685 -0.0928403363 0.0158054028
v 0.0128590129 -0.0928403363 0.0153228268
v 0.0132785467 -0.0928461179 0.015312843
v 0.0137995807 -0.0928634629 0.0156389978
v 0.0137093589 -0.0928461179 0.0157821067
v 0.0136642475 -0.0928403363 0.016198121
v 0.0202797968 -0.0936005786 0.0188007057
v 0.00635849638 -0.0936005786 0.0365062654
v 0.00634270767 -0.0936005786 0.0365229063
v 0.0193572752 -0.0936005786 0.020521339
v 0.0131387021 -0.0928403363 0.016680697
v 0.0136868032 -0.0928461179 0.0162813235
v 0.00300000003 -0.0139088277 0.00935376342
v 0.00150000001 -0.0139088277 0.00935376342
v 0.00299588894 -0.014979274 0.00750217726
v 0.00300000003 -0.013576366 0.00873844326
v 0.00300000003 -0.0118431458 0.007638996
v 0.00236100238 -0.0118431458 0.007638996
v 0.00150000001 -0.013384195 0.00849982724
v 0.00150000001 -0.014401841 0.00849982724
v 0.00249990216 -0.014979274 0.00749999983
v 0.00299588894 -0.0118431458 0.00750217726
v 0.00300000003 -0.0125092966 0.00785257015
v 0.00300000003 -0.0130996229 0.00822727941
v 0.00249990216 -0.0118431458 0.00749999983
v 0.00249990216 -0.019020725 0.0395000018
v 0.00299588894 -0.019020725 0.0394978225
v 0.00150000001 -0.0195981581 0.0385001749
v 0.00249990216 -0.0221568551 0.0395000018
v 0.00299588894 -0.0221568551 0.0394978225
v 0.00300000003 -0.0221568551 0.0393610075
v 0.00300000003 -0.0214907043 0.0391474292
v 0.00300000003 -0.0209003761 0.0387727208
v 0.00300000003 -0.020423634 0.0382615589
v 0.00300000003 -0.0200911723 0.0376462378
v 0.00150000001 -0.0200911723 0.0376462378
v 0.00150000001 -0.0206158049 0.0385001749
v 0.00236100238 -0.0221568551 0.0393610075
v 0.0129988575 -0.0314654447 0.01535278
v 0.0136484588 -0.0314654447 0.0160017628
v 0.0123492572 -0.0314654447 0.0160017628
v 0.00779303117 -0.0313989595 0.0101975333
v 0.00947116595 -0.0313989595 0.00904600602
v 0.0113929007 -0.0313989595 0.00837039948
v 0.013420647 -0.0313989595 0.00821397826
v 0.0154213272 -0.0313989595 0.00858672708
v 0.0169979613 -0.0313989595 0.00930559915
v 0.0172573514 -0.0313989595 0.00946867652
v 0.0188046638 -0.0313989595 0.0107932659
v 0.019954998 -0.0313989595 0.0124739623
v 0.0206316654 -0.0313989595 0.0143942833
v 0.0207872987 -0.0313989595 0.0164244324
v 0.0204128753 -0.0313989595 0.0184246283
v 0.0195332076 -0.0313989595 0.0202617459
v 0.018206941 -0.0313989595 0.0218059905
v 0.0129988575 -0.0314654447 0.0166507438
v 0.00521267345 -0.0313989595 0.0155790914
v 0.00558709586 -0.0313989595 0.0135788964
v 0.00646676356 -0.0313989595 0.0117417779
v 0.00241578207 -0.031297788 0.0394982398
v 0.00100154744 -0.031297788 0.0380837917
v 0.00536830677 -0.0313989595 0.0176092405
v 0.00100154744 -0.031297788 0.00891621038
v 0.00241578207 -0.031297788 0.00750176189
v 0.0134319253 -0.0311995056 0.00801429152
v 0.0219985321 -0.0282972921 0.00650000013
v 0.00305184931 -0.031297788 0.00750176189
v 0.0219150763 -0.0284996368 0.00670301495
v 0.0227992553 -0.0284996368 0.00758496486
v 0.023 -0.0282972921 0.00750176189
v 0.0208278988 -0.0311995056 0.0143510178
v 0.0209880434 -0.0311995056 0.0164344162
v 0.0227992553 -0.0284996368 0.0394150354
v 0.00635849638 -0.031297788 0.0365062654
v 0.0165288057 -0.0313989595 0.0229575168
v 0.00634270767 -0.031297788 0.0365229063
v 0.00305184931 -0.031297788 0.0394982398
v 0.0162513722 -0.0313989595 0.0230906419
v 0.00200075936 -0.0302976221 0.0405000001
v 7.9899948e-08 -0.0302976221 0.0384998061
v 7.9899948e-08 -0.0302976221 0.00850019604
v 0.00200075936 -0.0302976221 0.00650000013
v 0.00305184931 -0.0302976221 0.00650000013
v 0.0219985321 -0.00570107205 0.00650000013
v 0.023 -0.00570107205 0.00750176189
v 0.023 -0.0282972921 0.0394982398
v 0.0219985321 -0.0282972921 0.0405000001
v 0.0219150763 -0.0284996368 0.0402969867
v 0.00305184931 -0.0302976221 0.0405000001
v 0.00200075936 -0.00370074133 0.0405000001
v 7.9899948e-08 -0.00370074133 0.0384998061
v -4.27756931e-05 -0.00434824731 0.0159584973
v 7.9899948e-08 -0.00370074133 0.00850019604
v 0.00200075936 -0.00370074133 0.00650000013
v 0.0219150763 -0.00550161675 0.00670301495
v 0.0227992553 -0.00550161675 0.00758496486
v 0.00305184931 -0.00370074133 0.00650000013
v 0.012755258 -0.00290003093 0.00800430682
v 0.0147491703 -0.00290003093 0.00819400977
v 0.0147063145 -0.00270057609 0.00839036796
v 0.0207286533 -0.00270057609 0.0149534065
v 0.0209271424 -0.00290003093 0.0149267819
v 0.0209451877 -0.00290003093 0.0169303063
v 0.023 -0.00570107205 0.0394982398
v 0.0219985321 -0.00570107205 0.0405000001
v 0.00305184931 -0.00370074133 0.0405000001
v 0.00241578207 -0.00270057609 0.0394982398
v 0.00100154744 -0.00270057609 0.0380837917
v 0.00100154744 -0.00270057609 0.00891621038
v 0.00241578207 -0.00270057609 0.00750176189
v 0.0165423397 -0.00270057609 0.00905266218
v 0.0181528069 -0.00270346669 0.0101476116
v 0.0183738507 -0.00270346669 0.0103506269
v 0.0190911181 -0.00270346669 0.0111294053
v 0.0192738194 -0.00270346669 0.0113690291
v 0.0198647752 -0.00270057609 0.0123009011
v 0.0202256646 -0.00270057609 0.0130696949
v 0.00305184931 -0.00270057609 0.00750176189
v 0.0127620241 -0.00270057609 0.00820399355
v 0.0130259246 -0.0019345535 0.01535278
v 0.0131950919 -0.0019403348 0.0153361391
v 0.0136777805 -0.0019403348 0.0158619806
v 0.0136484588 -0.0019345535 0.0160283875
v 0.0207466986 -0.00270057609 0.0169070084
v 0.0227992553 -0.00550161675 0.0394150354
v 0.0219150763 -0.00550161675 0.0402969867
v 0.00305184931 -0.00270057609 0.0394982398
v 0.0129717914 -0.0019345535 0.0166507438
v 0.0123492572 -0.0019345535 0.0159751363
v 0.0123334685 -0.0019403348 0.0158054028
v 0.0128590129 -0.0019403348 0.0153228268
v 0.0132785467 -0.0019461161 0.015312843
v 0.0137995807 -0.00196346012 0.0156389978
v 0.0137093589 -0.0019461161 0.0157821067
v 0.0136642475 -0.0019403348 0.016198121
v 0.0202797968 -0.00270057609 0.0188007057
v 0.00635849638 -0.00270057609 0.0365062654
v 0.00634270767 -0.00270057609 0.0365229063
v 0.0193572752 -0.00270057609 0.020521339
v 0.0131387021 -0.0019403348 0.016680697
v 0.0136868032 -0.0019461161 0.0162813235
v 0.0129994126 -0.0769154429 0.01535278
v 0.0136478078 -0.0769154429 0.0160017628
v 0.0123487664 -0.0769154429 0.0160017628
v 0.00779199274 -0.0768489614 0.0101975333
v 0.00947151519 -0.0768489614 0.00904600602
v 0.011391934 -0.0768489614 0.00837039948
v 0.0134204188 -0.0768489614 0.00821397826
v 0.0154218869 -0.0768489614 0.00858672708
v 0.0169978458 -0.0768489614 0.00930559915
v 0.0172590055 -0.0768489614 0.00946867652
v 0.0188034456 -0.0768489614 0.0107932659
v 0.0199538954 -0.0768489614 0.0124739623
v 0.0206315592 -0.0768489614 0.0143942833
v 0.0207869038 -0.0768489614 0.0164244324
v 0.0204131752 -0.0768489614 0.0184246283
v 0.0195328891 -0.0768489614 0.0202617459
v 0.018209083 -0.0768489614 0.0218059905
v 0.0129994126 -0.0769154429 0.0166507438
v 0.00521192234 -0.0768489614 0.0155790914
v 0.00558790145 -0.0768489614 0.0135788964
v 0.00646593561 -0.0768489614 0.0117417779
v 0.00241572037 -0.0767477825 0.0394982398
v 0.00100185978 -0.0767477825 0.0380837917
v 0.00536951842 -0.0768489614 0.0176092405
v 0.00100185978 -0.0767477825 0.00891621038
v 0.00241572037 -0.0767477825 0.00750176189
v 0.0134316757 -0.0766495019 0.00801429152
v 0.021998141 -0.0737472922 0.00650000013
v 0.00305060693 -0.0767477825 0.00750176189
v 0.0219170917 -0.073949635 0.00670301495
v 0.0227996279 -0.073949635 0.00758496486
v 0.0208274275 -0.0766495019 0.0143510178
v 0.0209872741 -0.0766495019 0.0164344162
v 0.023 -0.0737472922 0.00750176189
v 0.0227996279 -0.073949635 0.0394150354
v 0.00635787006 -0.0767477825 0.0365062654
v 0.01652731 -0.0768489614 0.0229575168
v 0.00634211022 -0.0767477825 0.0365229063
v 0.00305060693 -0.0767477825 0.0394982398
v 0.0162526425 -0.0768489614 0.0230906419
v 0.00200146833 -0.0757476166 0.0405000001
v 3.46944695e-18 -0.0757476166 0.0384998061
v 3.46944695e-18 -0.0757476166 0.0160017628
v 2.25137046e-06 -0.0757476166 0.00850019604
v 0.00200146833 -0.0757476166 0.00650000013
v 0.00305060693 -0.0757476166 0.00650000013
v 0.021998141 -0.0511510707 0.00650000013
v 0.023 -0.0737472922 0.0394982398
v 0.023 -0.0511510707 0.00750176189
v 0.021998141 -0.0737472922 0.0405000001
v 0.0219170917 -0.073949635 0.0402969867
v 0.00305060693 -0.0757476166 0.0405000001
v 0.00200146833 -0.0491507389 0.0405000001
v 3.46944695e-18 -0.0491507389 0.0384998061
v 3.46944695e-18 -0.0687146634 0.0150099844
v 2.25137046e-06 -0.0491507389 0.00850019604
v 3.46944695e-18 -0.0684487298 0.0149767036
v 0.00200146833 -0.0491507389 0.00650000013
v 0.0219170917 -0.050951615 0.00670301495
v 0.0227996279 -0.050951615 0.00758496486
v 0.00305060693 -0.0491507389 0.00650000013
v 0.0127562648 -0.0483500287 0.00800430682
v 0.0147487279 -0.0483500287 0.00819400977
v 0.0147059513 -0.0481505767 0.00839036796
v 0.023 -0.0511510707 0.0394982398
v 0.0207283664 -0.0481505767 0.0149534065
v 0.0209264886 -0.0483500287 0.0149267819
v 0.0209444985 -0.0483500287 0.0169303063
v 0.021998141 -0.0511510707 0.0405000001
v 0.00305060693 -0.0491507389 0.0405000001
v 0.00241572037 -0.0481505767 0.0394982398
v 0.00100185978 -0.0481505767 0.0380837917
v 3.46944695e-18 -0.0491507389 0.0160017628
v 0.00100185978 -0.0481505767 0.00891621038
v 0.00241572037 -0.0481505767 0.00750176189
v 0.0161423255 -0.0481505767 0.00886296015
v 0.0165408179 -0.0481505767 0.00905266218
v 0.0181527995 -0.0481534675 0.0101476116
v 0.0183756854 -0.0481534675 0.0103506269
v 0.019091621 -0.0481534675 0.0111294053
v 0.0192739815 -0.0481534675 0.0113690291
v 0.0201385077 -0.0481505767 0.0128600234
v 0.0202263109 -0.0481505767 0.0130696949
v 0.00305060693 -0.0481505767 0.00750176189
v 0.0127630187 -0.0481505767 0.00820399355
v 0.0130264293 -0.0473845527 0.01535278
v 0.0131952818 -0.0473903343 0.0153361391
v 0.0227996279 -0.050951615 0.0394150354
v 0.0207463782 -0.0481505767 0.0169070084
v 0.0136770755 -0.0473903343 0.0158619806
v 0.0136478078 -0.0473845527 0.0160283875
v 0.0219170917 -0.050951615 0.0402969867
v 0.00305060693 -0.0481505767 0.0394982398
v 0.0129701449 -0.0473845527 0.0166507438
v 0.0123487664 -0.0473845527 0.0159751363
v 0.0123352585 -0.0473903343 0.0158054028
v 0.0128598278 -0.0473903343 0.0153228268
v 0.0132763311 -0.047396116 0.015312843
v 0.0137986494 -0.0474134609 0.0156389978
v 0.0137085943 -0.047396116 0.0157821067
v 0.00635787006 -0.0481505767 0.0365062654
v 0.00634211022 -0.0481505767 0.0365229063
v 0.0202803444 -0.0481505767 0.0188007057
v 0.0193572827 -0.0481505767 0.020521339
v 0.0136635667 -0.0473903343 0.016198121
v 0.0131389974 -0.0473903343 0.016680697
v 0.0136860805 -0.047396116 0.0162813235
v -0.0443780199 -0.0274666436 0.0123678781
v -0.045571994 -0.0271171592 0.0163328368
v -0.0432413034 -0.0258866586 0.0158488974
v -0.045562163 -0.0244510695 0.0135013843
v -0.0243635122 -0.0222716071 0.0217838176
v -0.0247186366 -0.0221686009 0.0213243924
v -0.0243458301 -0.0222945642 0.0210874919
v -0.0246177707 -0.0225889981 0.0215900801
v -0.0243329052 -0.0503608063 0.0182708949
v -0.0247750711 -0.0497675091 0.0180217214
v -0.0243255049 -0.0500691123 0.0177904628
v -0.0247663073 -0.0504497327 0.0178170837
v -0.024103146 -0.0266493987 0.014305749
v -0.0241006576 -0.0266417097 0.0143116256
v -0.0241049156 -0.0266047791 0.0142647494
v -0.024104869 -0.0265955534 0.0142716756
v -0.0243219566 -0.0468200259 0.00461581582
v -0.0246834941 -0.0466762334 0.00496744039
v -0.0246403608 -0.0465478078 0.0043807826
v -0.0243955217 -0.0463296697 0.00499203103
v -0.0242661666 -0.0230164807 0.00486912951
v -0.0244703554 -0.0224676002 0.00441833399
v -0.0247465316 -0.0226619355 0.0050245407
v -0.0242560804 -0.0223046187 0.00508141983
v -0.0279527549 -0.0194099396 0.0144702373
v -0.0279546641 -0.0194928925 0.0144735156
v -0.0278040096 -0.0194642153 0.0144755198
v -0.0279293805 -0.0194539092 0.0143454112
v -0.0733367801 -0.062989302 0.028354805
v -0.0717639253 -0.064144671 0.0258548129
v -0.0739789978 -0.0636439845 0.02335166
v -0.0274175983 -0.0528643802 0.0209783036
v -0.0269209482 -0.0529585145 0.0216534585
v -0.026573645 -0.0537026711 0.0209780298
v -0.0266716816 -0.0523106493 0.0207525715
v -0.026757583 -0.0525969416 0.00522326445
v -0.0272727255 -0.0533171073 0.00514872884
v -0.0271317642 -0.0525663868 0.00490117352
v -0.0267350078 -0.0533613041 0.0050050891
v -0.0379417948 -0.0526825897 0.00483790226
v -0.0394496545 -0.0517016761 0.00508585945
v -0.0380990654 -0.0516026206 0.00611975417
v -0.0374296531 -0.0515905395 0.00452950178
v -0.0389347896 -0.0516846031 0.0204970837
v -0.0392174087 -0.0521347038 0.0209459607
v -0.0389790498 -0.0515565872 0.0208802465
v -0.0394991897 -0.0517186299 0.0209210645
v -0.079687506 -0.0537353419 7.65906007e-05
v -0.0776088238 -0.10243693 0.0453080982
v -0.0354119204 -0.000572219957 0.000402591715
v -0.0793657899 -0.000671527931 0.0450785868
v -0.0788871497 -0.099689275 0.00432848651
v -0.0798601955 -0.0172921736 0.0119995158
v -0.0133758401 8.57111299e-05 0.0454464294
v -0.00695085898 0.000185562531 0.0134661011
v -0.0187125914 0.000173485605 0.0347407833
v -0.0327540897 0.000146972088 0.032768447
v -0.0157915093 -0.00038600454 0.000609202776
v -0.0739320889 -0.105095468 -4.78898583e-05
v -0.0663644001 -0.116821922 0.0140068382
v -0.0617586002 -0.117950842 0.000919586979
v -0.0559589565 -0.12073227 0.0101654772
v -0.0153487828 -0.125755429 0.0314347073
v -0.0647837445 -0.109774739 0.045734901
v -0.00155949965 -0.00232765637 0.0453756861
v 8.23460286e-05 -0.0104246642 0.0304073021
v -0.00106497761 -0.00336276274 0.0148757705
v -0.0158168525 -0.122663379 0.000352307048
v -0.0555807129 -0.103366561 -0.000148944076
v -0.00226731901 -0.124224856 0.0451299027
v 0.000103872619 -0.119467452 0.0173597634
v -0.00305693736 -0.122657619 0.0128538134
v -0.00743328687 -0.125750691 0.0159314126
v 0.000242219801 -0.115363814 0.0309653673
v 0.000418595737 -0.0174592696 0.0443412252
v -0.0357417986 -0.0535803959 0.0460000373
v -0.0166253094 -0.0609873347 -0.00010257063
v -0.0308495797 -0.0614019595 6.29697479e-06
v -0.0234470367 -0.0603808649 0.0459934734
v -0.0452147275 -0.0447663851 0.0459999964
v -0.00789828133 -0.0627090856 0.00810451712
v -1.5737176e-05 -0.0607897043 0.0163938589
v -0.0105414269 -0.0657215789 0.0460940897
v -1.84137189e-05 -0.0648978874 0.0360611789
v 3.61866523e-06 -0.0554026514 0.0307124294
v -6.71747985e-05 -0.048019357 0.0224740319
v -0.0636051968 -0.0470341928 4.43773661e-06
v -0.0793187171 -0.0458202399 0.045732215
v -0.0800209418 -0.0569558255 0.0312339645
v -0.0800131038 -0.0621192493 0.0166842472
v -0.0421444625 -0.000584924244 0.0457940586
v -0.0234825183 -0.0919993371 0.0459991358
v -0.048115436 1.09916073e-05 0.0301286243
v -0.00657135807 -0.0327832215 0.00944730174
v -0.0435395204 -0.118016645 0.0369337499
v -0.0558545552 -0.0759377852 0.0459993482
v -0.0283322204 -0.0248441696 0.0459999628
v -0.015734762 -0.0295437388 0.0460045747
v -0.0474103428 -0.084462516 0.046000015
v -0.0163968336 -0.0867524296 -1.50669075e-05
v -0.0577995591 -0.000952950795 0.0204464253
v -0.0482271872 -0.0886383951 -8.68504412e-06
v -0.0301584285 -0.0903540626 1.94229187e-06
v -0.03009752 -0.0309336688 -1.40563748e-06
v -0.0161999576 -0.0291100517 3.3963006e-06
v -0.0373375639 -0.117475808 0.0458419286
v -0.00922935084 -0.0917196795 0.00676264102
v -0.00921510067 -0.0951497182 0.0460246019
v -0.0610906743 -0.0254926924 0.0459999628
v -0.0657180995 -0.067235589 0.0459894426
v -0.0800065771 -0.0762522295 0.0190309025
v -0.000135319366 -0.0870739073 0.0455264933
v -0.0050206054 -0.0193923935 0.0459909067
v -0.000443662953 -0.0953709409 0.0154370945
v -0.0429544784 -0.0355832539 -9.78612206e-07
v -0.0533117801 -0.0338920653 -2.41894559e-05
v -1.30209874e-05 -0.0845174417 0.0330747887
v 2.3896022e-05 -0.0408144295 0.031674806
v -0.0705913976 -0.0719072074 -9.68759196e-06
v 7.66451849e-05 -0.0367868766 0.017147772
v -0.000804333133 -0.0785209388 0.0151402159
v -0.064397119 -0.088556312 -1.06809021e-05
v -0.0317596421 -0.121871017 0.000766619574
v -0.0397716016 -0.122566104 0.0162555352
v -0.0406020917 -0.0991875008 0.0459984131
v -0.0419925228 -0.0200292543 -7.54121629e-06
v -0.0644986257 -0.011876015 0.00738239288
v -0.080009371 -0.0194124188 0.0373261273
v -0.079992801 -0.0336936712 0.0333242528
v -0.0257041119 -0.108092785 -9.10613926e-06
v -0.0778079778 -0.101500347 0.028478764
v -0.079725787 -0.0967504904 0.0185435023
v -0.0360300951 -2.07773082e-05 0.0213676561
v -0.020454796 -3.55485099e-06 0.0238375217
v -0.0800012946 -0.0335082784 0.0191480499
v -0.0799884424 -0.0715172291 0.0325004458
v -0.0705509558 -0.111101232 0.0301847439
v -0.0738936365 -0.107074521 0.0164048336
v -0.0537800305 -0.115403324 0.0350093357
v -0.0263040885 -5.11506914e-05 0.0109280953
v -0.0598601662 -0.115773603 0.0262211375
v -0.072812587 -0.0612979569 0.0244869068
v -0.0798994303 -0.0352240764 0.0060105077
v -0.0266005807 -0.00082698412 0.0458897874
v -0.0592444353 -0.00065621495 0.04586697
v -0.00202520215 -0.000585965347 0.0288652144
v -0.01447435 -0.108268388 0.0460257307
v -0.0798872635 -0.00913713407 0.02689486
v -0.00634412654 -0.108922295 0.0096814651
v -0.0273744054 -0.0161065497 -7.89223395e-06
v -0.00886207167 -0.0158399213 0.00713084638
v -0.0626335219 -0.000235132553 0.0347859003
v -0.0563065782 -0.0227247048 0.000133360969
v -0.0668296441 -0.0362546667 0.000149125801
v -0.0799956769 -0.0225148518 0.0248475485
v -0.0683859289 -0.000990748173 0.0307084173
v -0.0141745731 -0.0466815345 0.00159704301
v -0.0242286511 -0.0460563488 -7.96799213e-05
v -0.014728047 -0.0758736506 0.00105012895
v -0.0579848439 -0.0949383751 0.0460001826
v -0.0160836168 -0.101452433 8.27871554e-05
v -0.038659703 -0.0752612874 4.37206808e-07
v -0.0244135633 -0.0753800794 -1.01599389e-05
v -0.0105339503 -0.0805082321 0.046055086
v -0.0282460395 -0.106674373 0.0459987968
v -0.0410053432 -0.0687985942 0.0460000746
v -0.0698276386 -0.0940957516 0.0459951647
v -0.0160240252 -0.0149574848 5.37616434e-05
v -0.0528953373 -0.0597057976 0.0460001118
v -0.0505762137 -0.113438629 0.0459389985
v -0.0355575494 -0.0831152648 0.0460000001
v -0.0222227871 -0.121675476 0.0458591096
v -0.0234294832 -0.124705136 0.0172319971
v -0.0456940532 -0.000259649125 0.0107343541
v -0.0313619152 -0.0383538231 0.0460000038
v -0.0689380392 -0.0813450813 0.0460049622
v -0.00983985886 -0.0521440171 0.0460912921
v -0.0450581722 -0.0292007755 0.0459999554
v -0.0505366996 -0.014014951 0.0460036993
v -0.0664745644 -0.011702464 0.0460128896
v -0.0682945773 -0.0561482832 0.0459921993
v -0.015984064 -0.0141539257 0.0460099913
v -0.0361484513 -0.0136726582 0.0460021421
v -0.0705531836 -0.0334522426 0.0459989235
v -0.00154285179 -0.124551378 0.025983613
v -3.5299443e-05 -0.0202138051 0.0163840987
v -0.0800054669 -0.0863489583 0.0119919321
v 8.15153398e-05 -0.105949998 0.0166759994
v -0.0553804748 -0.0741168559 -1.64096537e-06
v -0.0693292469 -0.00793905836 0.0186245963
v -0.0501420759 -0.0468818285 9.45642455e-07
v -0.000312835182 -0.10586755 0.0454433858
v -7.51963489e-06 -0.0258840006 0.0308092963
v -0.0800045207 -0.0487396233 0.0159480907
v -0.00087082549 -0.048769746 0.0149354506
v -0.0693359226 -0.024623014 0.00509772915
v -3.60280828e-05 -0.0722543746 0.0247987546
v -1.68535335e-05 -0.0994410738 0.0326653309
v -6.90632442e-05 -0.0898847729 0.0226087663
v -0.00048011099 -0.0356261581 0.045757547
v -9.9436902e-06 -0.0763353631 0.0385755375
v -0.0472398028 -0.119903125 0.000538607186
v -0.0465858914 -0.119778991 0.0256157946
v -0.0325435176 -0.122582912 0.0313671753
v -0.000114880939 -0.0717741176 0.0454487838
v -0.0183898285 -0.0455194153 0.0459975675
v -0.0240853652 -0.0745986849 0.0460003205
v -0.0798613802 -0.0870365649 6.45142063e-05
v -0.0792656168 -0.0205184296 0.0459585786
v -0.0801755935 -0.0837353468 0.0456473865
v -0.0796019584 -0.065809533 0.0458231084
v -0.0799750313 -0.0436229296 0.0293235816
v -0.0799453184 -0.0301854759 0.04569152
v -0.0600308739 -0.0418954194 0.0459999703
v -0.000101496131 -0.0543060228 0.0451872051
v -0.0503836609 -0.00668757083 0.00329092564
v -0.0619098358 -0.0592593439 -7.71752184e-07
v -0.0682592914 -0.114775777 0.00542186433
v -0.037392579 -0.0470666401 -4.87350417e-06
v -0.0394457765 -0.105327941 5.21488837e-05
v -0.0455056541 -0.0608623363 6.57716512e-08
v -0.0802712888 -0.0888163224 0.0297599249
v -0.079957217 -0.0723634511 0.000875163707
g 
f 3 1 2 5
f 4 1 3 6
f 2 1 4
f 5 2 4 6
f 6 3 5
f 9 7 8 11
f 10 7 9 13
f 8 7 10 14 18 22 26 30 34 38 42 46 50 52 48 44 40 36 32 28 24 20 16 12
f 11 8 12 15
f 13 9 11 15 19 23 27 31 35 39 43 47 51 54 53 49 45 41 37 33 29 25 21 17
f 14 10 13 17
f 15 12 16 19
f 18 14 17 21
f 19 16 20 23
f 22 18 21 25
f 23 20 24 27
f 26 22 25 29
f 27 24 28 31
f 30 26 29 33
f 31 28 32 35
f 34 30 33 37
f 35 32 36 39
f 38 34 37 41
f 39 36 40 43
f 42 38 41 45
f 43 40 44 47
f 46 42 45 49
f 47 44 48 51
f 50 46 49 53
f 51 48 52 54
f 52 50 53 54
f 57 55 56 59
f 58 55 57 61
f 56 55 58 62 66 70 74 78 82 86 90 94 98 100 96 92 88 84 80 76 72 68 64 60
f 59 56 60 63
f 61 57 59 63 67 71 75 79 83 87 91 95 99 102 101 97 93 89 85 81 77 73 69 65
f 62 58 61 65
f 63 60 64 67
f 66 62 65 69
f 67 64 68 71
f 70 66 69 73
f 71 68 72 75
f 74 70 73 77
f 75 72 76 79
f 78 74 77 81
f 79 76 80 83
f 82 78 81 85
f 83 80 84 87
f 86 82 85 89
f 87 84 88 91
f 90 86 89 93
f 91 88 92 95
f 94 90 93 97
f 95 92 96 99
f 98 94 97 101
f 99 96 100 102
f 100 98 101 102
f 105 103 104
f 106 103 105 109 113 117 121 125 129 133 137 141 145 149 150 146 142 138 134 130 126 122 118 114 110
f 107 103 106
f 104 103 107
f 105 104 108
f 108 104 107 111 115 119 123 127 131 135 139 143 147 151 148 144 140 136 132 128 124 120 116 112
f 109 105 108
f 111 106 110
f 107 106 111
f 109 108 112
f 113 109 112
f 115 110 114
f 111 110 115
f 113 112 116
f 117 113 116
f 119 114 118
f 115 114 119
f 117 116 120
f 121 117 120
f 123 118 122
f 119 118 123
f 121 120 124
f 125 121 124
f 127 122 126
f 123 122 127
f 125 124 128
f 129 125 128
f 131 126 130
f 127 126 131
f 129 128 132
f 133 129 132
f 131 130 134
f 135 131 134
f 133 132 136
f 137 133 136
f 135 134 138
f 139 135 138
f 137 136 140
f 141 137 140
f 139 138 142
f 143 139 142
f 141 140 144
f 145 141 144
f 143 142 146
f 147 143 146
f 145 144 148
f 149 145 148
f 147 146 150
f 151 147 150
f 149 148 151
f 150 149 151
f 154 152 153
f 155 152 154 161
f 156 152 155 162
f 153 152 156 158
f 154 153 157
f 157 153 158 164 170 176 182 188 194 200 206 212 218 224 226 220 214 207 201 195 189 183 177 171 165 159
f 160 154 159
f 161 154 160 166
f 159 154 157
f 162 155 161 166 172 179 185 191 197 203 209 215 219 225 229 228 222 216 210 204 198 192 186 180 174 168
f 163 156 162 168
f 158 156 163
f 164 158 163
f 160 159 165
f 167 160 165
f 166 160 167 172
f 169 163 168 174
f 170 163 169
f 164 163 170
f 167 165 171
f 172 167 173 179
f 173 167 171
f 175 169 174 180
f 176 169 175
f 170 169 176
f 178 171 177
f 173 171 178
f 179 173 178 185
f 181 175 180 186
f 182 175 181
f 176 175 182
f 178 177 183
f 185 178 184 191
f 184 178 183
f 187 181 186 192
f 182 181 187
f 188 182 187
f 190 183 189
f 184 183 190
f 191 184 190 197
f 193 187 192 198
f 194 187 193
f 188 187 194
f 190 189 195
f 196 190 195
f 197 190 196 203
f 199 193 198 204
f 194 193 199
f 200 194 199
f 202 195 201
f 196 195 202
f 203 196 202 209
f 205 199 204 210
f 206 199 205
f 200 199 206
f 208 201 207
f 202 201 208
f 209 202 208 215
f 211 205 210 216
f 206 205 211
f 212 206 211
f 208 207 213
f 213 207 214
f 215 208 213 219
f 212 211 217
f 217 211 216 222
f 218 212 217
f 220 213 214
f 221 213 220
f 219 213 221 225
f 223 217 222 228
f 218 217 223
f 224 218 223
f 221 220 226 227
f 225 221 227 229
f 226 223 227
f 224 223 226
f 227 223 228 229
f 232 230 231
f 233 230 232
f 234 230 233
f 235 230 234
f 231 230 235 244 250 256 262 268 274 279 286 292 298 299 293 287 281 275 269 263 257 251 245 236
f 232 231 236
f 233 232 237
f 238 232 236
f 239 232 238
f 237 232 239
f 241 233 240
f 234 233 241
f 240 233 237
f 242 234 241
f 243 234 242
f 244 234 243
f 235 234 244
f 246 236 245
f 238 236 246
f 240 237 239 247 253 259 265 271 277 283 289 295 301 296 290 285 278 272 266 260 254 248 242 241
f 239 238 246
f 247 239 246
f 249 242 248
f 243 242 249
f 244 243 249
f 250 244 249
f 246 245 251
f 252 246 251
f 253 246 252
f 247 246 253
f 249 248 254
f 255 249 254
f 256 249 255
f 250 249 256
f 258 251 257
f 252 251 258
f 253 252 258
f 259 253 258
f 261 254 260
f 255 254 261
f 256 255 261
f 262 256 261
f 258 257 263
f 264 258 263
f 259 258 264
f 265 259 264
f 267 260 266
f 261 260 267
f 268 261 267
f 262 261 268
f 270 263 269
f 264 263 270
f 271 264 270
f 265 264 271
f 267 266 272
f 273 267 272
f 268 267 273
f 274 268 273
f 270 269 275
f 276 270 275
f 277 270 276
f 271 270 277
f 273 272 278
f 274 273 279
f 280 273 278
f 279 273 280
f 282 275 281
f 276 275 282
f 277 276 282
f 283 277 282
f 280 278 284
f 284 278 285
f 284 279 280
f 286 279 284
f 282 281 287
f 288 282 287
f 289 282 288
f 283 282 289
f 290 284 285
f 291 284 290
f 292 284 291
f 286 284 292
f 294 287 293
f 288 287 294
f 289 288 294
f 295 289 294
f 297 290 296
f 291 290 297
f 292 291 297
f 298 292 297
f 294 293 299
f 300 294 299
f 295 294 300
f 301 295 300
f 297 296 300
f 300 296 301
f 299 297 300
f 298 297 299
f 304 302 303 306
f 305 302 304 308
f 303 302 305 309 313 317 321 325 329 333 337 341 345 347 343 339 335 331 327 323 319 315 311 307
f 306 303 307 310
f 308 304 306 310 314 318 322 326 330 334 338 342 346 349 348 344 340 336 332 328 324 320 316 312
f 309 305 308 312
f 310 307 311 314
f 313 309 312 316
f 314 311 315 318
f 317 313 316 320
f 318 315 319 322
f 321 317 320 324
f 322 319 323 326
f 325 321 324 328
f 326 323 327 330
f 329 325 328 332
f 330 327 331 334
f 333 329 332 336
f 334 331 335 338
f 337 333 336 340
f 338 335 339 342
f 341 337 340 344
f 342 339 343 346
f 345 341 344 348
f 346 343 347 349
f 347 345 348 349
f 352 350 351 354
f 353 350 352 356
f 351 350 353 357 361 365 369 373 377 381 385 389 393 395 391 387 383 379 375 371 367 363 359 355
f 354 351 355 358
f 356 352 354 358 362 366 370 374 378 382 386 390 394 397 396 392 388 384 380 376 372 368 364 360
f 357 353 356 360
f 358 355 359 362
f 361 357 360 364
f 362 359 363 366
f 365 361 364 368
f 366 363 367 370
f 369 365 368 372
f 370 367 371 374
f 373 369 372 376
f 374 371 375 378
f 377 373 376 380
f 378 375 379 382
f 381 377 380 384
f 382 379 383 386
f 385 381 384 388
f 386 383 387 390
f 389 385 388 392
f 390 387 391 394
f 393 389 392 396
f 394 391 395 397
f 395 393 396 397
f 400 398 399 402
f 401 398 400 403
f 399 398 401
f 402 399 401 403
f 403 400 402
f 406 404 405 408
f 407 404 406 410
f 405 404 407 411 415 419 423 427 431 435 439 443 447 449 445 441 437 433 429 425 421 417 413 409
f 408 405 409 412
f 410 406 408 412 416 420 424 428 432 436 440 444 448 451 450 446 442 438 434 430 426 422 418 414
f 411 407 410 414
f 412 409 413 416
f 415 411 414 418
f 416 413 417 420
f 419 415 418 422
f 420 417 421 424
f 423 419 422 426
f 424 421 425 428
f 427 423 426 430
f 428 425 429 432
f 431 427 430 434
f 432 429 433 436
f 435 431 434 438
f 436 433 437 440
f 439 435 438 442
f 440 437 441 444
f 443 439 442 446
f 444 441 445 448
f 447 443 446 450
f 448 445 449 451
f 449 447 450 451
f 454 452 453 456
f 455 452 454 458
f 453 452 455 459 463 467 471 475 479 483 487 491 495 497 493 489 485 481 477 473 469 465 461 457
f 456 453 457 460
f 458 454 456 460 464 468 472 476 480 484 488 492 496 499 498 494 490 486 482 478 474 470 466 462
f 459 455 458 462
f 460 457 461 464
f 463 459 462 466
f 464 461 465 468
f 467 463 466 470
f 468 465 469 472
f 471 467 470 474
f 472 469 473 476
f 475 471 474 478
f 476 473 477 480
f 479 475 478 482
f 480 477 481 484
f 483 479 482 486
f 484 481 485 488
f 487 483 486 490
f 488 485 489 492
f 491 487 490 494
f 492 489 493 496
f 495 491 494 498
f 496 493 497 499
f 497 495 498 499
f 502 500 501
f 503 500 502 506 510 514 518 522 526 530 534 538 542 546 547 543 539 535 531 527 523 519 515 511 507
f 504 500 503
f 501 500 504
f 502 501 505
f 505 501 504 508 512 516 520 524 528 532 536 540 544 548 545 541 537 533 529 525 521 517 513 509
f 506 502 505
f 508 503 507
f 504 503 508
f 506 505 509
f 510 506 509
f 512 507 511
f 508 507 512
f 510 509 513
f 514 510 513
f 516 511 515
f 512 511 516
f 514 513 517
f 518 514 517
f 520 515 519
f 516 515 520
f 518 517 521
f 522 518 521
f 524 519 523
f 520 519 524
f 522 521 525
f 526 522 525
f 528 523 527
f 524 523 528
f 526 525 529
f 530 526 529
f 528 527 531
f 532 528 531
f 530 529 533
f 534 530 533
f 532 531 535
f 536 532 535
f 534 533 537
f 538 534 537
f 536 535 539
f 540 536 539
f 538 537 541
f 542 538 541
f 540 539 543
f 544 540 543
f 542 541 545
f 546 542 545
f 544 543 547
f 548 544 547
f 546 545 548
f 547 546 548
f 551 549 550 553
f 552 549 551 555
f 550 549 552 556 560 564 568 572 576 580 584 588 592 594 590 586 582 578 574 570 566 562 558 554
f 553 550 554 557
f 555 551 553 557 561 565 569 573 577 581 585 589 593 596 595 591 587 583 579 575 571 567 563 559
f 556 552 555 559
f 557 554 558 561
f 560 556 559 563
f 561 558 562 565
f 564 560 563 567
f 565 562 566 569
f 568 564 567 571
f 569 566 570 573
f 572 568 571 575
f 573 570 574 577
f 576 572 575 579
f 577 574 578 581
f 580 576 579 583
f 581 578 582 585
f 584 580 583 587
f 585 582 586 589
f 588 584 587 591
f 589 586 590 593
f 592 588 591 595
f 593 590 594 596
f 594 592 595 596
f 599 597 598 601
f 600 597 599 603
f 598 597 600 604 608 612 616 620 624 628 632 636 640 642 638 634 630 626 622 618 614 610 606 602
f 601 598 602 605
f 603 599 601 605 609 613 617 621 625 629 633 637 641 644 643 639 635 631 627 623 619 615 611 607
f 604 600 603 607
f 605 602 606 609
f 608 604 607 611
f 609 606 610 613
f 612 608 611 615
f 613 610 614 617
f 616 612 615 619
f 617 614 618 621
f 620 616 619 623
f 621 618 622 625
f 624 620 623 627
f 625 622 626 629
f 628 624 627 631
f 629 626 630 633
f 632 628 631 635
f 633 630 634 637
f 636 632 635 639
f 637 634 638 641
f 640 636 639 643
f 641 638 642 644
f 642 640 643 644
f 647 645 646
f 648 645 647
f 649 645 648
f 650 645 649
f 646 645 650 659 665 671 677 683 689 694 701 707 713 714 708 702 696 690 684 678 672 666 660 651
f 647 646 651
f 648 647 652
f 653 647 651
f 654 647 653
f 652 647 654
f 655 648 652
f 656 648 655
f 649 648 656
f 657 649 656
f 658 649 657
f 659 649 658
f 650 649 659
f 661 651 660
f 653 651 661
f 655 652 654 662 668 674 680 686 692 698 704 710 716 711 705 700 693 687 681 675 669 663 657 656
f 654 653 661
f 662 654 661
f 664 657 663
f 658 657 664
f 659 658 664
f 665 659 664
f 661 660 666
f 667 661 666
f 668 661 667
f 662 661 668
f 664 663 669
f 670 664 669
f 671 664 670
f 665 664 671
f 673 666 672
f 667 666 673
f 668 667 673
f 674 668 673
f 676 669 675
f 670 669 676
f 671 670 676
f 677 671 676
f 673 672 678
f 679 673 678
f 674 673 679
f 680 674 679
f 682 675 681
f 676 675 682
f 683 676 682
f 677 676 683
f 685 678 684
f 679 678 685
f 686 679 685
f 680 679 686
f 682 681 687
f 688 682 687
f 683 682 688
f 689 683 688
f 685 684 690
f 691 685 690
f 692 685 691
f 686 685 692
f 688 687 693
f 689 688 694
f 695 688 693
f 694 688 695
f 697 690 696
f 691 690 697
f 692 691 697
f 698 692 697
f 695 693 699
f 699 693 700
f 699 694 695
f 701 694 699
f 697 696 702
f 703 697 702
f 704 697 703
f 698 697 704
f 705 699 700
f 706 699 705
f 707 699 706
f 701 699 707
f 709 702 708
f 703 702 709
f 704 703 709
f 710 704 709
f 712 705 711
f 706 705 712
f 707 706 712
f 713 707 712
f 709 708 714
f 715 709 714
f 710 709 715
f 716 710 715
f 715 711 716
f 712 711 715
f 714 712 715
f 713 712 714
f 719 717 718
f 720 717 719 724
f 721 717 720 727
f 718 717 721 723
f 719 718 722
f 722 718 723 729 735 741 747 753 759 765 771 777 783 789 791 785 780 774 767 761 755 749 743 737 731 725
f 725 719 722
f 726 719 725
f 724 719 726 730
f 727 720 724 730 736 742 748 754 760 766 772 778 784 790 794 793 787 781 775 769 763 757 751 745 739 733
f 728 721 727 733
f 723 721 728
f 729 723 728
f 726 725 731
f 732 726 731
f 730 726 732 736
f 734 728 733 739
f 735 728 734
f 729 728 735
f 732 731 737
f 736 732 738 742
f 738 732 737
f 740 734 739 745
f 741 734 740
f 735 734 741
f 744 737 743
f 738 737 744
f 742 738 744 748
f 746 740 745 751
f 747 740 746
f 741 740 747
f 744 743 749
f 748 744 750 754
f 750 744 749
f 752 746 751 757
f 747 746 752
f 753 747 752
f 756 749 755
f 750 749 756
f 754 750 756 760
f 758 752 757 763
f 759 752 758
f 753 752 759
f 756 755 761
f 762 756 761
f 760 756 762 766
f 764 758 763 769
f 759 758 764
f 765 759 764
f 768 761 767
f 762 761 768
f 766 762 768 772
f 770 764 769 775
f 771 764 770
f 765 764 771
f 768 767 773
f 773 767 774
f 772 768 773 778
f 776 770 775 781
f 771 770 776
f 777 771 776
f 779 773 774
f 778 773 779 784
f 779 774 780
f 777 776 782
f 782 776 781 787
f 783 777 782
f 785 779 780
f 786 779 785
f 784 779 786 790
f 788 782 787 793
f 783 782 788
f 789 783 788
f 786 785 791 792
f 790 786 792 794
f 791 788 792
f 789 788 791
f 792 788 793 794
f 797 795 796
f 798 795 797 801 805 809 813 817 821 825 829 833 837 841 842 838 834 830 826 822 818 814 810 806 802
f 799 795 798
f 796 795 799
f 797 796 800
f 800 796 799 803 807 811 815 819 823 827 831 835 839 843 840 836 832 828 824 820 816 812 808 804
f 801 797 800
f 803 798 802
f 799 798 803
f 801 800 804
f 805 801 804
f 807 802 806
f 803 802 807
f 805 804 808
f 809 805 808
f 811 806 810
f 807 806 811
f 809 808 812
f 813 809 812
f 815 810 814
f 811 810 815
f 813 812 816
f 817 813 816
f 819 814 818
f 815 814 819
f 817 816 820
f 821 817 820
f 823 818 822
f 819 818 823
f 821 820 824
f 825 821 824
f 823 822 826
f 827 823 826
f 825 824 828
f 829 825 828
f 827 826 830
f 831 827 830
f 829 828 832
f 833 829 832
f 831 830 834
f 835 831 834
f 833 832 836
f 837 833 836
f 835 834 838
f 839 835 838
f 837 836 840
f 841 837 840
f 839 838 842
f 843 839 842
f 841 840 843
f 842 841 843
f 846 844 845 848
f 847 844 846 850
f 845 844 847 851 855 859 863 867 871 875 879 883 887 889 885 881 877 873 869 865 861 857 853 849
f 848 845 849 852
f 850 846 848 852 856 860 864 868 872 876 880 884 888 891 890 886 882 878 874 870 866 862 858 854
f 851 847 850 854
f 852 849 853 856
f 855 851 854 858
f 856 853 857 860
f 859 855 858 862
f 860 857 861 864
f 863 859 862 866
f 864 861 865 868
f 867 863 866 870
f 868 865 869 872
f 871 867 870 874
f 872 869 873 876
f 875 871 874 878
f 876 873 877 880
f 879 875 878 882
f 880 877 881 884
f 883 879 882 886
f 884 881 885 888
f 887 883 886 890
f 888 885 889 891
f 889 887 890 891
f 894 892 893 896
f 895 892 894 898
f 893 892 895 899 903 907 911 915 919 923 927 931 935 937 933 929 925 921 917 913 909 905 901 897
f 896 893 897 900
f 898 894 896 900 904 908 912 916 920 924 928 932 936 939 938 934 930 926 922 918 914 910 906 902
f 899 895 898 902
f 900 897 901 904
f 903 899 902 906
f 904 901 905 908
f 907 903 906 910
f 908 905 909 912
f 911 907 910 914
f 912 909 913 916
f 915 911 914 918
f 916 913 917 920
f 919 915 918 922
f 920 917 921 924
f 923 919 922 926
f 924 921 925 928
f 927 923 926 930
f 928 925 929 932
f 931 927 930 934
f 932 929 933 936
f 935 931 934 938
f 936 933 937 939
f 937 935 938 939
f 942 940 941 944
f 943 940 942 945
f 941 940 943
f 944 941 943 945
f 945 942 944
f 948 946 947 950
f 949 946 948 952
f 947 946 949 953 957 961 965 969 973 977 981 985 989 991 987 983 979 975 971 967 963 959 955 951
f 950 947 951 954
f 952 948 950 954 958 962 966 970 974 978 982 986 990 993 992 988 984 980 976 972 968 964 960 956
f 953 949 952 956
f 954 951 955 958
f 957 953 956 960
f 958 955 959 962
f 961 957 960 964
f 962 959 963 966
f 965 961 964 968
f 966 963 967 970
f 969 965 968 972
f 970 967 971 974
f 973 969 972 976
f 974 971 975 978
f 977 973 976 980
f 978 975 979 982
f 981 977 980 984
f 982 979 983 986
f 985 981 984 988
f 986 983 987 990
f 989 985 988 992
f 990 987 991 993
f 991 989 992 993
f 996 994 995 998
f 997 994 996 1000
f 995 994 997 1001 1005 1009 1013 1017 1021 1025 1029 1033 1037 1039 1035 1031 1027 1023 1019 1015 1011 1007 1003 999
f 998 995 999 1002
f 1000 996 998 1002 1006 1010 1014 1018 1022 1026 1030 1034 1038 1041 1040 1036 1032 1028 1024 1020 1016 1012 1008 1004
f 1001 997 1000 1004
f 1002 999 1003 1006
f 1005 1001 1004 1008
f 1006 1003 1007 1010
f 1009 1005 1008 1012
f 1010 1007 1011 1014
f 1013 1009 1012 1016
f 1014 1011 1015 1018
f 1017 1013 1016 1020
f 1018 1015 1019 1022
f 1021 1017 1020 1024
f 1022 1019 1023 1026
f 1025 1021 1024 1028
f 1026 1023 1027 1030
f 1029 1025 1028 1032
f 1030 1027 1031 1034
f 1033 1029 1032 1036
f 1034 1031 1035 1038
f 1037 1033 1036 1040
f 1038 1035 1039 1041
f 1039 1037 1040 1041
f 1044 1042 1043
f 1045 1042 1044
f 1046 1042 1045
f 1047 1042 1046
f 1043 1042 1047 1056 1062 1068 1074 1080 1086 1091 1098 1104 1110 1111 1105 1099 1093 1087 1081 1075 1069 1063 1057 1048
f 1044 1043 1048
f 1045 1044 1049
f 1050 1044 1048
f 1051 1044 1050
f 1049 1044 1051
f 1052 1045 1049
f 1053 1045 1052
f 1046 1045 1053
f 1054 1046 1053
f 1055 1046 1054
f 1056 1046 1055
f 1047 1046 1056
f 1058 1048 1057
f 1050 1048 1058
f 1052 1049 1051 1059 1065 1071 1077 1083 1089 1095 1101 1107 1113 1108 1102 1097 1090 1084 1078 1072 1066 1060 1054 1053
f 1051 1050 1058
f 1059 1051 1058
f 1061 1054 1060
f 1055 1054 1061
f 1056 1055 1061
f 1062 1056 1061
f 1058 1057 1063
f 1064 1058 1063
f 1065 1058 1064
f 1059 1058 1065
f 1061 1060 1066
f 1067 1061 1066
f 1068 1061 1067
f 1062 1061 1068
f 1070 1063 1069
f 1064 1063 1070
f 1065 1064 1070
f 1071 1065 1070
f 1073 1066 1072
f 1067 1066 1073
f 1068 1067 1073
f 1074 1068 1073
f 1070 1069 1075
f 1076 1070 1075
f 1071 1070 1076
f 1077 1071 1076
f 1079 1072 1078
f 1073 1072 1079
f 1080 1073 1079
f 1074 1073 1080
f 1082 1075 1081
f 1076 1075 1082
f 1083 1076 1082
f 1077 1076 1083
f 1079 1078 1084
f 1085 1079 1084
f 1080 1079 1085
f 1086 1080 1085
f 1082 1081 1087
f 1088 1082 1087
f 1089 1082 1088
f 1083 1082 1089
f 1085 1084 1090
f 1086 1085 1091
f 1092 1085 1090
f 1091 1085 1092
f 1094 1087 1093
f 1088 1087 1094
f 1089 1088 1094
f 1095 1089 1094
f 1092 1090 1096
f 1096 1090 1097
f 1096 1091 1092
f 1098 1091 1096
f 1094 1093 1099
f 1100 1094 1099
f 1101 1094 1100
f 1095 1094 1101
f 1102 1096 1097
f 1103 1096 1102
f 1104 1096 1103
f 1098 1096 1104
f 1106 1099 1105
f 1100 1099 1106
f 1101 1100 1106
f 1107 1101 1106
f 1109 1102 1108
f 1103 1102 1109
f 1104 1103 1109
f 1110 1104 1109
f 1106 1105 1111
f 1112 1106 1111
f 1107 1106 1112
f 1113 1107 1112
f 1109 1108 1112
f 1112 1108 1113
f 1111 1109 1112
f 1110 1109 1111
f 1116 1114 1115
f 1117 1114 1116 1123
f 1118 1114 1117 1124
f 1115 1114 1118 1120
f 1116 1115 1119
f 1119 1115 1120 1126 1132 1137 1143 1150 1156 1162 1168 1174 1180 1186 1188 1182 1177 1170 1163 1157 1151 1145 1139 1133 1127 1121
f 1122 1116 1121
f 1123 1116 1122 1128
f 1121 1116 1119
f 1124 1117 1123 1128 1134 1141 1147 1153 1159 1165 1171 1176 1181 1187 1191 1190 1184 1178 1172 1166 1160 1154 1148 1142 1136 1130
f 1125 1118 1124 1130
f 1120 1118 1125
f 1126 1120 1125
f 1122 1121 1127
f 1129 1122 1127
f 1128 1122 1129 1134
f 1131 1125 1130 1136
f 1132 1125 1131
f 1126 1125 1132
f 1129 1127 1133
f 1135 1129 1133
f 1134 1129 1135 1141
f 1132 1131 1137
f 1138 1131 1136 1142
f 1137 1131 1138
f 1140 1133 1139
f 1135 1133 1140
f 1141 1135 1140 1147
f 1143 1137 1138
f 1144 1138 1142 1148
f 1143 1138 1144
f 1140 1139 1145
f 1147 1140 1146 1153
f 1146 1140 1145
f 1149 1143 1144
f 1150 1143 1149
f 1149 1144 1148 1154
f 1152 1145 1151
f 1146 1145 1152
f 1153 1146 1152 1159
f 1155 1149 1154 1160
f 1156 1149 1155
f 1150 1149 1156
f 1152 1151 1157
f 1158 1152 1157
f 1159 1152 1158 1165
f 1161 1155 1160 1166
f 1156 1155 1161
f 1162 1156 1161
f 1164 1157 1163
f 1158 1157 1164
f 1165 1158 1164 1171
f 1167 1161 1166 1172
f 1168 1161 1167
f 1162 1161 1168
f 1164 1163 1169
f 1169 1163 1170
f 1171 1164 1169 1176
f 1173 1167 1172 1178
f 1168 1167 1173
f 1174 1168 1173
f 1175 1169 1170
f 1176 1169 1175 1181
f 1175 1170 1177
f 1174 1173 1179
f 1179 1173 1178 1184
f 1180 1174 1179
f 1182 1175 1177
f 1183 1175 1182
f 1181 1175 1183 1187
f 1185 1179 1184 1190
f 1180 1179 1185
f 1186 1180 1185
f 1183 1182 1188 1189
f 1187 1183 1189 1191
f 1188 1185 1189
f 1186 1185 1188
f 1189 1185 1190 1191
f 1194 1192 1193
f 1195 1192 1194
f 1196 1192 1195 1203
f 1193 1192 1196 1200 1197
f 1194 1193 1197
f 1199 1194 1198
f 1195 1194 1199
f 1200 1194 1197
f 1196 1194 1200
f 1201 1194 1196
f 1198 1194 1201 1204
f 1202 1195 1199
f 1203 1195 1202
f 1201 1196 1203 1204
f 1199 1198 1204 1202
f 1203 1202 1204
f 1207 1205 1206 1210
f 1208 1205 1207
f 1209 1205 1208 1213
f 1206 1205 1209 1211
f 1210 1206 1211
f 1212 1207 1210 1215
f 1208 1207 1212
f 1213 1208 1212
f 1211 1209 1213
f 1214 1210 1211
f 1215 1210 1214 1217 1216
f 1212 1211 1213
f 1215 1211 1212
f 1216 1211 1215
f 1217 1211 1216
f 1214 1211 1217
f 1220 1218 1219
f 1221 1218 1220
f 1222 1218 1221 1229 1228
f 1219 1218 1222 1223
f 1224 1219 1223
f 1225 1219 1224
f 1220 1219 1225
f 1226 1220 1225
f 1227 1220 1226 1230
f 1222 1220 1227
f 1228 1220 1222
f 1229 1220 1228
f 1221 1220 1229
f 1223 1222 1227 1230
f 1224 1223 1230
f 1225 1224 1230 1226
f 1233 1231 1232
f 1234 1231 1233 1242
f 1232 1231 1234 1235
f 1236 1232 1235
f 1237 1232 1236
f 1238 1232 1237
f 1239 1232 1238
f 1240 1232 1239
f 1241 1232 1240
f 1233 1232 1241
f 1242 1233 1241
f 1235 1234 1243 1236
f 1243 1234 1242
f 1237 1236 1240 1239 1238
f 1240 1236 1243 1241
f 1242 1241 1243
f 1246 1244 1245
f 1247 1244 1246
f 1248 1244 1247 1255
f 1245 1244 1248 1252 1249
f 1246 1245 1249
f 1251 1246 1250
f 1247 1246 1251
f 1252 1246 1249
f 1248 1246 1252
f 1253 1246 1248
f 1250 1246 1253 1256
f 1254 1247 1251
f 1255 1247 1254
f 1253 1248 1255 1256
f 1251 1250 1256 1254
f 1255 1254 1256
f 1259 1257 1258 1262
f 1260 1257 1259
f 1261 1257 1260 1265
f 1258 1257 1261 1263
f 1262 1258 1263
f 1264 1259 1262 1267
f 1260 1259 1264
f 1265 1260 1264
f 1263 1261 1265
f 1266 1262 1263
f 1267 1262 1266 1269 1268
f 1264 1263 1265
f 1267 1263 1264
f 1268 1263 1267
f 1269 1263 1268
f 1266 1263 1269
f 1272 1270 1271 1275
f 1273 1270 1272
f 1274 1270 1273 1278
f 1271 1270 1274 1276
f 1275 1271 1276
f 1277 1272 1275 1280
f 1273 1272 1277
f 1278 1273 1277
f 1276 1274 1278
f 1279 1275 1276
f 1280 1275 1279 1282 1281
f 1277 1276 1278
f 1280 1276 1277
f 1281 1276 1280
f 1282 1276 1281
f 1279 1276 1282
f 1285 1283 1284
f 1286 1283 1285
f 1287 1283 1286 1294
f 1284 1283 1287 1291 1288
f 1285 1284 1288
f 1290 1285 1289
f 1286 1285 1290
f 1291 1285 1288
f 1287 1285 1291
f 1292 1285 1287
f 1289 1285 1292 1295
f 1293 1286 1290
f 1294 1286 1293
f 1292 1287 1294 1295
f 1290 1289 1295 1293
f 1294 1293 1295
f 1298 1296 1297
f 1299 1296 1298
f 1300 1296 1299 1307 1306
f 1297 1296 1300 1301
f 1302 1297 1301
f 1303 1297 1302
f 1298 1297 1303
f 1304 1298 1303
f 1305 1298 1304 1308
f 1300 1298 1305
f 1306 1298 1300
f 1307 1298 1306
f 1299 1298 1307
f 1301 1300 1305 1308
f 1302 1301 1308
f 1303 1302 1308 1304
f 1311 1309 1310
f 1312 1309 1311 1320
f 1310 1309 1312 1313
f 1314 1310 1313
f 1315 1310 1314
f 1316 1310 1315
f 1317 1310 1316
f 1318 1310 1317
f 1319 1310 1318
f 1311 1310 1319
f 1320 1311 1319
f 1313 1312 1321 1314
f 1321 1312 1320
f 1315 1314 1318 1317 1316
f 1318 1314 1321 1319
f 1320 1319 1321
f 1324 1322 1323 1339
f 1325 1322 1324
f 1326 1322 1325
f 1327 1322 1326
f 1328 1322 1327
f 1329 1322 1328
f 1330 1322 1329
f 1331 1322 1330
f 1332 1322 1331
f 1323 1322 1332
f 1333 1323 1332
f 1334 1323 1333
f 1335 1323 1334
f 1336 1323 1335
f 1337 1323 1336
f 1338 1323 1337
f 1339 1323 1338
f 1341 1324 1340
f 1342 1324 1341
f 1325 1324 1342
f 1343 1324 1339
f 1344 1324 1343
f 1345 1324 1344
f 1340 1324 1345
f 1347 1325 1346
f 1326 1325 1347
f 1346 1325 1342
f 1327 1326 1347
f 1328 1327 1347
f 1349 1328 1348
f 1329 1328 1349
f 1350 1328 1347
f 1348 1328 1350
f 1351 1329 1349
f 1330 1329 1351
f 1331 1330 1351
f 1332 1331 1351
f 1352 1332 1351
f 1333 1332 1352
f 1334 1333 1352
f 1353 1334 1352
f 1354 1334 1353
f 1355 1334 1354
f 1335 1334 1355
f 1356 1335 1355
f 1336 1335 1356
f 1337 1336 1356
f 1357 1337 1356
f 1338 1337 1357
f 1339 1338 1358
f 1359 1338 1357
f 1360 1338 1359
f 1358 1338 1360
f 1361 1339 1358
f 1360 1339 1361
f 1343 1339 1360
f 1344 1340 1345
f 1346 1340 1344
f 1341 1340 1346
f 1342 1341 1346
f 1362 1343 1360 1372
f 1363 1343 1362
f 1344 1343 1363
f 1346 1344 1363 1364
f 1347 1346 1364
f 1365 1347 1364
f 1350 1347 1365 1366
f 1366 1348 1350
f 1349 1348 1366
f 1367 1349 1366 1365 1377 1380
f 1353 1349 1367 1368
f 1352 1349 1353
f 1351 1349 1352
f 1354 1353 1355
f 1369 1353 1368 1387
f 1355 1353 1369
f 1356 1355 1369
f 1370 1356 1369
f 1371 1356 1370
f 1359 1356 1371
f 1357 1356 1359
f 1361 1358 1360
f 1360 1359 1371
f 1370 1360 1371
f 1372 1360 1370
f 1373 1362 1372 1370 1388 1389
f 1363 1362 1373 1374
f 1375 1363 1374
f 1364 1363 1375
f 1376 1364 1375
f 1365 1364 1376 1377
f 1379 1367 1378
f 1368 1367 1379
f 1381 1367 1380
f 1382 1367 1381
f 1383 1367 1382
f 1378 1367 1383
f 1384 1368 1379
f 1385 1368 1384
f 1386 1368 1385
f 1387 1368 1386
f 1370 1369 1387 1388
f 1390 1373 1389 1410
f 1374 1373 1390
f 1391 1374 1390
f 1376 1374 1391 1392
f 1375 1374 1376
f 1393 1376 1392
f 1377 1376 1393
f 1380 1377 1393 1401
f 1394 1378 1383
f 1395 1378 1394
f 1396 1378 1395
f 1379 1378 1396
f 1397 1379 1396
f 1398 1379 1397
f 1399 1379 1398
f 1400 1379 1399
f 1384 1379 1400
f 1402 1380 1401
f 1381 1380 1402
f 1382 1381 1402
f 1383 1382 1402
f 1403 1383 1402
f 1404 1383 1403
f 1394 1383 1404
f 1406 1384 1405
f 1407 1384 1406
f 1385 1384 1407
f 1405 1384 1400
f 1386 1385 1407
f 1387 1386 1407
f 1388 1387 1408
f 1408 1387 1407
f 1410 1388 1409
f 1389 1388 1410
f 1409 1388 1408
f 1391 1390 1411
f 1411 1390 1410
f 1412 1391 1411
f 1392 1391 1412
f 1413 1392 1412
f 1393 1392 1413
f 1414 1393 1413
f 1403 1393 1414
f 1401 1393 1403
f 1415 1394 1404
f 1395 1394 1415
f 1396 1395 1415
f 1397 1396 1415
f 1416 1397 1415
f 1417 1397 1416
f 1398 1397 1417
f 1399 1398 1417
f 1400 1399 1417
f 1405 1400 1417
f 1402 1401 1403
f 1413 1403 1414
f 1412 1403 1413
f 1406 1403 1412 1411
f 1404 1403 1406
f 1405 1404 1406
f 1417 1404 1405
f 1415 1404 1417
f 1407 1406 1418
f 1418 1406 1411
f 1419 1407 1418
f 1408 1407 1419
f 1421 1408 1420
f 1409 1408 1421
f 1422 1408 1419
f 1420 1408 1422
f 1410 1409 1421
f 1423 1410 1421
f 1411 1410 1423
f 1418 1411 1423
f 1416 1415 1417
f 1419 1418 1424
f 1424 1418 1423
f 1422 1419 1424
f 1424 1420 1422
f 1421 1420 1424
f 1423 1421 1424
f 1427 1425 1426
f 1428 1425 1427
f 1429 1425 1428 1436 1435
f 1426 1425 1429 1430
f 1431 1426 1430
f 1432 1426 1431
f 1427 1426 1432
f 1433 1427 1432
f 1434 1427 1433 1437
f 1429 1427 1434
f 1435 1427 1429
f 1436 1427 1435
f 1428 1427 1436
f 1430 1429 1434 1437
f 1431 1430 1437
f 1432 1431 1437 1433
f 1440 1438 1439
f 1441 1438 1440 1449
f 1439 1438 1441 1442
f 1443 1439 1442
f 1444 1439 1443
f 1445 1439 1444
f 1446 1439 1445
f 1447 1439 1446
f 1448 1439 1447
f 1440 1439 1448
f 1449 1440 1448
f 1442 1441 1450 1443
f 1450 1441 1449
f 1444 1443 1447 1446 1445
f 1447 1443 1450 1448
f 1449 1448 1450
f 1453 1451 1452 1468
f 1454 1451 1453
f 1455 1451 1454
f 1456 1451 1455
f 1457 1451 1456
f 1458 1451 1457
f 1459 1451 1458
f 1460 1451 1459
f 1461 1451 1460
f 1452 1451 1461
f 1462 1452 1461
f 1463 1452 1462
f 1464 1452 1463
f 1465 1452 1464
f 1466 1452 1465
f 1467 1452 1466
f 1468 1452 1467
f 1470 1453 1469
f 1471 1453 1470
f 1454 1453 1471
f 1472 1453 1468
f 1473 1453 1472
f 1474 1453 1473
f 1469 1453 1474
f 1476 1454 1475
f 1455 1454 1476
f 1475 1454 1471
f 1456 1455 1476
f 1457 1456 1476
f 1478 1457 1477
f 1458 1457 1478
f 1479 1457 1476
f 1477 1457 1479
f 1480 1458 1478
f 1459 1458 1480
f 1460 1459 1480
f 1461 1460 1480
f 1481 1461 1480
f 1462 1461 1481
f 1463 1462 1481
f 1482 1463 1481
f 1483 1463 1482
f 1484 1463 1483
f 1464 1463 1484
f 1485 1464 1484
f 1465 1464 1485
f 1466 1465 1485
f 1486 1466 1485
f 1467 1466 1486
f 1468 1467 1487
f 1488 1467 1486
f 1489 1467 1488
f 1487 1467 1489
f 1490 1468 1487
f 1489 1468 1490
f 1472 1468 1489
f 1473 1469 1474
f 1475 1469 1473
f 1470 1469 1475
f 1471 1470 1475
f 1491 1472 1489 1501
f 1492 1472 1491
f 1473 1472 1492
f 1475 1473 1492 1493
f 1476 1475 1493
f 1494 1476 1493
f 1479 1476 1494 1495
f 1495 1477 1479
f 1478 1477 1495
f 1496 1478 1495 1494 1506 1509
f 1482 1478 1496 1497
f 1481 1478 1482
f 1480 1478 1481
f 1483 1482 1484
f 1498 1482 1497 1516
f 1484 1482 1498
f 1485 1484 1498
f 1499 1485 1498
f 1500 1485 1499
f 1488 1485 1500
f 1486 1485 1488
f 1490 1487 1489
f 1489 1488 1500
f 1499 1489 1500
f 1501 1489 1499
f 1502 1491 1501 1499 1517 1518
f 1492 1491 1502 1503
f 1504 1492 1503
f 1493 1492 1504
f 1505 1493 1504
f 1494 1493 1505 1506
f 1508 1496 1507
f 1497 1496 1508
f 1510 1496 1509
f 1511 1496 1510
f 1512 1496 1511
f 1507 1496 1512
f 1513 1497 1508
f 1514 1497 1513
f 1515 1497 1514
f 1516 1497 1515
f 1499 1498 1516 1517
f 1519 1502 1518 1539
f 1503 1502 1519
f 1520 1503 1519
f 1505 1503 1520 1521
f 1504 1503 1505
f 1522 1505 1521
f 1506 1505 1522
f 1509 1506 1522 1530
f 1523 1507 1512
f 1524 1507 1523
f 1525 1507 1524
f 1508 1507 1525
f 1526 1508 1525
f 1527 1508 1526
f 1528 1508 1527
f 1529 1508 1528
f 1513 1508 1529
f 1531 1509 1530
f 1510 1509 1531
f 1511 1510 1531
f 1512 1511 1531
f 1532 1512 1531
f 1533 1512 1532
f 1523 1512 1533
f 1535 1513 1534
f 1536 1513 1535
f 1514 1513 1536
f 1534 1513 1529
f 1515 1514 1536
f 1516 1515 1536
f 1517 1516 1537
f 1537 1516 1536
f 1539 1517 1538
f 1518 1517 1539
f 1538 1517 1537
f 1520 1519 1540
f 1540 1519 1539
f 1541 1520 1540
f 1521 1520 1541
f 1542 1521 1541
f 1522 1521 1542
f 1543 1522 1542
f 1532 1522 1543
f 1530 1522 1532
f 1544 1523 1533
f 1524 1523 1544
f 1525 1524 1544
f 1526 1525 1544
f 1545 1526 1544
f 1546 1526 1545
f 1527 1526 1546
f 1528 1527 1546
f 1529 1528 1546
f 1534 1529 1546
f 1531 1530 1532
f 1542 1532 1543
f 1541 1532 1542
f 1535 1532 1541 1540
f 1533 1532 1535
f 1534 1533 1535
f 1546 1533 1534
f 1544 1533 1546
f 1536 1535 1547
f 1547 1535 1540
f 1548 1536 1547
f 1537 1536 1548
f 1550 1537 1549
f 1538 1537 1550
f 1551 1537 1548
f 1549 1537 1551
f 1539 1538 1550
f 1552 1539 1550
f 1540 1539 1552
f 1547 1540 1552
f 1545 1544 1546
f 1548 1547 1553
f 1553 1547 1552
f 1551 1548 1553
f 1553 1549 1551
f 1550 1549 1553
f 1552 1550 1553
f 1556 1554 1555 1571
f 1557 1554 1556
f 1558 1554 1557
f 1559 1554 1558
f 1560 1554 1559
f 1561 1554 1560
f 1562 1554 1561
f 1563 1554 1562
f 1564 1554 1563
f 1555 1554 1564
f 1565 1555 1564
f 1566 1555 1565
f 1567 1555 1566
f 1568 1555 1567
f 1569 1555 1568
f 1570 1555 1569
f 1571 1555 1570
f 1573 1556 1572
f 1574 1556 1573
f 1557 1556 1574
f 1575 1556 1571
f 1576 1556 1575
f 1577 1556 1576
f 1572 1556 1577
f 1579 1557 1578
f 1558 1557 1579
f 1578 1557 1574
f 1559 1558 1579
f 1560 1559 1579
f 1581 1560 1580
f 1561 1560 1581
f 1582 1560 1579
f 1580 1560 1582
f 1583 1561 1581
f 1562 1561 1583
f 1563 1562 1583
f 1564 1563 1583
f 1584 1564 1583
f 1565 1564 1584
f 1566 1565 1584
f 1586 1566 1585
f 1567 1566 1586
f 1587 1566 1584
f 1585 1566 1587
f 1588 1567 1586
f 1568 1567 1588
f 1569 1568 1588
f 1589 1569 1588
f 1570 1569 1589
f 1571 1570 1590
f 1591 1570 1589
f 1592 1570 1591
f 1590 1570 1592
f 1593 1571 1590
f 1592 1571 1593
f 1575 1571 1592
f 1576 1572 1577
f 1578 1572 1576
f 1573 1572 1578
f 1574 1573 1578
f 1594 1575 1592 1605
f 1595 1575 1594
f 1576 1575 1595
f 1578 1576 1595 1596
f 1597 1578 1596
f 1598 1578 1597
f 1579 1578 1598
f 1582 1579 1598 1599
f 1599 1580 1582
f 1581 1580 1599
f 1600 1581 1599 1598 1611 1614
f 1587 1581 1600 1602
f 1584 1581 1587
f 1583 1581 1584
f 1586 1585 1587
f 1601 1586 1587
f 1588 1586 1601
f 1601 1587 1602 1618
f 1603 1588 1601
f 1604 1588 1603
f 1591 1588 1604
f 1589 1588 1591
f 1593 1590 1592
f 1592 1591 1604
f 1603 1592 1604
f 1605 1592 1603
f 1606 1594 1605 1603 1622 1623
f 1595 1594 1606 1607
f 1596 1595 1607 1626 1610 1608
f 1597 1596 1608
f 1598 1597 1609 1611
f 1610 1597 1608
f 1609 1597 1610
f 1613 1600 1612
f 1602 1600 1613
f 1615 1600 1614
f 1616 1600 1615
f 1617 1600 1616
f 1612 1600 1617
f 1603 1601 1618 1622
f 1619 1602 1613
f 1620 1602 1619
f 1621 1602 1620
f 1618 1602 1621
f 1624 1606 1623 1646
f 1607 1606 1624
f 1625 1607 1624
f 1626 1607 1625 1627
f 1611 1609 1627
f 1626 1609 1610
f 1627 1609 1626
f 1614 1611 1628 1637
f 1628 1611 1627
f 1629 1612 1617
f 1630 1612 1629
f 1631 1612 1630
f 1632 1612 1631
f 1613 1612 1632
f 1633 1613 1632
f 1634 1613 1633
f 1635 1613 1634
f 1636 1613 1635
f 1619 1613 1636
f 1638 1614 1637
f 1615 1614 1638
f 1616 1615 1638
f 1617 1616 1638
f 1639 1617 1638
f 1640 1617 1639
f 1629 1617 1640
f 1622 1618 1641
f 1642 1618 1621
f 1641 1618 1642
f 1644 1619 1643
f 1642 1619 1644
f 1620 1619 1642
f 1643 1619 1636
f 1621 1620 1642
f 1646 1622 1645
f 1623 1622 1646
f 1645 1622 1641
f 1625 1624 1647
f 1647 1624 1646
f 1648 1625 1647
f 1627 1625 1648
f 1649 1627 1648
f 1628 1627 1649
f 1650 1628 1649
f 1639 1628 1650
f 1637 1628 1639
f 1651 1629 1640
f 1630 1629 1651
f 1631 1630 1651
f 1632 1631 1651
f 1652 1632 1651
f 1633 1632 1652
f 1653 1633 1652
f 1634 1633 1653
f 1635 1634 1653
f 1636 1635 1653
f 1643 1636 1653
f 1638 1637 1639
f 1648 1639 1650
f 1644 1639 1648 1647
f 1640 1639 1644
f 1643 1640 1644
f 1653 1640 1643
f 1651 1640 1653
f 1655 1641 1654
f 1645 1641 1655
f 1656 1641 1642
f 1657 1641 1656
f 1654 1641 1657
f 1658 1642 1644
f 1656 1642 1658
f 1659 1644 1647
f 1658 1644 1659
f 1646 1645 1655
f 1659 1646 1655
f 1647 1646 1659
f 1649 1648 1650
f 1652 1651 1653
f 1660 1654 1657
f 1655 1654 1660
f 1659 1655 1660
f 1660 1656 1658
f 1657 1656 1660
f 1660 1658 1659
f 1662 1663 1664
f 1686 1687 1685
f 1691 1802 1690
f 1703 1700 1701
f 1700 1703 1702
f 1705 1704 1706
f 1707 1705 1706
f 1883 1708 1779
f 1808 1711 1816
f 1876 1761 1834
f 1718 1715 1727
f 1721 1719 1729
f 1878 1719 1721
f 1722 1878 1721
f 1784 1862 1783
f 1709 1797 1724
f 1726 1727 1806
f 1733 1728 1732
f 1728 1733 1833
f 1863 1722 1784
f 1845 1723 1733
f 1731 1809 1848
f 1723 1832 1864
f 1731 1734 1845
f 1732 1731 1845
f 1730 1734 1852
f 1853 1735 1860
f 1662 1664 1661
f 1661 1663 1662
f 1661 1664 1663
f 1668 1667 1665
f 1666 1668 1665
f 1667 1666 1665
f 1667 1668 1666
f 1671 1670 1669
f 1669 1670 1672
f 1672 1671 1669
f 1670 1671 1672
f 1674 1675 1673
f 1674 1676 1675
f 1673 1676 1674
f 1675 1676 1673
f 1680 1678 1677
f 1680 1679 1678
f 1678 1679 1677
f 1677 1679 1680
f 1682 1684 1681
f 1683 1681 1684
f 1681 1683 1682
f 1684 1682 1683
f 1687 1686 1688
f 1685 1687 1688
f 1688 1686 1685
f 1802 1689 1690
f 1689 1691 1690
f 1692 1694 1693
f 1693 1695 1692
f 1695 1694 1692
f 1695 1693 1694
f 1698 1697 1696
f 1696 1697 1699
f 1699 1698 1696
f 1698 1699 1697
f 1700 1702 1701
f 1702 1703 1701
f 1704 1705 1707
f 1704 1707 1706
f 1750 1708 1883
f 1795 1713 1803
f 1788 1711 1808
f 1711 1788 1869
f 1712 1847 1868
f 1842 1714 1804
f 1773 1725 1842
f 1735 1725 1773
f 1868 1719 1712
f 1782 1719 1868
f 1821 1728 1790
f 1798 1791 1792
f 1709 1870 1882
f 1806 1716 1714
f 1717 1716 1794
f 1725 1806 1714
f 1722 1720 1878
f 1798 1720 1797
f 1741 1737 1817
f 1721 1729 1862
f 1858 1734 1848
f 1730 1723 1845
f 1860 1735 1773
f 1738 1822 1881
f 1737 1738 1818
f 1736 1826 1739
f 1867 1739 1826
f 1736 1829 1826
f 1767 1760 1819
f 1879 1881 1851
f 1865 1875 1743
f 1881 1877 1851
f 1742 1855 1746
f 1877 1747 1851
f 1748 1789 1872
f 1748 1749 1871
f 1749 1750 1796
f 1717 1751 1804
f 1805 1753 1812
f 1839 1769 1838
f 1766 1825 1785
f 1824 1752 1768
f 1753 1793 1834
f 1812 1761 1816
f 1799 1755 1830
f 1814 1776 1747
f 1758 1757 1835
f 1756 1820 1759
f 1820 1836 1827
f 1818 1764 1765
f 1810 1764 1786
f 1834 1761 1753
f 1729 1762 1880
f 1763 1822 1823
f 1760 1763 1823
f 1866 1758 1835
f 1831 1759 1785
f 1764 1810 1765
f 1754 1765 1811
f 1836 1820 1756
f 1755 1864 1766
f 1767 1809 1821
f 1774 1767 1781
f 1761 1787 1850
f 1767 1774 1809
f 1855 1754 1780
f 1752 1807 1768
f 1852 1768 1807
f 1758 1866 1860
f 1805 1840 1839
f 1769 1840 1869
f 1871 1770 1841
f 1756 1770 1836
f 1838 1757 1843
f 1750 1771 1796
f 1846 1780 1754
f 1764 1775 1786
f 1849 1762 1782
f 1861 1772 1777
f 1772 1852 1858
f 1852 1772 1768
f 1776 1786 1775
f 1849 1779 1877
f 1853 1780 1846
f 1857 1859 1781
f 1857 1781 1742
f 1781 1859 1774
f 1857 1777 1859
f 1853 1778 1780
f 1729 1782 1762
f 1778 1860 1875
f 1784 1783 1833
f 1864 1784 1833
f 1759 1820 1785
f 1785 1820 1830
f 1877 1779 1708
f 1787 1761 1876
f 1753 1805 1751
f 1873 1788 1789
f 1788 1873 1869
f 1770 1871 1836
f 1769 1869 1844
f 1757 1838 1835
f 1813 1856 1787
f 1788 1815 1789
f 1789 1815 1795
f 1790 1783 1880
f 1771 1847 1882
f 1882 1847 1792
f 1715 1800 1794
f 1717 1794 1793
f 1800 1715 1718
f 1750 1749 1854
f 1789 1795 1872
f 1882 1870 1796
f 1871 1796 1870
f 1791 1797 1709
f 1720 1798 1878
f 1771 1882 1796
f 1854 1872 1795
f 1830 1724 1799
f 1799 1724 1801
f 1800 1834 1793
f 1800 1793 1794
f 1720 1722 1801
f 1799 1801 1863
f 1797 1720 1801
f 1691 1689 1802
f 1797 1801 1724
f 1797 1791 1798
f 1814 1708 1803
f 1795 1803 1854
f 1717 1804 1716
f 1829 1740 1874
f 1874 1740 1838
f 1842 1804 1843
f 1812 1711 1805
f 1794 1806 1715
f 1832 1807 1825
f 1867 1752 1824
f 1739 1837 1866
f 1860 1866 1837
f 1788 1808 1815
f 1728 1809 1732
f 1718 1810 1710
f 1765 1828 1811
f 1727 1811 1718
f 1834 1800 1710
f 1876 1786 1813
f 1786 1876 1710
f 1803 1856 1814
f 1776 1814 1813
f 1808 1713 1815
f 1761 1812 1753
f 1765 1754 1817
f 1817 1754 1855
f 1811 1727 1846
f 1737 1741 1819
f 1819 1741 1781
f 1799 1863 1755
f 1766 1864 1832
f 1786 1776 1813
f 1747 1708 1814
f 1757 1758 1842
f 1756 1759 1826
f 1724 1827 1709
f 1870 1709 1827
f 1765 1810 1828
f 1738 1737 1823
f 1763 1760 1821
f 1817 1737 1818
f 1850 1816 1761
f 1762 1822 1763
f 1862 1729 1880
f 1821 1790 1763
f 1762 1849 1822
f 1822 1738 1823
f 1760 1823 1819
f 1879 1764 1818
f 1860 1773 1758
f 1736 1866 1835
f 1807 1752 1825
f 1825 1752 1785
f 1867 1826 1831
f 1829 1756 1826
f 1823 1737 1819
f 1827 1724 1820
f 1816 1711 1812
f 1793 1753 1717
f 1817 1855 1741
f 1767 1821 1760
f 1818 1765 1817
f 1810 1718 1828
f 1811 1828 1718
f 1736 1835 1740
f 1830 1755 1766
f 1785 1830 1766
f 1785 1752 1831
f 1867 1831 1752
f 1832 1723 1730
f 1807 1832 1730
f 1819 1781 1767
f 1742 1741 1855
f 1741 1742 1781
f 1811 1846 1754
f 1821 1809 1728
f 1829 1736 1740
f 1810 1786 1710
f 1808 1816 1850
f 1809 1731 1732
f 1772 1824 1768
f 1837 1739 1743
f 1875 1837 1743
f 1843 1751 1839
f 1805 1839 1751
f 1805 1711 1840
f 1840 1711 1869
f 1874 1841 1829
f 1756 1829 1770
f 1871 1870 1836
f 1874 1748 1841
f 1841 1748 1871
f 1804 1751 1843
f 1869 1873 1844
f 1874 1844 1748
f 1801 1722 1863
f 1842 1758 1773
f 1732 1845 1733
f 1809 1774 1848
f 1842 1725 1714
f 1883 1868 1847
f 1822 1849 1881
f 1824 1772 1865
f 1726 1846 1727
f 1787 1713 1850
f 1808 1850 1713
f 1775 1879 1851
f 1727 1715 1806
f 1879 1775 1764
f 1827 1836 1870
f 1804 1714 1716
f 1772 1858 1777
f 1777 1744 1861
f 1735 1853 1726
f 1745 1778 1875
f 1875 1744 1745
f 1858 1852 1734
f 1837 1875 1860
f 1750 1854 1708
f 1776 1775 1851
f 1725 1726 1806
f 1848 1734 1731
f 1845 1734 1730
f 1726 1725 1735
f 1865 1743 1824
f 1868 1779 1782
f 1881 1849 1877
f 1742 1745 1857
f 1846 1726 1853
f 1803 1713 1856
f 1807 1730 1852
f 1833 1733 1723
f 1772 1861 1865
f 1803 1708 1854
f 1780 1746 1855
f 1777 1858 1859
f 1744 1857 1745
f 1745 1742 1746
f 1746 1780 1778
f 1858 1848 1859
f 1774 1859 1848
f 1782 1729 1719
f 1779 1849 1782
f 1778 1853 1860
f 1744 1865 1861
f 1744 1875 1865
f 1862 1784 1722
f 1721 1862 1722
f 1728 1833 1783
f 1755 1863 1864
f 1863 1784 1864
f 1864 1833 1723
f 1826 1759 1831
f 1866 1736 1739
f 1832 1825 1766
f 1824 1743 1867
f 1739 1867 1743
f 1830 1820 1724
f 1883 1779 1868
f 1708 1747 1877
f 1718 1710 1800
f 1751 1717 1753
f 1789 1748 1873
f 1872 1854 1749
f 1748 1872 1749
f 1844 1873 1748
f 1829 1841 1770
f 1843 1757 1842
f 1839 1840 1769
f 1839 1838 1843
f 1835 1838 1740
f 1838 1769 1874
f 1844 1874 1769
f 1857 1744 1777
f 1813 1787 1876
f 1856 1713 1787
f 1814 1856 1813
f 1851 1747 1776
f 1798 1712 1878
f 1719 1878 1712
f 1795 1815 1713
f 1796 1871 1749
f 1818 1738 1879
f 1763 1790 1880
f 1790 1728 1783
f 1763 1880 1762
f 1879 1738 1881
f 1862 1880 1783
f 1876 1834 1710
f 1882 1791 1709
f 1792 1712 1798
f 1882 1792 1791
f 1792 1847 1712
f 1847 1771 1883
f 1750 1883 1771
f 1806 1794 1716
f 1746 1778 1745
